Scenario,Repetition,SourceFile,RunId,Timestamp,ElapsedSec,ServiceName,ServiceStatus,VR_Client_ProcessCount,VR_Client_PIDs,VR_Client_CPU_Percent,VR_Client_RAM_MB,VR_Client_WorkingSet_MB,VR_Client_PrivateMemory_MB,VR_Client_Handles,VR_Client_Threads,VR_Client_IO_Read_BytesSec,VR_Client_IO_Write_BytesSec,VR_Client_IO_Total_BytesSec,VR_ServerGUI_ProcessCount,VR_ServerGUI_PIDs,VR_ServerGUI_CPU_Percent,VR_ServerGUI_RAM_MB,VR_Other_ProcessCount,VR_Total_IncludingServer_ProcessCount,VR_Total_IncludingServer_CPU_Percent,VR_Total_IncludingServer_RAM_MB,System_CPU_Percent,System_CPU_Available,System_RAM_Used_MB,System_RAM_Free_MB,System_RAM_Available,System_Disk_BytesSec,System_Disk_Available,System_Net_BytesSec,System_Net_Available,ProcessPerf_Available,RunnerActive
BASELINE_NO_VR,1,<RAIZ_TFM>\06_CONTROLLED_RERUN\OUTPUT\BENCHMARK\BENCH_20260619_FINAL01\REP_01\BASELINE_NO_VR\TFM_BENCH_BASELINE_NO_VR_20260619_130840\samples.csv,TFM_BENCH_BASELINE_NO_VR_20260619_130840,2026-06-19T13:08:42.0315041+02:00,0,Velociraptor,Stopped,0,,0,0,0,0,0,0,0,0,0,1,2880,0,123.37,0,0,0,0,7,true,3862.51,2137.04,true,297395,true,1048,true,true,false
BASELINE_NO_VR,1,<RAIZ_TFM>\06_CONTROLLED_RERUN\OUTPUT\BENCHMARK\BENCH_20260619_FINAL01\REP_01\BASELINE_NO_VR\TFM_BENCH_BASELINE_NO_VR_20260619_130840\samples.csv,TFM_BENCH_BASELINE_NO_VR_20260619_130840,2026-06-19T13:08:52.5234454+02:00,10.49,Velociraptor,Stopped,0,,0,0,0,0,0,0,0,0,0,1,2880,0,124.56,0,0,0,0,10,true,3870.16,2129.39,true,1028739,true,0,true,true,false
BASELINE_NO_VR,1,<RAIZ_TFM>\06_CONTROLLED_RERUN\OUTPUT\BENCHMARK\BENCH_20260619_FINAL01\REP_01\BASELINE_NO_VR\TFM_BENCH_BASELINE_NO_VR_20260619_130840\samples.csv,TFM_BENCH_BASELINE_NO_VR_20260619_130840,2026-06-19T13:08:56.4988866+02:00,14.47,Velociraptor,Stopped,0,,0,0,0,0,0,0,0,0,0,1,2880,0,124.61,0,0,0,0,20,true,3867.88,2131.67,true,0,true,0,true,true,false
BASELINE_NO_VR,1,<RAIZ_TFM>\06_CONTROLLED_RERUN\OUTPUT\BENCHMARK\BENCH_20260619_FINAL01\REP_01\BASELINE_NO_VR\TFM_BENCH_BASELINE_NO_VR_20260619_130840\samples.csv,TFM_BENCH_BASELINE_NO_VR_20260619_130840,2026-06-19T13:09:00.7434723+02:00,18.71,Velociraptor,Stopped,0,,0,0,0,0,0,0,0,0,0,1,2880,0,148.07,0,0,0,0,15,true,3886.47,2113.08,true,0,true,459,true,true,false
BASELINE_NO_VR,1,<RAIZ_TFM>\06_CONTROLLED_RERUN\OUTPUT\BENCHMARK\BENCH_20260619_FINAL01\REP_01\BASELINE_NO_VR\TFM_BENCH_BASELINE_NO_VR_20260619_130840\samples.csv,TFM_BENCH_BASELINE_NO_VR_20260619_130840,2026-06-19T13:09:05.0889820+02:00,23.06,Velociraptor,Stopped,0,,0,0,0,0,0,0,0,0,0,1,2880,0,150.7,0,0,0,0,14,true,3887.31,2112.24,true,0,true,0,true,true,false
BASELINE_NO_VR,1,<RAIZ_TFM>\06_CONTROLLED_RERUN\OUTPUT\BENCHMARK\BENCH_20260619_FINAL01\REP_01\BASELINE_NO_VR\TFM_BENCH_BASELINE_NO_VR_20260619_130840\samples.csv,TFM_BENCH_BASELINE_NO_VR_20260619_130840,2026-06-19T13:09:09.0602736+02:00,27.03,Velociraptor,Stopped,0,,0,0,0,0,0,0,0,0,0,1,2880,0,150.73,0,0,0,0,9,true,3881.64,2117.91,true,0,true,0,true,true,false
BASELINE_NO_VR,1,<RAIZ_TFM>\06_CONTROLLED_RERUN\OUTPUT\BENCHMARK\BENCH_20260619_FINAL01\REP_01\BASELINE_NO_VR\TFM_BENCH_BASELINE_NO_VR_20260619_130840\samples.csv,TFM_BENCH_BASELINE_NO_VR_20260619_130840,2026-06-19T13:09:12.8803715+02:00,30.85,Velociraptor,Stopped,0,,0,0,0,0,0,0,0,0,0,1,2880,0,123.64,0,0,0,0,5,true,3864.81,2134.74,true,0,true,0,true,true,false
BASELINE_NO_VR,1,<RAIZ_TFM>\06_CONTROLLED_RERUN\OUTPUT\BENCHMARK\BENCH_20260619_FINAL01\REP_01\BASELINE_NO_VR\TFM_BENCH_BASELINE_NO_VR_20260619_130840\samples.csv,TFM_BENCH_BASELINE_NO_VR_20260619_130840,2026-06-19T13:09:16.6792105+02:00,34.65,Velociraptor,Stopped,0,,0,0,0,0,0,0,0,0,0,1,2880,0,123.64,0,0,0,0,0,true,3869.94,2129.61,true,0,true,0,true,true,false
BASELINE_NO_VR,1,<RAIZ_TFM>\06_CONTROLLED_RERUN\OUTPUT\BENCHMARK\BENCH_20260619_FINAL01\REP_01\BASELINE_NO_VR\TFM_BENCH_BASELINE_NO_VR_20260619_130840\samples.csv,TFM_BENCH_BASELINE_NO_VR_20260619_130840,2026-06-19T13:09:20.1790198+02:00,38.15,Velociraptor,Stopped,0,,0,0,0,0,0,0,0,0,0,1,2880,0,120.89,0,0,0,0,10,true,3873.89,2125.66,true,589775,true,0,true,true,false
BASELINE_NO_VR,1,<RAIZ_TFM>\06_CONTROLLED_RERUN\OUTPUT\BENCHMARK\BENCH_20260619_FINAL01\REP_01\BASELINE_NO_VR\TFM_BENCH_BASELINE_NO_VR_20260619_130840\samples.csv,TFM_BENCH_BASELINE_NO_VR_20260619_130840,2026-06-19T13:09:23.5967619+02:00,41.57,Velociraptor,Stopped,0,,0,0,0,0,0,0,0,0,0,1,2880,0,120.89,0,0,0,0,0,true,3868.71,2130.84,true,0,true,0,true,true,false
BASELINE_NO_VR,1,<RAIZ_TFM>\06_CONTROLLED_RERUN\OUTPUT\BENCHMARK\BENCH_20260619_FINAL01\REP_01\BASELINE_NO_VR\TFM_BENCH_BASELINE_NO_VR_20260619_130840\samples.csv,TFM_BENCH_BASELINE_NO_VR_20260619_130840,2026-06-19T13:09:26.9508808+02:00,44.92,Velociraptor,Stopped,0,,0,0,0,0,0,0,0,0,0,1,2880,0,120.91,0,0,0,0,0,true,3876.05,2123.5,true,0,true,0,true,true,false
BASELINE_NO_VR,1,<RAIZ_TFM>\06_CONTROLLED_RERUN\OUTPUT\BENCHMARK\BENCH_20260619_FINAL01\REP_01\BASELINE_NO_VR\TFM_BENCH_BASELINE_NO_VR_20260619_130840\samples.csv,TFM_BENCH_BASELINE_NO_VR_20260619_130840,2026-06-19T13:09:30.0499736+02:00,48.02,Velociraptor,Stopped,0,,0,0,0,0,0,0,0,0,0,1,2880,0,123.41,0,0,0,0,0,true,3874.42,2125.13,true,168138,true,354,true,true,false
BASELINE_NO_VR,1,<RAIZ_TFM>\06_CONTROLLED_RERUN\OUTPUT\BENCHMARK\BENCH_20260619_FINAL01\REP_01\BASELINE_NO_VR\TFM_BENCH_BASELINE_NO_VR_20260619_130840\samples.csv,TFM_BENCH_BASELINE_NO_VR_20260619_130840,2026-06-19T13:09:33.1203380+02:00,51.09,Velociraptor,Stopped,0,,0,0,0,0,0,0,0,0,0,1,2880,0,151.35,0,0,0,0,0,true,3900.04,2099.51,true,0,true,0,true,true,false
BASELINE_NO_VR,1,<RAIZ_TFM>\06_CONTROLLED_RERUN\OUTPUT\BENCHMARK\BENCH_20260619_FINAL01\REP_01\BASELINE_NO_VR\TFM_BENCH_BASELINE_NO_VR_20260619_130840\samples.csv,TFM_BENCH_BASELINE_NO_VR_20260619_130840,2026-06-19T13:09:36.3694834+02:00,54.34,Velociraptor,Stopped,0,,0,0,0,0,0,0,0,0,0,1,2880,0,151.35,0,0,0,0,0,true,3902.58,2096.97,true,0,true,0,true,true,false
BASELINE_NO_VR,1,<RAIZ_TFM>\06_CONTROLLED_RERUN\OUTPUT\BENCHMARK\BENCH_20260619_FINAL01\REP_01\BASELINE_NO_VR\TFM_BENCH_BASELINE_NO_VR_20260619_130840\samples.csv,TFM_BENCH_BASELINE_NO_VR_20260619_130840,2026-06-19T13:09:39.7878457+02:00,57.76,Velociraptor,Stopped,0,,0,0,0,0,0,0,0,0,0,1,2880,0,120.89,0,0,0,0,0,true,3883.03,2116.52,true,0,true,0,true,true,false
BASELINE_NO_VR,1,<RAIZ_TFM>\06_CONTROLLED_RERUN\OUTPUT\BENCHMARK\BENCH_20260619_FINAL01\REP_01\BASELINE_NO_VR\TFM_BENCH_BASELINE_NO_VR_20260619_130840\samples.csv,TFM_BENCH_BASELINE_NO_VR_20260619_130840,2026-06-19T13:09:43.1925838+02:00,61.16,Velociraptor,Stopped,0,,0,0,0,0,0,0,0,0,0,1,2880,0,125.11,0,0,0,0,2,true,3863.29,2136.26,true,0,true,495,true,true,false
BASELINE_NO_VR,1,<RAIZ_TFM>\06_CONTROLLED_RERUN\OUTPUT\BENCHMARK\BENCH_20260619_FINAL01\REP_01\BASELINE_NO_VR\TFM_BENCH_BASELINE_NO_VR_20260619_130840\samples.csv,TFM_BENCH_BASELINE_NO_VR_20260619_130840,2026-06-19T13:09:46.8315092+02:00,64.8,Velociraptor,Stopped,0,,0,0,0,0,0,0,0,0,0,1,2880,0,149.52,0,0,0,0,8,true,3853.85,2145.7,true,0,true,0,true,true,false
BASELINE_NO_VR,1,<RAIZ_TFM>\06_CONTROLLED_RERUN\OUTPUT\BENCHMARK\BENCH_20260619_FINAL01\REP_01\BASELINE_NO_VR\TFM_BENCH_BASELINE_NO_VR_20260619_130840\samples.csv,TFM_BENCH_BASELINE_NO_VR_20260619_130840,2026-06-19T13:09:50.6959957+02:00,68.66,Velociraptor,Stopped,0,,0,0,0,0,0,0,0,0,0,1,2880,10,120.96,0,0,0,0,10,true,3866.86,2132.69,true,0,true,0,true,true,false
BASELINE_NO_VR,1,<RAIZ_TFM>\06_CONTROLLED_RERUN\OUTPUT\BENCHMARK\BENCH_20260619_FINAL01\REP_01\BASELINE_NO_VR\TFM_BENCH_BASELINE_NO_VR_20260619_130840\samples.csv,TFM_BENCH_BASELINE_NO_VR_20260619_130840,2026-06-19T13:09:54.5071075+02:00,72.48,Velociraptor,Stopped,0,,0,0,0,0,0,0,0,0,0,1,2880,0,120.96,0,0,0,0,12,true,3859.94,2139.61,true,0,true,0,true,true,false
BASELINE_NO_VR,1,<RAIZ_TFM>\06_CONTROLLED_RERUN\OUTPUT\BENCHMARK\BENCH_20260619_FINAL01\REP_01\BASELINE_NO_VR\TFM_BENCH_BASELINE_NO_VR_20260619_130840\samples.csv,TFM_BENCH_BASELINE_NO_VR_20260619_130840,2026-06-19T13:09:58.6193059+02:00,76.59,Velociraptor,Stopped,0,,0,0,0,0,0,0,0,0,0,1,2880,0,120.64,0,0,0,0,12,true,3864.82,2134.73,true,0,true,0,true,true,false
BASELINE_NO_VR,1,<RAIZ_TFM>\06_CONTROLLED_RERUN\OUTPUT\BENCHMARK\BENCH_20260619_FINAL01\REP_01\BASELINE_NO_VR\TFM_BENCH_BASELINE_NO_VR_20260619_130840\samples.csv,TFM_BENCH_BASELINE_NO_VR_20260619_130840,2026-06-19T13:10:02.7491411+02:00,80.72,Velociraptor,Stopped,0,,0,0,0,0,0,0,0,0,0,1,2880,157,148,0,0,0,0,10,true,3884.05,2115.5,true,0,true,0,true,true,false
BASELINE_NO_VR,1,<RAIZ_TFM>\06_CONTROLLED_RERUN\OUTPUT\BENCHMARK\BENCH_20260619_FINAL01\REP_01\BASELINE_NO_VR\TFM_BENCH_BASELINE_NO_VR_20260619_130840\samples.csv,TFM_BENCH_BASELINE_NO_VR_20260619_130840,2026-06-19T13:10:06.8031282+02:00,84.77,Velociraptor,Stopped,0,,0,0,0,0,0,0,0,0,0,1,2880,0,148,0,0,0,0,0,true,3896.54,2103.01,true,0,true,0,true,true,false
BASELINE_NO_VR,1,<RAIZ_TFM>\06_CONTROLLED_RERUN\OUTPUT\BENCHMARK\BENCH_20260619_FINAL01\REP_01\BASELINE_NO_VR\TFM_BENCH_BASELINE_NO_VR_20260619_130840\samples.csv,TFM_BENCH_BASELINE_NO_VR_20260619_130840,2026-06-19T13:10:10.4590643+02:00,88.43,Velociraptor,Stopped,0,,0,0,0,0,0,0,0,0,0,1,2880,0,123.63,0,0,0,0,0,true,3869.79,2129.76,true,0,true,0,true,true,false
BASELINE_NO_VR,1,<RAIZ_TFM>\06_CONTROLLED_RERUN\OUTPUT\BENCHMARK\BENCH_20260619_FINAL01\REP_01\BASELINE_NO_VR\TFM_BENCH_BASELINE_NO_VR_20260619_130840\samples.csv,TFM_BENCH_BASELINE_NO_VR_20260619_130840,2026-06-19T13:10:14.1402219+02:00,92.11,Velociraptor,Stopped,0,,0,0,0,0,0,0,0,0,0,1,2880,0,128.1,0,0,0,0,20,true,3901.42,2098.13,true,348628,true,453,true,true,false
BASELINE_NO_VR,1,<RAIZ_TFM>\06_CONTROLLED_RERUN\OUTPUT\BENCHMARK\BENCH_20260619_FINAL01\REP_01\BASELINE_NO_VR\TFM_BENCH_BASELINE_NO_VR_20260619_130840\samples.csv,TFM_BENCH_BASELINE_NO_VR_20260619_130840,2026-06-19T13:10:18.0269808+02:00,96,Velociraptor,Stopped,0,,0,0,0,0,0,0,0,0,0,1,2880,0,130.41,1,1,0,71.68,51,true,3911.83,2087.72,true,0,true,0,true,true,false
BASELINE_NO_VR,1,<RAIZ_TFM>\06_CONTROLLED_RERUN\OUTPUT\BENCHMARK\BENCH_20260619_FINAL01\REP_01\BASELINE_NO_VR\TFM_BENCH_BASELINE_NO_VR_20260619_130840\samples.csv,TFM_BENCH_BASELINE_NO_VR_20260619_130840,2026-06-19T13:10:21.8410393+02:00,99.81,Velociraptor,Stopped,0,,0,0,0,0,0,0,0,0,0,1,2880,4,150.24,0,0,0,0,59,true,3921.35,2078.2,true,0,true,207,true,true,false
BASELINE_NO_VR,1,<RAIZ_TFM>\06_CONTROLLED_RERUN\OUTPUT\BENCHMARK\BENCH_20260619_FINAL01\REP_01\BASELINE_NO_VR\TFM_BENCH_BASELINE_NO_VR_20260619_130840\samples.csv,TFM_BENCH_BASELINE_NO_VR_20260619_130840,2026-06-19T13:10:25.7872493+02:00,103.76,Velociraptor,Stopped,0,,0,0,0,0,0,0,0,0,0,1,2880,0,150.24,0,0,0,0,3,true,3915.44,2084.11,true,0,true,0,true,true,false
BASELINE_NO_VR,1,<RAIZ_TFM>\06_CONTROLLED_RERUN\OUTPUT\BENCHMARK\BENCH_20260619_FINAL01\REP_01\BASELINE_NO_VR\TFM_BENCH_BASELINE_NO_VR_20260619_130840\samples.csv,TFM_BENCH_BASELINE_NO_VR_20260619_130840,2026-06-19T13:10:29.5564793+02:00,107.52,Velociraptor,Stopped,0,,0,0,0,0,0,0,0,0,0,1,2880,0,122.24,0,0,0,0,6,true,3881.24,2118.31,true,0,true,0,true,true,false
BASELINE_NO_VR,1,<RAIZ_TFM>\06_CONTROLLED_RERUN\OUTPUT\BENCHMARK\BENCH_20260619_FINAL01\REP_01\BASELINE_NO_VR\TFM_BENCH_BASELINE_NO_VR_20260619_130840\samples.csv,TFM_BENCH_BASELINE_NO_VR_20260619_130840,2026-06-19T13:10:33.3112563+02:00,111.28,Velociraptor,Stopped,0,,0,0,0,0,0,0,0,0,0,1,2880,0,134.85,0,0,0,0,55,true,3899.05,2100.5,true,15795,true,13814,true,true,false
BASELINE_NO_VR,1,<RAIZ_TFM>\06_CONTROLLED_RERUN\OUTPUT\BENCHMARK\BENCH_20260619_FINAL01\REP_01\BASELINE_NO_VR\TFM_BENCH_BASELINE_NO_VR_20260619_130840\samples.csv,TFM_BENCH_BASELINE_NO_VR_20260619_130840,2026-06-19T13:10:37.3653909+02:00,115.33,Velociraptor,Stopped,0,,0,0,0,0,0,0,0,0,0,1,2880,0,147.47,0,0,0,0,54,true,3943.39,2056.16,true,0,true,0,true,true,false
BASELINE_NO_VR,1,<RAIZ_TFM>\06_CONTROLLED_RERUN\OUTPUT\BENCHMARK\BENCH_20260619_FINAL01\REP_01\BASELINE_NO_VR\TFM_BENCH_BASELINE_NO_VR_20260619_130840\samples.csv,TFM_BENCH_BASELINE_NO_VR_20260619_130840,2026-06-19T13:10:41.4263150+02:00,119.39,Velociraptor,Stopped,0,,0,0,0,0,0,0,0,0,0,1,2880,0,125.29,0,0,0,0,21,true,3907.6,2091.95,true,0,true,0,true,true,false
BASELINE_NO_VR,1,<RAIZ_TFM>\06_CONTROLLED_RERUN\OUTPUT\BENCHMARK\BENCH_20260619_FINAL01\REP_01\BASELINE_NO_VR\TFM_BENCH_BASELINE_NO_VR_20260619_130840\samples.csv,TFM_BENCH_BASELINE_NO_VR_20260619_130840,2026-06-19T13:10:45.2244396+02:00,123.19,Velociraptor,Stopped,0,,0,0,0,0,0,0,0,0,0,1,2880,0,125.4,0,0,0,0,4,true,3881.8,2117.75,true,0,true,459,true,true,false
BASELINE_NO_VR,1,<RAIZ_TFM>\06_CONTROLLED_RERUN\OUTPUT\BENCHMARK\BENCH_20260619_FINAL01\REP_01\BASELINE_NO_VR\TFM_BENCH_BASELINE_NO_VR_20260619_130840\samples.csv,TFM_BENCH_BASELINE_NO_VR_20260619_130840,2026-06-19T13:10:48.8833065+02:00,126.85,Velociraptor,Stopped,0,,0,0,0,0,0,0,0,0,0,1,2880,0,123.04,0,0,0,0,3,true,3876.59,2122.96,true,1372312,true,0,true,true,false
BASELINE_NO_VR,1,<RAIZ_TFM>\06_CONTROLLED_RERUN\OUTPUT\BENCHMARK\BENCH_20260619_FINAL01\REP_01\BASELINE_NO_VR\TFM_BENCH_BASELINE_NO_VR_20260619_130840\samples.csv,TFM_BENCH_BASELINE_NO_VR_20260619_130840,2026-06-19T13:10:52.6971220+02:00,130.67,Velociraptor,Stopped,0,,0,0,0,0,0,0,0,0,0,1,2880,0,152.42,0,0,0,0,20,true,3901.53,2098.02,true,0,true,0,true,true,false
BASELINE_NO_VR,1,<RAIZ_TFM>\06_CONTROLLED_RERUN\OUTPUT\BENCHMARK\BENCH_20260619_FINAL01\REP_01\BASELINE_NO_VR\TFM_BENCH_BASELINE_NO_VR_20260619_130840\samples.csv,TFM_BENCH_BASELINE_NO_VR_20260619_130840,2026-06-19T13:10:56.4299857+02:00,134.4,Velociraptor,Stopped,0,,0,0,0,0,0,0,0,0,0,1,2880,0,152.42,0,0,0,0,7,true,3914.25,2085.3,true,0,true,0,true,true,false
BASELINE_NO_VR,1,<RAIZ_TFM>\06_CONTROLLED_RERUN\OUTPUT\BENCHMARK\BENCH_20260619_FINAL01\REP_01\BASELINE_NO_VR\TFM_BENCH_BASELINE_NO_VR_20260619_130840\samples.csv,TFM_BENCH_BASELINE_NO_VR_20260619_130840,2026-06-19T13:11:00.0935385+02:00,138.06,Velociraptor,Stopped,0,,0,0,0,0,0,0,0,0,0,1,2880,0,123.1,0,0,0,0,0,true,3881.28,2118.27,true,0,true,0,true,true,false
BASELINE_NO_VR,1,<RAIZ_TFM>\06_CONTROLLED_RERUN\OUTPUT\BENCHMARK\BENCH_20260619_FINAL01\REP_01\BASELINE_NO_VR\TFM_BENCH_BASELINE_NO_VR_20260619_130840\samples.csv,TFM_BENCH_BASELINE_NO_VR_20260619_130840,2026-06-19T13:11:03.7503595+02:00,141.72,Velociraptor,Stopped,0,,0,0,0,0,0,0,0,0,0,1,2880,0,126.41,0,0,0,0,0,true,3891.69,2107.86,true,0,true,0,true,true,false
BASELINE_NO_VR,1,<RAIZ_TFM>\06_CONTROLLED_RERUN\OUTPUT\BENCHMARK\BENCH_20260619_FINAL01\REP_01\BASELINE_NO_VR\TFM_BENCH_BASELINE_NO_VR_20260619_130840\samples.csv,TFM_BENCH_BASELINE_NO_VR_20260619_130840,2026-06-19T13:11:07.4227724+02:00,145.39,Velociraptor,Stopped,0,,0,0,0,0,0,0,0,0,0,1,2880,0,150.13,0,0,0,0,0,true,3907.11,2092.44,true,0,true,0,true,true,false
BASELINE_NO_VR,1,<RAIZ_TFM>\06_CONTROLLED_RERUN\OUTPUT\BENCHMARK\BENCH_20260619_FINAL01\REP_01\BASELINE_NO_VR\TFM_BENCH_BASELINE_NO_VR_20260619_130840\samples.csv,TFM_BENCH_BASELINE_NO_VR_20260619_130840,2026-06-19T13:11:11.2704541+02:00,149.24,Velociraptor,Stopped,0,,0,0,0,0,0,0,0,0,0,1,2880,0,121.89,0,0,0,0,10,true,3886.12,2113.43,true,0,true,0,true,true,false
BASELINE_NO_VR,1,<RAIZ_TFM>\06_CONTROLLED_RERUN\OUTPUT\BENCHMARK\BENCH_20260619_FINAL01\REP_01\BASELINE_NO_VR\TFM_BENCH_BASELINE_NO_VR_20260619_130840\samples.csv,TFM_BENCH_BASELINE_NO_VR_20260619_130840,2026-06-19T13:11:15.0988968+02:00,153.07,Velociraptor,Stopped,0,,0,0,0,0,0,0,0,0,0,1,2880,0,122,0,0,0,0,2,true,3895.98,2103.57,true,0,true,0,true,true,false
BASELINE_NO_VR,1,<RAIZ_TFM>\06_CONTROLLED_RERUN\OUTPUT\BENCHMARK\BENCH_20260619_FINAL01\REP_01\BASELINE_NO_VR\TFM_BENCH_BASELINE_NO_VR_20260619_130840\samples.csv,TFM_BENCH_BASELINE_NO_VR_20260619_130840,2026-06-19T13:11:18.8207735+02:00,156.79,Velociraptor,Stopped,0,,0,0,0,0,0,0,0,0,0,1,2880,11,124.84,0,0,0,0,3,true,3893.77,2105.78,true,400472,true,0,true,true,false
BASELINE_NO_VR,1,<RAIZ_TFM>\06_CONTROLLED_RERUN\OUTPUT\BENCHMARK\BENCH_20260619_FINAL01\REP_01\BASELINE_NO_VR\TFM_BENCH_BASELINE_NO_VR_20260619_130840\samples.csv,TFM_BENCH_BASELINE_NO_VR_20260619_130840,2026-06-19T13:11:22.4980907+02:00,160.47,Velociraptor,Stopped,0,,0,0,0,0,0,0,0,0,0,1,2880,0,152.47,0,0,0,0,1,true,3911.56,2087.99,true,14916,true,680,true,true,false
BASELINE_NO_VR,1,<RAIZ_TFM>\06_CONTROLLED_RERUN\OUTPUT\BENCHMARK\BENCH_20260619_FINAL01\REP_01\BASELINE_NO_VR\TFM_BENCH_BASELINE_NO_VR_20260619_130840\samples.csv,TFM_BENCH_BASELINE_NO_VR_20260619_130840,2026-06-19T13:11:26.1908971+02:00,164.16,Velociraptor,Stopped,0,,0,0,0,0,0,0,0,0,0,1,2880,0,152.47,0,0,0,0,4,true,3912.1,2087.45,true,0,true,0,true,true,false
BASELINE_NO_VR,1,<RAIZ_TFM>\06_CONTROLLED_RERUN\OUTPUT\BENCHMARK\BENCH_20260619_FINAL01\REP_01\BASELINE_NO_VR\TFM_BENCH_BASELINE_NO_VR_20260619_130840\samples.csv,TFM_BENCH_BASELINE_NO_VR_20260619_130840,2026-06-19T13:11:29.8485963+02:00,167.82,Velociraptor,Stopped,0,,0,0,0,0,0,0,0,0,0,1,2880,5,125.57,0,0,0,0,10,true,3895.41,2104.14,true,624711,true,350,true,true,false
BASELINE_NO_VR,1,<RAIZ_TFM>\06_CONTROLLED_RERUN\OUTPUT\BENCHMARK\BENCH_20260619_FINAL01\REP_01\BASELINE_NO_VR\TFM_BENCH_BASELINE_NO_VR_20260619_130840\samples.csv,TFM_BENCH_BASELINE_NO_VR_20260619_130840,2026-06-19T13:11:33.5170900+02:00,171.49,Velociraptor,Stopped,0,,0,0,0,0,0,0,0,0,0,1,2880,0,125.62,0,0,0,0,0,true,3899.96,2099.59,true,0,true,0,true,true,false
BASELINE_NO_VR,1,<RAIZ_TFM>\06_CONTROLLED_RERUN\OUTPUT\BENCHMARK\BENCH_20260619_FINAL01\REP_01\BASELINE_NO_VR\TFM_BENCH_BASELINE_NO_VR_20260619_130840\samples.csv,TFM_BENCH_BASELINE_NO_VR_20260619_130840,2026-06-19T13:11:37.1813266+02:00,175.15,Velociraptor,Stopped,0,,0,0,0,0,0,0,0,0,0,1,2880,0,149.53,0,0,0,0,2,true,3917.14,2082.41,true,0,true,0,true,true,false
BASELINE_NO_VR,1,<RAIZ_TFM>\06_CONTROLLED_RERUN\OUTPUT\BENCHMARK\BENCH_20260619_FINAL01\REP_01\BASELINE_NO_VR\TFM_BENCH_BASELINE_NO_VR_20260619_130840\samples.csv,TFM_BENCH_BASELINE_NO_VR_20260619_130840,2026-06-19T13:11:41.0615759+02:00,179.03,Velociraptor,Stopped,0,,0,0,0,0,0,0,0,0,0,1,2880,0,122.21,0,0,0,0,0,true,3904.33,2095.22,true,0,true,0,true,true,false
VR_IDLE,1,<RAIZ_TFM>\06_CONTROLLED_RERUN\OUTPUT\BENCHMARK\BENCH_20260619_FINAL01\REP_01\VR_IDLE\TFM_BENCH_VR_IDLE_20260619_131216\samples.csv,TFM_BENCH_VR_IDLE_20260619_131216,2026-06-19T13:12:47.0760650+02:00,0,Velociraptor,Running,1,1800,0,57.35,57.35,41.78,344,13,0,0,0,1,2880,0,126.77,0,1,0,57.35,8,true,3888.34,2111.21,true,0,true,0,true,true,false
VR_IDLE,1,<RAIZ_TFM>\06_CONTROLLED_RERUN\OUTPUT\BENCHMARK\BENCH_20260619_FINAL01\REP_01\VR_IDLE\TFM_BENCH_VR_IDLE_20260619_131216\samples.csv,TFM_BENCH_VR_IDLE_20260619_131216,2026-06-19T13:12:51.2752054+02:00,4.2,Velociraptor,Running,1,1800,0,57.35,57.35,41.78,344,13,0,0,0,1,2880,0,124.21,0,1,0,57.35,2,true,3887.26,2112.29,true,0,true,0,true,true,false
VR_IDLE,1,<RAIZ_TFM>\06_CONTROLLED_RERUN\OUTPUT\BENCHMARK\BENCH_20260619_FINAL01\REP_01\VR_IDLE\TFM_BENCH_VR_IDLE_20260619_131216\samples.csv,TFM_BENCH_VR_IDLE_20260619_131216,2026-06-19T13:12:54.9600552+02:00,7.88,Velociraptor,Running,1,1800,0,57.35,57.35,41.78,344,13,0,0,0,1,2880,0,151.92,0,1,0,57.35,3,true,3916.51,2083.04,true,0,true,0,true,true,false
VR_IDLE,1,<RAIZ_TFM>\06_CONTROLLED_RERUN\OUTPUT\BENCHMARK\BENCH_20260619_FINAL01\REP_01\VR_IDLE\TFM_BENCH_VR_IDLE_20260619_131216\samples.csv,TFM_BENCH_VR_IDLE_20260619_131216,2026-06-19T13:12:58.6257307+02:00,11.55,Velociraptor,Running,1,1800,0,57.35,57.35,41.78,344,13,0,0,0,1,2880,0,153.55,0,1,0,57.35,0,true,3894.21,2105.34,true,0,true,0,true,true,false
VR_IDLE,1,<RAIZ_TFM>\06_CONTROLLED_RERUN\OUTPUT\BENCHMARK\BENCH_20260619_FINAL01\REP_01\VR_IDLE\TFM_BENCH_VR_IDLE_20260619_131216\samples.csv,TFM_BENCH_VR_IDLE_20260619_131216,2026-06-19T13:13:02.3169035+02:00,15.24,Velociraptor,Running,1,1800,0,57.35,57.35,41.78,344,13,0,0,0,1,2880,0,126.82,0,1,0,57.35,0,true,3888.45,2111.1,true,0,true,1440,true,true,false
VR_IDLE,1,<RAIZ_TFM>\06_CONTROLLED_RERUN\OUTPUT\BENCHMARK\BENCH_20260619_FINAL01\REP_01\VR_IDLE\TFM_BENCH_VR_IDLE_20260619_131216\samples.csv,TFM_BENCH_VR_IDLE_20260619_131216,2026-06-19T13:13:06.0504578+02:00,18.97,Velociraptor,Running,1,1800,0,57.35,57.35,41.78,344,13,0,0,0,1,2880,0,126.88,0,1,0,57.35,2,true,3891.12,2108.43,true,251300,true,0,true,true,false
VR_IDLE,1,<RAIZ_TFM>\06_CONTROLLED_RERUN\OUTPUT\BENCHMARK\BENCH_20260619_FINAL01\REP_01\VR_IDLE\TFM_BENCH_VR_IDLE_20260619_131216\samples.csv,TFM_BENCH_VR_IDLE_20260619_131216,2026-06-19T13:13:09.7372703+02:00,22.66,Velociraptor,Running,1,1800,0,57.35,57.35,41.78,344,13,0,0,0,1,2880,0,148.93,0,1,0,57.35,1,true,3918.71,2080.84,true,0,true,0,true,true,false
VR_IDLE,1,<RAIZ_TFM>\06_CONTROLLED_RERUN\OUTPUT\BENCHMARK\BENCH_20260619_FINAL01\REP_01\VR_IDLE\TFM_BENCH_VR_IDLE_20260619_131216\samples.csv,TFM_BENCH_VR_IDLE_20260619_131216,2026-06-19T13:13:13.5222419+02:00,26.45,Velociraptor,Running,1,1800,0,57.54,57.54,41.91,348,13,0,0,0,1,2880,0,148.94,0,1,0,57.54,2,true,3914.46,2085.09,true,0,true,0,true,true,false
VR_IDLE,1,<RAIZ_TFM>\06_CONTROLLED_RERUN\OUTPUT\BENCHMARK\BENCH_20260619_FINAL01\REP_01\VR_IDLE\TFM_BENCH_VR_IDLE_20260619_131216\samples.csv,TFM_BENCH_VR_IDLE_20260619_131216,2026-06-19T13:13:17.2120458+02:00,30.14,Velociraptor,Running,1,1800,0,57.43,57.43,41.78,348,13,0,0,0,1,2880,0,148.94,0,1,0,57.43,0,true,3920.25,2079.3,true,0,true,0,true,true,false
VR_IDLE,1,<RAIZ_TFM>\06_CONTROLLED_RERUN\OUTPUT\BENCHMARK\BENCH_20260619_FINAL01\REP_01\VR_IDLE\TFM_BENCH_VR_IDLE_20260619_131216\samples.csv,TFM_BENCH_VR_IDLE_20260619_131216,2026-06-19T13:13:20.9325564+02:00,33.86,Velociraptor,Running,1,1800,0,57.43,57.43,41.78,348,13,0,0,0,1,2880,0,120.92,0,1,0,57.43,0,true,3894.85,2104.7,true,0,true,0,true,true,false
VR_IDLE,1,<RAIZ_TFM>\06_CONTROLLED_RERUN\OUTPUT\BENCHMARK\BENCH_20260619_FINAL01\REP_01\VR_IDLE\TFM_BENCH_VR_IDLE_20260619_131216\samples.csv,TFM_BENCH_VR_IDLE_20260619_131216,2026-06-19T13:13:24.6659828+02:00,37.59,Velociraptor,Running,1,1800,0,57.43,57.43,41.78,348,13,0,0,0,1,2880,50,150.7,0,1,0,57.43,56,true,3925.55,2074,true,16326,true,468,true,true,false
VR_IDLE,1,<RAIZ_TFM>\06_CONTROLLED_RERUN\OUTPUT\BENCHMARK\BENCH_20260619_FINAL01\REP_01\VR_IDLE\TFM_BENCH_VR_IDLE_20260619_131216\samples.csv,TFM_BENCH_VR_IDLE_20260619_131216,2026-06-19T13:13:28.4603250+02:00,41.38,Velociraptor,Running,1,1800,0,57.43,57.43,41.78,348,13,0,0,0,1,2880,0,151.66,0,1,0,57.43,2,true,3900.13,2099.42,true,40489,true,0,true,true,false
VR_IDLE,1,<RAIZ_TFM>\06_CONTROLLED_RERUN\OUTPUT\BENCHMARK\BENCH_20260619_FINAL01\REP_01\VR_IDLE\TFM_BENCH_VR_IDLE_20260619_131216\samples.csv,TFM_BENCH_VR_IDLE_20260619_131216,2026-06-19T13:13:32.1467177+02:00,45.07,Velociraptor,Running,1,1800,0,57.43,57.43,41.78,348,13,0,0,0,1,2880,17,125.05,0,1,0,57.43,3,true,3891.69,2107.86,true,0,true,0,true,true,false
VR_IDLE,1,<RAIZ_TFM>\06_CONTROLLED_RERUN\OUTPUT\BENCHMARK\BENCH_20260619_FINAL01\REP_01\VR_IDLE\TFM_BENCH_VR_IDLE_20260619_131216\samples.csv,TFM_BENCH_VR_IDLE_20260619_131216,2026-06-19T13:13:35.8243524+02:00,48.75,Velociraptor,Running,1,1800,0,57.43,57.43,41.78,348,13,0,0,0,1,2880,0,125.12,0,1,0,57.43,13,true,3904.22,2095.33,true,0,true,0,true,true,false
VR_IDLE,1,<RAIZ_TFM>\06_CONTROLLED_RERUN\OUTPUT\BENCHMARK\BENCH_20260619_FINAL01\REP_01\VR_IDLE\TFM_BENCH_VR_IDLE_20260619_131216\samples.csv,TFM_BENCH_VR_IDLE_20260619_131216,2026-06-19T13:13:39.6011247+02:00,52.53,Velociraptor,Running,1,1800,0,57.43,57.43,41.78,348,13,0,0,0,1,2880,0,123.65,0,1,0,57.43,1,true,3906.69,2092.86,true,0,true,0,true,true,false
VR_IDLE,1,<RAIZ_TFM>\06_CONTROLLED_RERUN\OUTPUT\BENCHMARK\BENCH_20260619_FINAL01\REP_01\VR_IDLE\TFM_BENCH_VR_IDLE_20260619_131216\samples.csv,TFM_BENCH_VR_IDLE_20260619_131216,2026-06-19T13:13:43.2727436+02:00,56.2,Velociraptor,Running,1,1800,0,57.35,57.35,41.68,346,13,0,0,0,1,2880,0,143.16,0,1,0,57.35,4,true,3924.5,2075.05,true,0,true,0,true,true,false
VR_IDLE,1,<RAIZ_TFM>\06_CONTROLLED_RERUN\OUTPUT\BENCHMARK\BENCH_20260619_FINAL01\REP_01\VR_IDLE\TFM_BENCH_VR_IDLE_20260619_131216\samples.csv,TFM_BENCH_VR_IDLE_20260619_131216,2026-06-19T13:13:46.9584751+02:00,59.88,Velociraptor,Running,1,1800,0,57.35,57.35,41.68,346,13,0,0,0,1,2880,0,146.16,0,1,0,57.35,2,true,3937.3,2062.25,true,0,true,0,true,true,false
VR_IDLE,1,<RAIZ_TFM>\06_CONTROLLED_RERUN\OUTPUT\BENCHMARK\BENCH_20260619_FINAL01\REP_01\VR_IDLE\TFM_BENCH_VR_IDLE_20260619_131216\samples.csv,TFM_BENCH_VR_IDLE_20260619_131216,2026-06-19T13:13:50.6409840+02:00,63.56,Velociraptor,Running,1,1800,0,57.35,57.35,41.68,346,13,0,0,0,1,2880,0,123.88,0,1,0,57.35,0,true,3913.43,2086.12,true,0,true,0,true,true,false
VR_IDLE,1,<RAIZ_TFM>\06_CONTROLLED_RERUN\OUTPUT\BENCHMARK\BENCH_20260619_FINAL01\REP_01\VR_IDLE\TFM_BENCH_VR_IDLE_20260619_131216\samples.csv,TFM_BENCH_VR_IDLE_20260619_131216,2026-06-19T13:13:54.3629857+02:00,67.29,Velociraptor,Running,1,1800,0,57.35,57.35,41.68,346,13,0,0,0,1,2880,0,124.17,0,1,0,57.35,0,true,3923.29,2076.26,true,602819,true,0,true,true,false
VR_IDLE,1,<RAIZ_TFM>\06_CONTROLLED_RERUN\OUTPUT\BENCHMARK\BENCH_20260619_FINAL01\REP_01\VR_IDLE\TFM_BENCH_VR_IDLE_20260619_131216\samples.csv,TFM_BENCH_VR_IDLE_20260619_131216,2026-06-19T13:13:58.0894510+02:00,71.01,Velociraptor,Running,1,1800,0,57.35,57.35,41.68,346,13,0,0,0,1,2880,0,152.56,0,1,0,57.35,3,true,3939.3,2060.25,true,0,true,0,true,true,false
VR_IDLE,1,<RAIZ_TFM>\06_CONTROLLED_RERUN\OUTPUT\BENCHMARK\BENCH_20260619_FINAL01\REP_01\VR_IDLE\TFM_BENCH_VR_IDLE_20260619_131216\samples.csv,TFM_BENCH_VR_IDLE_20260619_131216,2026-06-19T13:14:01.7743417+02:00,74.7,Velociraptor,Running,1,1800,0,57.34,57.34,41.65,344,12,0,0,0,1,2880,0,125.04,0,1,0,57.34,8,true,3919.28,2080.27,true,0,true,0,true,true,false
VR_IDLE,1,<RAIZ_TFM>\06_CONTROLLED_RERUN\OUTPUT\BENCHMARK\BENCH_20260619_FINAL01\REP_01\VR_IDLE\TFM_BENCH_VR_IDLE_20260619_131216\samples.csv,TFM_BENCH_VR_IDLE_20260619_131216,2026-06-19T13:14:05.4600274+02:00,78.38,Velociraptor,Running,1,1800,0,57.34,57.34,41.65,344,12,0,0,0,1,2880,0,126.24,0,1,0,57.34,1,true,3916.98,2082.57,true,0,true,723,true,true,false
VR_IDLE,1,<RAIZ_TFM>\06_CONTROLLED_RERUN\OUTPUT\BENCHMARK\BENCH_20260619_FINAL01\REP_01\VR_IDLE\TFM_BENCH_VR_IDLE_20260619_131216\samples.csv,TFM_BENCH_VR_IDLE_20260619_131216,2026-06-19T13:14:09.1501570+02:00,82.07,Velociraptor,Running,1,1800,0,57.34,57.34,41.65,344,12,0,0,0,1,2880,0,123.61,0,1,0,57.34,2,true,3921.23,2078.32,true,0,true,0,true,true,false
VR_IDLE,1,<RAIZ_TFM>\06_CONTROLLED_RERUN\OUTPUT\BENCHMARK\BENCH_20260619_FINAL01\REP_01\VR_IDLE\TFM_BENCH_VR_IDLE_20260619_131216\samples.csv,TFM_BENCH_VR_IDLE_20260619_131216,2026-06-19T13:14:12.8840480+02:00,85.81,Velociraptor,Running,1,1800,0,57.34,57.34,41.65,344,12,0,0,0,1,2880,0,151.22,0,1,0,57.34,7,true,3944.97,2054.58,true,0,true,0,true,true,false
VR_IDLE,1,<RAIZ_TFM>\06_CONTROLLED_RERUN\OUTPUT\BENCHMARK\BENCH_20260619_FINAL01\REP_01\VR_IDLE\TFM_BENCH_VR_IDLE_20260619_131216\samples.csv,TFM_BENCH_VR_IDLE_20260619_131216,2026-06-19T13:14:16.5657183+02:00,89.49,Velociraptor,Running,1,1800,0,57.35,57.35,41.66,344,12,0,0,0,1,2880,0,151.22,0,1,0,57.35,6,true,3943.5,2056.05,true,0,true,0,true,true,false
VR_IDLE,1,<RAIZ_TFM>\06_CONTROLLED_RERUN\OUTPUT\BENCHMARK\BENCH_20260619_FINAL01\REP_01\VR_IDLE\TFM_BENCH_VR_IDLE_20260619_131216\samples.csv,TFM_BENCH_VR_IDLE_20260619_131216,2026-06-19T13:14:20.2674474+02:00,93.19,Velociraptor,Running,1,1800,0,57.35,57.35,41.66,344,12,0,0,0,1,2880,0,120.61,0,1,0,57.35,3,true,3926.35,2073.2,true,0,true,0,true,true,false
VR_IDLE,1,<RAIZ_TFM>\06_CONTROLLED_RERUN\OUTPUT\BENCHMARK\BENCH_20260619_FINAL01\REP_01\VR_IDLE\TFM_BENCH_VR_IDLE_20260619_131216\samples.csv,TFM_BENCH_VR_IDLE_20260619_131216,2026-06-19T13:14:23.9835324+02:00,96.91,Velociraptor,Running,1,1800,0,57.35,57.35,41.66,344,12,0,0,0,1,2880,0,120.74,0,1,0,57.35,5,true,3925.48,2074.07,true,0,true,0,true,true,false
VR_IDLE,1,<RAIZ_TFM>\06_CONTROLLED_RERUN\OUTPUT\BENCHMARK\BENCH_20260619_FINAL01\REP_01\VR_IDLE\TFM_BENCH_VR_IDLE_20260619_131216\samples.csv,TFM_BENCH_VR_IDLE_20260619_131216,2026-06-19T13:14:27.6850626+02:00,100.61,Velociraptor,Running,1,1800,0,57.35,57.35,41.69,344,12,0,0,0,1,2880,86,151.96,0,1,0,57.35,59,true,3955.83,2043.72,true,0,true,0,true,true,false
VR_IDLE,1,<RAIZ_TFM>\06_CONTROLLED_RERUN\OUTPUT\BENCHMARK\BENCH_20260619_FINAL01\REP_01\VR_IDLE\TFM_BENCH_VR_IDLE_20260619_131216\samples.csv,TFM_BENCH_VR_IDLE_20260619_131216,2026-06-19T13:14:31.4757218+02:00,104.4,Velociraptor,Running,1,1800,0,57.35,57.35,41.69,344,12,0,0,0,1,2880,0,120.76,0,1,0,57.35,15,true,3925.44,2074.11,true,0,true,0,true,true,false
VR_IDLE,1,<RAIZ_TFM>\06_CONTROLLED_RERUN\OUTPUT\BENCHMARK\BENCH_20260619_FINAL01\REP_01\VR_IDLE\TFM_BENCH_VR_IDLE_20260619_131216\samples.csv,TFM_BENCH_VR_IDLE_20260619_131216,2026-06-19T13:14:35.1738394+02:00,108.1,Velociraptor,Running,1,1800,0,57.38,57.38,41.74,348,12,0,0,0,1,2880,0,120.85,0,1,0,57.38,27,true,3936.4,2063.15,true,0,true,0,true,true,false
VR_IDLE,1,<RAIZ_TFM>\06_CONTROLLED_RERUN\OUTPUT\BENCHMARK\BENCH_20260619_FINAL01\REP_01\VR_IDLE\TFM_BENCH_VR_IDLE_20260619_131216\samples.csv,TFM_BENCH_VR_IDLE_20260619_131216,2026-06-19T13:14:38.8899113+02:00,111.81,Velociraptor,Running,1,1800,0,57.4,57.4,41.74,348,12,0,0,0,1,2880,22,120.59,0,1,0,57.4,3,true,3930.41,2069.14,true,0,true,0,true,true,false
VR_IDLE,1,<RAIZ_TFM>\06_CONTROLLED_RERUN\OUTPUT\BENCHMARK\BENCH_20260619_FINAL01\REP_01\VR_IDLE\TFM_BENCH_VR_IDLE_20260619_131216\samples.csv,TFM_BENCH_VR_IDLE_20260619_131216,2026-06-19T13:14:42.5952695+02:00,115.52,Velociraptor,Running,1,1800,0,57.41,57.41,41.77,348,12,0,0,0,1,2880,0,120.96,0,1,0,57.41,0,true,3936.05,2063.5,true,0,true,0,true,true,false
VR_IDLE,1,<RAIZ_TFM>\06_CONTROLLED_RERUN\OUTPUT\BENCHMARK\BENCH_20260619_FINAL01\REP_01\VR_IDLE\TFM_BENCH_VR_IDLE_20260619_131216\samples.csv,TFM_BENCH_VR_IDLE_20260619_131216,2026-06-19T13:14:46.3505240+02:00,119.27,Velociraptor,Running,1,1800,0,57.41,57.41,41.74,348,12,0,0,0,1,2880,0,145.59,0,1,0,57.41,7,true,3953.08,2046.47,true,253617,true,0,true,true,false
VR_IDLE,1,<RAIZ_TFM>\06_CONTROLLED_RERUN\OUTPUT\BENCHMARK\BENCH_20260619_FINAL01\REP_01\VR_IDLE\TFM_BENCH_VR_IDLE_20260619_131216\samples.csv,TFM_BENCH_VR_IDLE_20260619_131216,2026-06-19T13:14:50.0787521+02:00,123,Velociraptor,Running,1,1800,0,57.41,57.41,41.74,348,12,0,0,0,1,2880,0,120.7,0,1,0,57.41,0,true,3934.09,2065.46,true,0,true,0,true,true,false
VR_IDLE,1,<RAIZ_TFM>\06_CONTROLLED_RERUN\OUTPUT\BENCHMARK\BENCH_20260619_FINAL01\REP_01\VR_IDLE\TFM_BENCH_VR_IDLE_20260619_131216\samples.csv,TFM_BENCH_VR_IDLE_20260619_131216,2026-06-19T13:14:53.7688890+02:00,126.69,Velociraptor,Running,1,1800,0,57.41,57.41,41.74,348,12,0,0,0,1,2880,0,120.74,0,1,0,57.41,26,true,3941.51,2058.04,true,0,true,0,true,true,false
VR_IDLE,1,<RAIZ_TFM>\06_CONTROLLED_RERUN\OUTPUT\BENCHMARK\BENCH_20260619_FINAL01\REP_01\VR_IDLE\TFM_BENCH_VR_IDLE_20260619_131216\samples.csv,TFM_BENCH_VR_IDLE_20260619_131216,2026-06-19T13:14:57.4594937+02:00,130.38,Velociraptor,Running,1,1800,0,57.4,57.4,41.72,348,12,0,0,0,1,2880,0,120.82,0,1,0,57.4,39,true,3951.17,2048.38,true,0,true,0,true,true,false
VR_IDLE,1,<RAIZ_TFM>\06_CONTROLLED_RERUN\OUTPUT\BENCHMARK\BENCH_20260619_FINAL01\REP_01\VR_IDLE\TFM_BENCH_VR_IDLE_20260619_131216\samples.csv,TFM_BENCH_VR_IDLE_20260619_131216,2026-06-19T13:15:01.1484463+02:00,134.07,Velociraptor,Running,1,1800,0,57.4,57.4,41.72,348,12,0,0,0,1,2880,0,120.9,0,1,0,57.4,1,true,3943.71,2055.84,true,15988,true,0,true,true,false
VR_IDLE,1,<RAIZ_TFM>\06_CONTROLLED_RERUN\OUTPUT\BENCHMARK\BENCH_20260619_FINAL01\REP_01\VR_IDLE\TFM_BENCH_VR_IDLE_20260619_131216\samples.csv,TFM_BENCH_VR_IDLE_20260619_131216,2026-06-19T13:15:04.8535516+02:00,137.78,Velociraptor,Running,1,1800,0,57.43,57.43,41.75,346,13,0,0,0,1,2880,0,120.92,0,1,0,57.43,0,true,3945.09,2054.46,true,0,true,0,true,true,false
VR_IDLE,1,<RAIZ_TFM>\06_CONTROLLED_RERUN\OUTPUT\BENCHMARK\BENCH_20260619_FINAL01\REP_01\VR_IDLE\TFM_BENCH_VR_IDLE_20260619_131216\samples.csv,TFM_BENCH_VR_IDLE_20260619_131216,2026-06-19T13:15:08.5383184+02:00,141.46,Velociraptor,Running,1,1800,0,57.43,57.43,41.75,346,13,0,0,0,1,2880,0,125.17,0,1,0,57.43,2,true,3944.67,2054.88,true,0,true,0,true,true,false
VR_IDLE,1,<RAIZ_TFM>\06_CONTROLLED_RERUN\OUTPUT\BENCHMARK\BENCH_20260619_FINAL01\REP_01\VR_IDLE\TFM_BENCH_VR_IDLE_20260619_131216\samples.csv,TFM_BENCH_VR_IDLE_20260619_131216,2026-06-19T13:15:12.2593163+02:00,145.18,Velociraptor,Running,1,1800,0,57.43,57.43,41.75,346,13,0,0,0,1,2880,0,126.27,0,1,0,57.43,2,true,3945.78,2053.77,true,0,true,0,true,true,false
VR_IDLE,1,<RAIZ_TFM>\06_CONTROLLED_RERUN\OUTPUT\BENCHMARK\BENCH_20260619_FINAL01\REP_01\VR_IDLE\TFM_BENCH_VR_IDLE_20260619_131216\samples.csv,TFM_BENCH_VR_IDLE_20260619_131216,2026-06-19T13:15:16.0852079+02:00,149.01,Velociraptor,Running,1,1800,0,57.43,57.43,41.75,346,13,0,0,0,1,2880,0,152.56,0,1,0,57.43,1,true,3971.86,2027.69,true,0,true,0,true,true,false
VR_IDLE,1,<RAIZ_TFM>\06_CONTROLLED_RERUN\OUTPUT\BENCHMARK\BENCH_20260619_FINAL01\REP_01\VR_IDLE\TFM_BENCH_VR_IDLE_20260619_131216\samples.csv,TFM_BENCH_VR_IDLE_20260619_131216,2026-06-19T13:15:19.8055489+02:00,152.73,Velociraptor,Running,1,1800,0,57.43,57.43,41.75,346,13,0,0,0,1,2880,0,123.73,0,1,0,57.43,0,true,3954.46,2045.09,true,0,true,0,true,true,false
VR_IDLE,1,<RAIZ_TFM>\06_CONTROLLED_RERUN\OUTPUT\BENCHMARK\BENCH_20260619_FINAL01\REP_01\VR_IDLE\TFM_BENCH_VR_IDLE_20260619_131216\samples.csv,TFM_BENCH_VR_IDLE_20260619_131216,2026-06-19T13:15:23.5072972+02:00,156.43,Velociraptor,Running,1,1800,0,57.43,57.43,41.75,346,13,0,0,0,1,2880,0,123.79,0,1,0,57.43,0,true,3958.64,2040.91,true,0,true,0,true,true,false
VR_IDLE,1,<RAIZ_TFM>\06_CONTROLLED_RERUN\OUTPUT\BENCHMARK\BENCH_20260619_FINAL01\REP_01\VR_IDLE\TFM_BENCH_VR_IDLE_20260619_131216\samples.csv,TFM_BENCH_VR_IDLE_20260619_131216,2026-06-19T13:15:27.1825918+02:00,160.11,Velociraptor,Running,1,1800,0,57.43,57.43,41.75,346,13,0,0,0,1,2880,0,123.87,0,1,0,57.43,4,true,3951.86,2047.69,true,311415,true,0,true,true,false
VR_IDLE,1,<RAIZ_TFM>\06_CONTROLLED_RERUN\OUTPUT\BENCHMARK\BENCH_20260619_FINAL01\REP_01\VR_IDLE\TFM_BENCH_VR_IDLE_20260619_131216\samples.csv,TFM_BENCH_VR_IDLE_20260619_131216,2026-06-19T13:15:30.8916081+02:00,163.82,Velociraptor,Running,1,1800,0,57.43,57.43,41.75,346,13,0,0,0,1,2880,0,150.03,0,1,0,57.43,0,true,3979.06,2020.49,true,0,true,826,true,true,false
VR_IDLE,1,<RAIZ_TFM>\06_CONTROLLED_RERUN\OUTPUT\BENCHMARK\BENCH_20260619_FINAL01\REP_01\VR_IDLE\TFM_BENCH_VR_IDLE_20260619_131216\samples.csv,TFM_BENCH_VR_IDLE_20260619_131216,2026-06-19T13:15:34.6167310+02:00,167.54,Velociraptor,Running,1,1800,0,57.43,57.43,41.75,346,13,0,0,0,1,2880,0,153,0,1,0,57.43,0,true,3976.16,2023.39,true,0,true,0,true,true,false
VR_IDLE,1,<RAIZ_TFM>\06_CONTROLLED_RERUN\OUTPUT\BENCHMARK\BENCH_20260619_FINAL01\REP_01\VR_IDLE\TFM_BENCH_VR_IDLE_20260619_131216\samples.csv,TFM_BENCH_VR_IDLE_20260619_131216,2026-06-19T13:15:38.2789650+02:00,171.2,Velociraptor,Running,1,1800,0,57.57,57.57,41.89,348,13,0,0,0,1,2880,0,154.63,0,1,0,57.57,0,true,3985.25,2014.3,true,376442,true,0,true,true,false
VR_IDLE,1,<RAIZ_TFM>\06_CONTROLLED_RERUN\OUTPUT\BENCHMARK\BENCH_20260619_FINAL01\REP_01\VR_IDLE\TFM_BENCH_VR_IDLE_20260619_131216\samples.csv,TFM_BENCH_VR_IDLE_20260619_131216,2026-06-19T13:15:41.9746813+02:00,174.9,Velociraptor,Running,1,1800,0,57.57,57.57,41.89,348,13,0,0,0,1,2880,0,124.71,0,1,0,57.57,26,true,3964.37,2035.18,true,0,true,0,true,true,false
VR_IDLE,1,<RAIZ_TFM>\06_CONTROLLED_RERUN\OUTPUT\BENCHMARK\BENCH_20260619_FINAL01\REP_01\VR_IDLE\TFM_BENCH_VR_IDLE_20260619_131216\samples.csv,TFM_BENCH_VR_IDLE_20260619_131216,2026-06-19T13:15:45.7460139+02:00,178.67,Velociraptor,Running,1,1800,0,57.46,57.46,41.77,348,13,0,0,0,1,2880,0,151.76,0,1,0,57.46,4,true,3988.02,2011.53,true,379541,true,0,true,true,false
VR_TEC_RUNNER,1,<RAIZ_TFM>\06_CONTROLLED_RERUN\OUTPUT\BENCHMARK\BENCH_20260619_FINAL01\REP_01\VR_TEC_RUNNER\TFM_BENCH_VR_TEC_RUNNER_20260619_131620\samples.csv,TFM_BENCH_VR_TEC_RUNNER_20260619_131620,2026-06-19T13:16:21.4208889+02:00,0,Velociraptor,Running,1,1800,0,57.45,57.45,41.73,346,12,0,0,0,1,2880,0,123.52,0,1,0,57.45,54,true,4089,1910.55,true,388452,true,0,true,true,true
VR_TEC_RUNNER,1,<RAIZ_TFM>\06_CONTROLLED_RERUN\OUTPUT\BENCHMARK\BENCH_20260619_FINAL01\REP_01\VR_TEC_RUNNER\TFM_BENCH_VR_TEC_RUNNER_20260619_131620\samples.csv,TFM_BENCH_VR_TEC_RUNNER_20260619_131620,2026-06-19T13:16:26.1182526+02:00,4.7,Velociraptor,Running,1,1800,0,57.45,57.45,41.73,346,12,0,0,0,1,2880,10,189.63,0,1,0,57.45,100,true,4187.57,1811.98,true,146659,true,0,true,true,true
VR_TEC_RUNNER,1,<RAIZ_TFM>\06_CONTROLLED_RERUN\OUTPUT\BENCHMARK\BENCH_20260619_FINAL01\REP_01\VR_TEC_RUNNER\TFM_BENCH_VR_TEC_RUNNER_20260619_131620\samples.csv,TFM_BENCH_VR_TEC_RUNNER_20260619_131620,2026-06-19T13:16:37.7219455+02:00,16.3,Velociraptor,Running,1,1800,0,57.45,57.45,41.73,346,12,0,0,0,1,2880,0,120.94,0,1,0,57.45,100,true,4134.78,1864.77,true,307144,true,0,true,true,true
VR_TEC_RUNNER,1,<RAIZ_TFM>\06_CONTROLLED_RERUN\OUTPUT\BENCHMARK\BENCH_20260619_FINAL01\REP_01\VR_TEC_RUNNER\TFM_BENCH_VR_TEC_RUNNER_20260619_131620\samples.csv,TFM_BENCH_VR_TEC_RUNNER_20260619_131620,2026-06-19T13:16:50.6225848+02:00,29.2,Velociraptor,Running,1,1800,5,57.53,57.53,41.84,350,12,0,0,0,1,2880,10,123.18,0,1,5,57.53,100,true,4173.56,1825.99,true,0,true,0,true,true,true
VR_TEC_RUNNER,1,<RAIZ_TFM>\06_CONTROLLED_RERUN\OUTPUT\BENCHMARK\BENCH_20260619_FINAL01\REP_01\VR_TEC_RUNNER\TFM_BENCH_VR_TEC_RUNNER_20260619_131620\samples.csv,TFM_BENCH_VR_TEC_RUNNER_20260619_131620,2026-06-19T13:17:01.4413785+02:00,40.02,Velociraptor,Running,1,1800,0,57.43,57.43,41.71,350,12,0,0,0,1,2880,50,161.87,0,1,0,57.43,86,true,4223.89,1775.66,true,0,true,0,true,true,true
VR_TEC_RUNNER,1,<RAIZ_TFM>\06_CONTROLLED_RERUN\OUTPUT\BENCHMARK\BENCH_20260619_FINAL01\REP_01\VR_TEC_RUNNER\TFM_BENCH_VR_TEC_RUNNER_20260619_131620\samples.csv,TFM_BENCH_VR_TEC_RUNNER_20260619_131620,2026-06-19T13:17:08.3501494+02:00,46.93,Velociraptor,Running,1,1800,0,56.77,56.77,41.71,350,12,0,0,0,1,2880,0,147.12,1,2,63,108.81,80,true,4183.14,1816.41,true,173212,true,0,true,true,true
VR_TEC_RUNNER,1,<RAIZ_TFM>\06_CONTROLLED_RERUN\OUTPUT\BENCHMARK\BENCH_20260619_FINAL01\REP_01\VR_TEC_RUNNER\TFM_BENCH_VR_TEC_RUNNER_20260619_131620\samples.csv,TFM_BENCH_VR_TEC_RUNNER_20260619_131620,2026-06-19T13:17:12.9919607+02:00,51.57,Velociraptor,Running,1,1800,0,56.77,56.77,41.71,350,12,0,0,0,1,2880,0,123.98,0,1,0,56.77,7,true,4139.53,1860.02,true,0,true,0,true,true,true
VR_TEC_RUNNER,1,<RAIZ_TFM>\06_CONTROLLED_RERUN\OUTPUT\BENCHMARK\BENCH_20260619_FINAL01\REP_01\VR_TEC_RUNNER\TFM_BENCH_VR_TEC_RUNNER_20260619_131620\samples.csv,TFM_BENCH_VR_TEC_RUNNER_20260619_131620,2026-06-19T13:17:16.8245953+02:00,55.4,Velociraptor,Running,1,1800,0,56.81,56.81,41.71,350,12,0,0,0,1,2880,0,124.04,0,1,0,56.81,0,true,4135.1,1864.45,true,0,true,0,true,true,true
VR_TEC_RUNNER,1,<RAIZ_TFM>\06_CONTROLLED_RERUN\OUTPUT\BENCHMARK\BENCH_20260619_FINAL01\REP_01\VR_TEC_RUNNER\TFM_BENCH_VR_TEC_RUNNER_20260619_131620\samples.csv,TFM_BENCH_VR_TEC_RUNNER_20260619_131620,2026-06-19T13:17:20.5539145+02:00,59.13,Velociraptor,Running,1,1800,0,56.82,56.82,41.74,350,12,0,0,0,1,2880,26,149.37,0,1,0,56.82,0,true,4149.93,1849.62,true,0,true,0,true,true,true
VR_TEC_RUNNER,1,<RAIZ_TFM>\06_CONTROLLED_RERUN\OUTPUT\BENCHMARK\BENCH_20260619_FINAL01\REP_01\VR_TEC_RUNNER\TFM_BENCH_VR_TEC_RUNNER_20260619_131620\samples.csv,TFM_BENCH_VR_TEC_RUNNER_20260619_131620,2026-06-19T13:17:24.5386769+02:00,63.12,Velociraptor,Running,1,1800,0,56.82,56.82,41.74,350,12,0,0,0,1,2880,0,126.24,0,1,0,56.82,4,true,4140.64,1858.91,true,161300,true,0,true,true,true
VR_TEC_RUNNER,1,<RAIZ_TFM>\06_CONTROLLED_RERUN\OUTPUT\BENCHMARK\BENCH_20260619_FINAL01\REP_01\VR_TEC_RUNNER\TFM_BENCH_VR_TEC_RUNNER_20260619_131620\samples.csv,TFM_BENCH_VR_TEC_RUNNER_20260619_131620,2026-06-19T13:17:28.3027519+02:00,66.88,Velociraptor,Running,1,1800,0,56.87,56.87,41.77,348,13,0,0,0,1,2880,0,128.66,0,1,0,56.87,3,true,4126.03,1873.52,true,0,true,0,true,true,true
VR_TEC_RUNNER,1,<RAIZ_TFM>\06_CONTROLLED_RERUN\OUTPUT\BENCHMARK\BENCH_20260619_FINAL01\REP_01\VR_TEC_RUNNER\TFM_BENCH_VR_TEC_RUNNER_20260619_131620\samples.csv,TFM_BENCH_VR_TEC_RUNNER_20260619_131620,2026-06-19T13:17:32.0137916+02:00,70.59,Velociraptor,Running,1,1800,0,56.87,56.87,41.77,348,13,0,0,0,1,2880,0,123.06,0,1,0,56.87,4,true,4144.2,1855.35,true,29748,true,584,true,true,true
VR_TEC_RUNNER,1,<RAIZ_TFM>\06_CONTROLLED_RERUN\OUTPUT\BENCHMARK\BENCH_20260619_FINAL01\REP_01\VR_TEC_RUNNER\TFM_BENCH_VR_TEC_RUNNER_20260619_131620\samples.csv,TFM_BENCH_VR_TEC_RUNNER_20260619_131620,2026-06-19T13:17:35.8435617+02:00,74.42,Velociraptor,Running,1,1800,0,56.87,56.87,41.77,348,13,0,0,0,1,2880,0,127.49,0,1,0,56.87,82,true,4188.22,1811.33,true,30334,true,0,true,true,true
VR_TEC_RUNNER,1,<RAIZ_TFM>\06_CONTROLLED_RERUN\OUTPUT\BENCHMARK\BENCH_20260619_FINAL01\REP_01\VR_TEC_RUNNER\TFM_BENCH_VR_TEC_RUNNER_20260619_131620\samples.csv,TFM_BENCH_VR_TEC_RUNNER_20260619_131620,2026-06-19T13:17:40.1448388+02:00,78.72,Velociraptor,Running,1,1800,0,56.87,56.87,41.77,348,13,0,0,0,1,2880,5,157.07,1,2,0,124.7,60,true,4200.83,1798.72,true,0,true,0,true,true,true
VR_TEC_RUNNER,1,<RAIZ_TFM>\06_CONTROLLED_RERUN\OUTPUT\BENCHMARK\BENCH_20260619_FINAL01\REP_01\VR_TEC_RUNNER\TFM_BENCH_VR_TEC_RUNNER_20260619_131620\samples.csv,TFM_BENCH_VR_TEC_RUNNER_20260619_131620,2026-06-19T13:17:44.6019009+02:00,83.18,Velociraptor,Running,1,1800,0,56.88,56.88,41.77,348,13,0,0,0,1,2880,0,120.76,0,1,0,56.88,6,true,4148.86,1850.69,true,0,true,0,true,true,true
VR_TEC_RUNNER,1,<RAIZ_TFM>\06_CONTROLLED_RERUN\OUTPUT\BENCHMARK\BENCH_20260619_FINAL01\REP_01\VR_TEC_RUNNER\TFM_BENCH_VR_TEC_RUNNER_20260619_131620\samples.csv,TFM_BENCH_VR_TEC_RUNNER_20260619_131620,2026-06-19T13:17:48.3452176+02:00,86.93,Velociraptor,Running,1,1800,0,56.87,56.87,41.77,348,13,0,0,0,1,2880,0,125.1,0,1,0,56.87,10,true,4145.75,1853.8,true,0,true,0,true,true,true
VR_TEC_RUNNER,1,<RAIZ_TFM>\06_CONTROLLED_RERUN\OUTPUT\BENCHMARK\BENCH_20260619_FINAL01\REP_01\VR_TEC_RUNNER\TFM_BENCH_VR_TEC_RUNNER_20260619_131620\samples.csv,TFM_BENCH_VR_TEC_RUNNER_20260619_131620,2026-06-19T13:17:52.0862483+02:00,90.67,Velociraptor,Running,1,1800,0,56.88,56.88,41.77,348,13,0,0,0,1,2880,0,123.5,0,1,0,56.88,3,true,4150.21,1849.34,true,0,true,0,true,true,true
VR_TEC_RUNNER,1,<RAIZ_TFM>\06_CONTROLLED_RERUN\OUTPUT\BENCHMARK\BENCH_20260619_FINAL01\REP_01\VR_TEC_RUNNER\TFM_BENCH_VR_TEC_RUNNER_20260619_131620\samples.csv,TFM_BENCH_VR_TEC_RUNNER_20260619_131620,2026-06-19T13:17:55.8629846+02:00,94.44,Velociraptor,Running,1,1800,0,56.88,56.88,41.77,348,13,0,0,0,1,2880,0,148.98,0,1,0,56.88,4,true,4173.27,1826.28,true,1273307,true,0,true,true,true
VR_TEC_RUNNER,1,<RAIZ_TFM>\06_CONTROLLED_RERUN\OUTPUT\BENCHMARK\BENCH_20260619_FINAL01\REP_01\VR_TEC_RUNNER\TFM_BENCH_VR_TEC_RUNNER_20260619_131620\samples.csv,TFM_BENCH_VR_TEC_RUNNER_20260619_131620,2026-06-19T13:17:59.6179056+02:00,98.2,Velociraptor,Running,1,1800,0,56.88,56.88,41.77,348,13,0,0,0,1,2880,0,149,0,1,0,56.88,6,true,4184.61,1814.94,true,0,true,344,true,true,true
VR_TEC_RUNNER,1,<RAIZ_TFM>\06_CONTROLLED_RERUN\OUTPUT\BENCHMARK\BENCH_20260619_FINAL01\REP_01\VR_TEC_RUNNER\TFM_BENCH_VR_TEC_RUNNER_20260619_131620\samples.csv,TFM_BENCH_VR_TEC_RUNNER_20260619_131620,2026-06-19T13:18:03.3705037+02:00,101.95,Velociraptor,Running,1,1800,0,57.09,57.09,42.05,354,13,0,0,0,1,2880,0,124.89,0,1,0,57.09,3,true,4152.27,1847.28,true,0,true,0,true,true,true
VR_TEC_RUNNER,1,<RAIZ_TFM>\06_CONTROLLED_RERUN\OUTPUT\BENCHMARK\BENCH_20260619_FINAL01\REP_01\VR_TEC_RUNNER\TFM_BENCH_VR_TEC_RUNNER_20260619_131620\samples.csv,TFM_BENCH_VR_TEC_RUNNER_20260619_131620,2026-06-19T13:18:07.1122024+02:00,105.69,Velociraptor,Running,1,1800,0,56.98,56.98,41.93,354,13,0,0,0,1,2880,0,124.93,0,1,0,56.98,6,true,4157.12,1842.43,true,0,true,0,true,true,true
VR_TEC_RUNNER,1,<RAIZ_TFM>\06_CONTROLLED_RERUN\OUTPUT\BENCHMARK\BENCH_20260619_FINAL01\REP_01\VR_TEC_RUNNER\TFM_BENCH_VR_TEC_RUNNER_20260619_131620\samples.csv,TFM_BENCH_VR_TEC_RUNNER_20260619_131620,2026-06-19T13:18:10.9393228+02:00,109.52,Velociraptor,Running,1,1800,0,56.98,56.98,41.93,354,13,0,0,0,1,2880,123,156.27,1,2,91,127.81,55,true,4134.14,1865.41,true,15297,true,0,true,true,true
VR_TEC_RUNNER,1,<RAIZ_TFM>\06_CONTROLLED_RERUN\OUTPUT\BENCHMARK\BENCH_20260619_FINAL01\REP_01\VR_TEC_RUNNER\TFM_BENCH_VR_TEC_RUNNER_20260619_131620\samples.csv,TFM_BENCH_VR_TEC_RUNNER_20260619_131620,2026-06-19T13:18:15.0550231+02:00,113.63,Velociraptor,Running,1,1800,0,56.98,56.98,41.93,354,13,0,0,0,1,2880,5,124.71,0,1,0,56.98,59,true,4169.88,1829.67,true,0,true,1764,true,true,true
VR_TEC_RUNNER,1,<RAIZ_TFM>\06_CONTROLLED_RERUN\OUTPUT\BENCHMARK\BENCH_20260619_FINAL01\REP_01\VR_TEC_RUNNER\TFM_BENCH_VR_TEC_RUNNER_20260619_131620\samples.csv,TFM_BENCH_VR_TEC_RUNNER_20260619_131620,2026-06-19T13:18:19.1182272+02:00,117.7,Velociraptor,Running,1,1800,0,56.98,56.98,41.93,354,13,0,0,0,1,2880,16,125.02,0,1,0,56.98,60,true,4175.68,1823.87,true,16010,true,21953,true,true,true
VR_TEC_RUNNER,1,<RAIZ_TFM>\06_CONTROLLED_RERUN\OUTPUT\BENCHMARK\BENCH_20260619_FINAL01\REP_01\VR_TEC_RUNNER\TFM_BENCH_VR_TEC_RUNNER_20260619_131620\samples.csv,TFM_BENCH_VR_TEC_RUNNER_20260619_131620,2026-06-19T13:18:23.1166248+02:00,121.7,Velociraptor,Running,1,1800,0,56.98,56.98,41.93,354,13,0,0,0,1,2880,10,125.82,1,2,99,128.47,78,true,4139.46,1860.09,true,31414,true,0,true,true,true
VR_TEC_RUNNER,1,<RAIZ_TFM>\06_CONTROLLED_RERUN\OUTPUT\BENCHMARK\BENCH_20260619_FINAL01\REP_01\VR_TEC_RUNNER\TFM_BENCH_VR_TEC_RUNNER_20260619_131620\samples.csv,TFM_BENCH_VR_TEC_RUNNER_20260619_131620,2026-06-19T13:18:27.7022015+02:00,126.28,Velociraptor,Running,1,1800,0,56.98,56.98,41.93,354,13,0,0,0,1,2880,5,155.54,0,1,0,56.98,43,true,4199.42,1800.13,true,0,true,0,true,true,true
VR_TEC_RUNNER,1,<RAIZ_TFM>\06_CONTROLLED_RERUN\OUTPUT\BENCHMARK\BENCH_20260619_FINAL01\REP_01\VR_TEC_RUNNER\TFM_BENCH_VR_TEC_RUNNER_20260619_131620\samples.csv,TFM_BENCH_VR_TEC_RUNNER_20260619_131620,2026-06-19T13:18:32.0269036+02:00,130.61,Velociraptor,Running,1,1800,0,56.98,56.98,41.93,354,13,0,0,0,1,2880,10,123.62,0,1,0,56.98,67,true,4172.43,1827.12,true,0,true,0,true,true,true
VR_TEC_RUNNER,1,<RAIZ_TFM>\06_CONTROLLED_RERUN\OUTPUT\BENCHMARK\BENCH_20260619_FINAL01\REP_01\VR_TEC_RUNNER\TFM_BENCH_VR_TEC_RUNNER_20260619_131620\samples.csv,TFM_BENCH_VR_TEC_RUNNER_20260619_131620,2026-06-19T13:18:36.1585166+02:00,134.74,Velociraptor,Running,1,1800,0,56.98,56.98,41.93,354,13,0,0,0,1,2880,0,124.82,0,1,0,56.98,13,true,4133.1,1866.45,true,0,true,0,true,true,true
VR_TEC_RUNNER,1,<RAIZ_TFM>\06_CONTROLLED_RERUN\OUTPUT\BENCHMARK\BENCH_20260619_FINAL01\REP_01\VR_TEC_RUNNER\TFM_BENCH_VR_TEC_RUNNER_20260619_131620\samples.csv,TFM_BENCH_VR_TEC_RUNNER_20260619_131620,2026-06-19T13:18:40.0004944+02:00,138.58,Velociraptor,Running,1,1800,0,56.98,56.98,41.93,354,13,0,0,0,1,2880,38,187.82,0,1,0,56.98,100,true,4202.71,1796.84,true,32692,true,0,true,true,true
VR_TEC_RUNNER,1,<RAIZ_TFM>\06_CONTROLLED_RERUN\OUTPUT\BENCHMARK\BENCH_20260619_FINAL01\REP_01\VR_TEC_RUNNER\TFM_BENCH_VR_TEC_RUNNER_20260619_131620\samples.csv,TFM_BENCH_VR_TEC_RUNNER_20260619_131620,2026-06-19T13:18:53.3777209+02:00,151.96,Velociraptor,Running,1,1800,0,56.98,56.98,41.93,354,13,0,0,0,1,2880,0,127.66,1,2,79,128.52,96,true,4184.71,1814.84,true,649598,true,1339,true,true,true
VR_TEC_RUNNER,1,<RAIZ_TFM>\06_CONTROLLED_RERUN\OUTPUT\BENCHMARK\BENCH_20260619_FINAL01\REP_01\VR_TEC_RUNNER\TFM_BENCH_VR_TEC_RUNNER_20260619_131620\samples.csv,TFM_BENCH_VR_TEC_RUNNER_20260619_131620,2026-06-19T13:18:58.4011570+02:00,156.98,Velociraptor,Running,1,1800,0,56.98,56.98,41.93,354,13,0,0,0,1,2880,0,203.84,1,2,23,108.85,100,true,4259.2,1740.35,true,451825,true,0,true,true,true
VR_TEC_RUNNER,1,<RAIZ_TFM>\06_CONTROLLED_RERUN\OUTPUT\BENCHMARK\BENCH_20260619_FINAL01\REP_01\VR_TEC_RUNNER\TFM_BENCH_VR_TEC_RUNNER_20260619_131620\samples.csv,TFM_BENCH_VR_TEC_RUNNER_20260619_131620,2026-06-19T13:19:15.9454417+02:00,174.53,Velociraptor,Running,1,1800,4,56.98,56.98,41.93,354,13,0,0,0,1,2880,4,124.46,0,1,4,56.98,100,true,4116.27,1883.28,true,0,true,75442,true,true,true
VR_TEC_RUNNER,1,<RAIZ_TFM>\06_CONTROLLED_RERUN\OUTPUT\BENCHMARK\BENCH_20260619_FINAL01\REP_01\VR_TEC_RUNNER\TFM_BENCH_VR_TEC_RUNNER_20260619_131620\samples.csv,TFM_BENCH_VR_TEC_RUNNER_20260619_131620,2026-06-19T13:19:21.9351856+02:00,180.52,Velociraptor,Running,1,1800,9,57.09,57.09,42.05,356,13,0,0,0,1,2880,104,167.85,2,3,9,199.93,100,true,4154.71,1844.84,true,211483,true,0,true,true,true
VR_TEC_RUNNER,1,<RAIZ_TFM>\06_CONTROLLED_RERUN\OUTPUT\BENCHMARK\BENCH_20260619_FINAL01\REP_01\VR_TEC_RUNNER\TFM_BENCH_VR_TEC_RUNNER_20260619_131620\samples.csv,TFM_BENCH_VR_TEC_RUNNER_20260619_131620,2026-06-19T13:19:31.0593007+02:00,189.64,Velociraptor,Running,1,1800,0,56.99,56.99,41.93,354,12,0,0,0,1,2880,0,124,2,3,43,186.54,100,true,4192.68,1806.87,true,27982,true,0,true,true,true
VR_TEC_RUNNER,1,<RAIZ_TFM>\06_CONTROLLED_RERUN\OUTPUT\BENCHMARK\BENCH_20260619_FINAL01\REP_01\VR_TEC_RUNNER\TFM_BENCH_VR_TEC_RUNNER_20260619_131620\samples.csv,TFM_BENCH_VR_TEC_RUNNER_20260619_131620,2026-06-19T13:19:47.5996078+02:00,206.18,Velociraptor,Running,1,1800,0,56.99,56.99,41.93,354,12,0,0,0,1,2880,5,123.54,1,2,5,128.47,100,true,4157.13,1842.42,true,0,true,2997,true,true,true
VR_TEC_RUNNER,1,<RAIZ_TFM>\06_CONTROLLED_RERUN\OUTPUT\BENCHMARK\BENCH_20260619_FINAL01\REP_01\VR_TEC_RUNNER\TFM_BENCH_VR_TEC_RUNNER_20260619_131620\samples.csv,TFM_BENCH_VR_TEC_RUNNER_20260619_131620,2026-06-19T13:19:53.6977582+02:00,212.28,Velociraptor,Running,1,1800,5,57,57,41.95,353,13,0,0,0,1,2880,0,124.41,0,1,5,57,100,true,4235.51,1764.04,true,89205,true,208,true,true,true
VR_TEC_RUNNER,1,<RAIZ_TFM>\06_CONTROLLED_RERUN\OUTPUT\BENCHMARK\BENCH_20260619_FINAL01\REP_01\VR_TEC_RUNNER\TFM_BENCH_VR_TEC_RUNNER_20260619_131620\samples.csv,TFM_BENCH_VR_TEC_RUNNER_20260619_131620,2026-06-19T13:19:59.7537785+02:00,218.33,Velociraptor,Running,1,1800,5,57.04,57.04,41.98,353,13,0,0,0,1,2880,5,135.02,2,3,5,188.44,100,true,4208.18,1791.37,true,87748,true,71044,true,true,true
VR_TEC_RUNNER,1,<RAIZ_TFM>\06_CONTROLLED_RERUN\OUTPUT\BENCHMARK\BENCH_20260619_FINAL01\REP_01\VR_TEC_RUNNER\TFM_BENCH_VR_TEC_RUNNER_20260619_131620\samples.csv,TFM_BENCH_VR_TEC_RUNNER_20260619_131620,2026-06-19T13:20:18.8908269+02:00,237.47,Velociraptor,Running,1,1800,54,57,57,41.95,354,13,0,0,0,1,2880,5,127.04,0,1,54,57,100,true,4245.68,1753.87,true,0,true,0,true,true,true
VR_TEC_RUNNER,1,<RAIZ_TFM>\06_CONTROLLED_RERUN\OUTPUT\BENCHMARK\BENCH_20260619_FINAL01\REP_01\VR_TEC_RUNNER\TFM_BENCH_VR_TEC_RUNNER_20260619_131620\samples.csv,TFM_BENCH_VR_TEC_RUNNER_20260619_131620,2026-06-19T13:20:25.9256030+02:00,244.51,Velociraptor,Running,1,1800,0,57,57,41.95,354,13,0,0,0,1,2880,0,165.73,0,1,0,57,100,true,4312.55,1687,true,911694,true,0,true,true,true
VR_TEC_RUNNER,1,<RAIZ_TFM>\06_CONTROLLED_RERUN\OUTPUT\BENCHMARK\BENCH_20260619_FINAL01\REP_01\VR_TEC_RUNNER\TFM_BENCH_VR_TEC_RUNNER_20260619_131620\samples.csv,TFM_BENCH_VR_TEC_RUNNER_20260619_131620,2026-06-19T13:20:37.7901609+02:00,256.37,Velociraptor,Running,1,1800,0,57.14,57.14,42.03,356,13,0,0,0,1,2880,15,162.8,1,2,36,129.65,100,true,4331.48,1668.07,true,45142,true,16717,true,true,true
VR_TEC_RUNNER,1,<RAIZ_TFM>\06_CONTROLLED_RERUN\OUTPUT\BENCHMARK\BENCH_20260619_FINAL01\REP_01\VR_TEC_RUNNER\TFM_BENCH_VR_TEC_RUNNER_20260619_131620\samples.csv,TFM_BENCH_VR_TEC_RUNNER_20260619_131620,2026-06-19T13:20:53.6337845+02:00,272.21,Velociraptor,Running,1,1800,5,57.08,57.08,41.96,356,13,0,0,0,1,2880,22,127.75,1,2,5,128.55,100,true,4259.83,1739.72,true,0,true,115533,true,true,true
VR_TEC_RUNNER,1,<RAIZ_TFM>\06_CONTROLLED_RERUN\OUTPUT\BENCHMARK\BENCH_20260619_FINAL01\REP_01\VR_TEC_RUNNER\TFM_BENCH_VR_TEC_RUNNER_20260619_131620\samples.csv,TFM_BENCH_VR_TEC_RUNNER_20260619_131620,2026-06-19T13:21:00.7686062+02:00,279.35,Velociraptor,Running,1,1800,0,57.08,57.08,41.96,356,13,0,0,0,1,2880,0,123.92,0,1,0,57.08,100,true,4217.72,1781.83,true,137986,true,1329,true,true,true
VR_TEC_RUNNER,1,<RAIZ_TFM>\06_CONTROLLED_RERUN\OUTPUT\BENCHMARK\BENCH_20260619_FINAL01\REP_01\VR_TEC_RUNNER\TFM_BENCH_VR_TEC_RUNNER_20260619_131620\samples.csv,TFM_BENCH_VR_TEC_RUNNER_20260619_131620,2026-06-19T13:21:07.9241653+02:00,286.5,Velociraptor,Running,1,1800,0,57.08,57.08,41.96,356,13,0,0,0,1,2880,15,125.31,0,1,0,57.08,100,true,4186.35,1813.2,true,2780316,true,41658,true,true,true
VR_TEC_RUNNER,1,<RAIZ_TFM>\06_CONTROLLED_RERUN\OUTPUT\BENCHMARK\BENCH_20260619_FINAL01\REP_01\VR_TEC_RUNNER\TFM_BENCH_VR_TEC_RUNNER_20260619_131620\samples.csv,TFM_BENCH_VR_TEC_RUNNER_20260619_131620,2026-06-19T13:21:13.4054058+02:00,291.99,Velociraptor,Running,1,1800,0,57.08,57.08,41.96,355,13,0,0,0,1,2880,5,123.46,0,1,0,57.08,89,true,4236.19,1763.36,true,46966,true,0,true,true,true
VR_TEC_RUNNER,1,<RAIZ_TFM>\06_CONTROLLED_RERUN\OUTPUT\BENCHMARK\BENCH_20260619_FINAL01\REP_01\VR_TEC_RUNNER\TFM_BENCH_VR_TEC_RUNNER_20260619_131620\samples.csv,TFM_BENCH_VR_TEC_RUNNER_20260619_131620,2026-06-19T13:21:18.8791087+02:00,297.46,Velociraptor,Running,1,1800,0,57.08,57.08,41.96,355,13,0,0,0,1,2880,27,156.32,0,1,0,57.08,100,true,4280.94,1718.61,true,15777,true,0,true,true,true
BASELINE_NO_VR,2,<RAIZ_TFM>\06_CONTROLLED_RERUN\OUTPUT\BENCHMARK\BENCH_20260619_FINAL01\REP_02\BASELINE_NO_VR\TFM_BENCH_BASELINE_NO_VR_20260619_132157\samples.csv,TFM_BENCH_BASELINE_NO_VR_20260619_132157,2026-06-19T13:22:02.5203981+02:00,0,Velociraptor,Stopped,0,,0,0,0,0,0,0,0,0,0,1,2880,5,131.47,1,1,5,71.32,100,true,4206.46,1793.09,true,48302,true,0,true,true,false
BASELINE_NO_VR,2,<RAIZ_TFM>\06_CONTROLLED_RERUN\OUTPUT\BENCHMARK\BENCH_20260619_FINAL01\REP_02\BASELINE_NO_VR\TFM_BENCH_BASELINE_NO_VR_20260619_132157\samples.csv,TFM_BENCH_BASELINE_NO_VR_20260619_132157,2026-06-19T13:22:07.0638483+02:00,4.54,Velociraptor,Stopped,0,,0,0,0,0,0,0,0,0,0,1,2880,14,128.2,0,0,0,0,51,true,4197,1802.55,true,67656,true,0,true,true,false
BASELINE_NO_VR,2,<RAIZ_TFM>\06_CONTROLLED_RERUN\OUTPUT\BENCHMARK\BENCH_20260619_FINAL01\REP_02\BASELINE_NO_VR\TFM_BENCH_BASELINE_NO_VR_20260619_132157\samples.csv,TFM_BENCH_BASELINE_NO_VR_20260619_132157,2026-06-19T13:22:10.8873145+02:00,8.37,Velociraptor,Stopped,0,,0,0,0,0,0,0,0,0,0,1,2880,0,156.6,0,0,0,0,77,true,4244.82,1754.73,true,801483,true,0,true,true,false
BASELINE_NO_VR,2,<RAIZ_TFM>\06_CONTROLLED_RERUN\OUTPUT\BENCHMARK\BENCH_20260619_FINAL01\REP_02\BASELINE_NO_VR\TFM_BENCH_BASELINE_NO_VR_20260619_132157\samples.csv,TFM_BENCH_BASELINE_NO_VR_20260619_132157,2026-06-19T13:22:15.6954429+02:00,13.18,Velociraptor,Stopped,0,,0,0,0,0,0,0,0,0,0,1,2880,0,133.18,1,1,0,58.41,47,true,4258.02,1741.53,true,561547,true,0,true,true,false
BASELINE_NO_VR,2,<RAIZ_TFM>\06_CONTROLLED_RERUN\OUTPUT\BENCHMARK\BENCH_20260619_FINAL01\REP_02\BASELINE_NO_VR\TFM_BENCH_BASELINE_NO_VR_20260619_132157\samples.csv,TFM_BENCH_BASELINE_NO_VR_20260619_132157,2026-06-19T13:22:26.3970871+02:00,23.88,Velociraptor,Stopped,0,,0,0,0,0,0,0,0,0,0,1,2880,0,194.64,0,0,0,0,51,true,4298.5,1701.05,true,492559,true,0,true,true,false
BASELINE_NO_VR,2,<RAIZ_TFM>\06_CONTROLLED_RERUN\OUTPUT\BENCHMARK\BENCH_20260619_FINAL01\REP_02\BASELINE_NO_VR\TFM_BENCH_BASELINE_NO_VR_20260619_132157\samples.csv,TFM_BENCH_BASELINE_NO_VR_20260619_132157,2026-06-19T13:22:35.9753583+02:00,33.45,Velociraptor,Stopped,0,,0,0,0,0,0,0,0,0,0,1,2880,5,124.59,0,0,0,0,76,true,4152.69,1846.86,true,0,true,0,true,true,false
BASELINE_NO_VR,2,<RAIZ_TFM>\06_CONTROLLED_RERUN\OUTPUT\BENCHMARK\BENCH_20260619_FINAL01\REP_02\BASELINE_NO_VR\TFM_BENCH_BASELINE_NO_VR_20260619_132157\samples.csv,TFM_BENCH_BASELINE_NO_VR_20260619_132157,2026-06-19T13:22:44.5071550+02:00,41.99,Velociraptor,Stopped,0,,0,0,0,0,0,0,0,0,0,1,2880,5,123.08,0,0,0,0,8,true,4113.64,1885.91,true,0,true,0,true,true,false
BASELINE_NO_VR,2,<RAIZ_TFM>\06_CONTROLLED_RERUN\OUTPUT\BENCHMARK\BENCH_20260619_FINAL01\REP_02\BASELINE_NO_VR\TFM_BENCH_BASELINE_NO_VR_20260619_132157\samples.csv,TFM_BENCH_BASELINE_NO_VR_20260619_132157,2026-06-19T13:22:48.1586948+02:00,45.64,Velociraptor,Stopped,0,,0,0,0,0,0,0,0,0,0,1,2880,5,128.95,0,0,0,0,88,true,4172.46,1827.09,true,0,true,15985,true,true,false
BASELINE_NO_VR,2,<RAIZ_TFM>\06_CONTROLLED_RERUN\OUTPUT\BENCHMARK\BENCH_20260619_FINAL01\REP_02\BASELINE_NO_VR\TFM_BENCH_BASELINE_NO_VR_20260619_132157\samples.csv,TFM_BENCH_BASELINE_NO_VR_20260619_132157,2026-06-19T13:22:52.2204834+02:00,49.7,Velociraptor,Stopped,0,,0,0,0,0,0,0,0,0,0,1,2880,0,130.94,0,0,0,0,59,true,4136.46,1863.09,true,0,true,23361,true,true,false
BASELINE_NO_VR,2,<RAIZ_TFM>\06_CONTROLLED_RERUN\OUTPUT\BENCHMARK\BENCH_20260619_FINAL01\REP_02\BASELINE_NO_VR\TFM_BENCH_BASELINE_NO_VR_20260619_132157\samples.csv,TFM_BENCH_BASELINE_NO_VR_20260619_132157,2026-06-19T13:22:55.9814219+02:00,53.46,Velociraptor,Stopped,0,,0,0,0,0,0,0,0,0,0,1,2880,0,125.98,0,0,0,0,8,true,4117.39,1882.16,true,0,true,0,true,true,false
BASELINE_NO_VR,2,<RAIZ_TFM>\06_CONTROLLED_RERUN\OUTPUT\BENCHMARK\BENCH_20260619_FINAL01\REP_02\BASELINE_NO_VR\TFM_BENCH_BASELINE_NO_VR_20260619_132157\samples.csv,TFM_BENCH_BASELINE_NO_VR_20260619_132157,2026-06-19T13:22:59.6765237+02:00,57.16,Velociraptor,Stopped,0,,0,0,0,0,0,0,0,0,0,1,2880,0,158.57,0,0,0,0,31,true,4171.19,1828.36,true,0,true,23392,true,true,false
BASELINE_NO_VR,2,<RAIZ_TFM>\06_CONTROLLED_RERUN\OUTPUT\BENCHMARK\BENCH_20260619_FINAL01\REP_02\BASELINE_NO_VR\TFM_BENCH_BASELINE_NO_VR_20260619_132157\samples.csv,TFM_BENCH_BASELINE_NO_VR_20260619_132157,2026-06-19T13:23:03.6856869+02:00,61.17,Velociraptor,Stopped,0,,0,0,0,0,0,0,0,0,0,1,2880,5,146.71,1,1,0,71.46,72,true,3950.98,2048.57,true,30580,true,11541,true,true,false
BASELINE_NO_VR,2,<RAIZ_TFM>\06_CONTROLLED_RERUN\OUTPUT\BENCHMARK\BENCH_20260619_FINAL01\REP_02\BASELINE_NO_VR\TFM_BENCH_BASELINE_NO_VR_20260619_132157\samples.csv,TFM_BENCH_BASELINE_NO_VR_20260619_132157,2026-06-19T13:23:08.2966582+02:00,65.78,Velociraptor,Stopped,0,,0,0,0,0,0,0,0,0,0,1,2880,0,129.84,0,0,0,0,11,true,3915.31,2084.24,true,0,true,398,true,true,false
BASELINE_NO_VR,2,<RAIZ_TFM>\06_CONTROLLED_RERUN\OUTPUT\BENCHMARK\BENCH_20260619_FINAL01\REP_02\BASELINE_NO_VR\TFM_BENCH_BASELINE_NO_VR_20260619_132157\samples.csv,TFM_BENCH_BASELINE_NO_VR_20260619_132157,2026-06-19T13:23:11.9727285+02:00,69.45,Velociraptor,Stopped,0,,0,0,0,0,0,0,0,0,0,1,2880,0,129.97,0,0,0,0,11,true,3906.34,2093.21,true,0,true,0,true,true,false
BASELINE_NO_VR,2,<RAIZ_TFM>\06_CONTROLLED_RERUN\OUTPUT\BENCHMARK\BENCH_20260619_FINAL01\REP_02\BASELINE_NO_VR\TFM_BENCH_BASELINE_NO_VR_20260619_132157\samples.csv,TFM_BENCH_BASELINE_NO_VR_20260619_132157,2026-06-19T13:23:15.6151460+02:00,73.09,Velociraptor,Stopped,0,,0,0,0,0,0,0,0,0,0,1,2880,107,149.31,0,0,0,0,53,true,3924.92,2074.63,true,0,true,0,true,true,false
BASELINE_NO_VR,2,<RAIZ_TFM>\06_CONTROLLED_RERUN\OUTPUT\BENCHMARK\BENCH_20260619_FINAL01\REP_02\BASELINE_NO_VR\TFM_BENCH_BASELINE_NO_VR_20260619_132157\samples.csv,TFM_BENCH_BASELINE_NO_VR_20260619_132157,2026-06-19T13:23:19.3219382+02:00,76.8,Velociraptor,Stopped,0,,0,0,0,0,0,0,0,0,0,1,2880,0,153.79,0,0,0,0,13,true,3928.45,2071.1,true,0,true,0,true,true,false
BASELINE_NO_VR,2,<RAIZ_TFM>\06_CONTROLLED_RERUN\OUTPUT\BENCHMARK\BENCH_20260619_FINAL01\REP_02\BASELINE_NO_VR\TFM_BENCH_BASELINE_NO_VR_20260619_132157\samples.csv,TFM_BENCH_BASELINE_NO_VR_20260619_132157,2026-06-19T13:23:22.9531142+02:00,80.43,Velociraptor,Stopped,0,,0,0,0,0,0,0,0,0,0,1,2880,0,153.82,0,0,0,0,8,true,3911.81,2087.74,true,0,true,0,true,true,false
BASELINE_NO_VR,2,<RAIZ_TFM>\06_CONTROLLED_RERUN\OUTPUT\BENCHMARK\BENCH_20260619_FINAL01\REP_02\BASELINE_NO_VR\TFM_BENCH_BASELINE_NO_VR_20260619_132157\samples.csv,TFM_BENCH_BASELINE_NO_VR_20260619_132157,2026-06-19T13:23:26.6022800+02:00,84.08,Velociraptor,Stopped,0,,0,0,0,0,0,0,0,0,0,1,2880,11,128.01,0,0,0,0,46,true,3942.43,2057.12,true,0,true,0,true,true,false
BASELINE_NO_VR,2,<RAIZ_TFM>\06_CONTROLLED_RERUN\OUTPUT\BENCHMARK\BENCH_20260619_FINAL01\REP_02\BASELINE_NO_VR\TFM_BENCH_BASELINE_NO_VR_20260619_132157\samples.csv,TFM_BENCH_BASELINE_NO_VR_20260619_132157,2026-06-19T13:23:30.4745846+02:00,87.95,Velociraptor,Stopped,0,,0,0,0,0,0,0,0,0,0,1,2880,154,156.85,0,0,0,0,80,true,3995.59,2003.96,true,0,true,0,true,true,false
BASELINE_NO_VR,2,<RAIZ_TFM>\06_CONTROLLED_RERUN\OUTPUT\BENCHMARK\BENCH_20260619_FINAL01\REP_02\BASELINE_NO_VR\TFM_BENCH_BASELINE_NO_VR_20260619_132157\samples.csv,TFM_BENCH_BASELINE_NO_VR_20260619_132157,2026-06-19T13:23:34.2519698+02:00,91.73,Velociraptor,Stopped,0,,0,0,0,0,0,0,0,0,0,1,2880,0,160.91,0,0,0,0,5,true,3963.5,2036.05,true,0,true,0,true,true,false
BASELINE_NO_VR,2,<RAIZ_TFM>\06_CONTROLLED_RERUN\OUTPUT\BENCHMARK\BENCH_20260619_FINAL01\REP_02\BASELINE_NO_VR\TFM_BENCH_BASELINE_NO_VR_20260619_132157\samples.csv,TFM_BENCH_BASELINE_NO_VR_20260619_132157,2026-06-19T13:23:37.8757842+02:00,95.36,Velociraptor,Stopped,0,,0,0,0,0,0,0,0,0,0,1,2880,0,122.18,0,0,0,0,5,true,3899.48,2100.07,true,0,true,0,true,true,false
BASELINE_NO_VR,2,<RAIZ_TFM>\06_CONTROLLED_RERUN\OUTPUT\BENCHMARK\BENCH_20260619_FINAL01\REP_02\BASELINE_NO_VR\TFM_BENCH_BASELINE_NO_VR_20260619_132157\samples.csv,TFM_BENCH_BASELINE_NO_VR_20260619_132157,2026-06-19T13:23:41.5053569+02:00,98.98,Velociraptor,Stopped,0,,0,0,0,0,0,0,0,0,0,1,2880,0,122.29,0,0,0,0,15,true,3921.66,2077.89,true,1694755,true,0,true,true,false
BASELINE_NO_VR,2,<RAIZ_TFM>\06_CONTROLLED_RERUN\OUTPUT\BENCHMARK\BENCH_20260619_FINAL01\REP_02\BASELINE_NO_VR\TFM_BENCH_BASELINE_NO_VR_20260619_132157\samples.csv,TFM_BENCH_BASELINE_NO_VR_20260619_132157,2026-06-19T13:23:45.1440239+02:00,102.62,Velociraptor,Stopped,0,,0,0,0,0,0,0,0,0,0,1,2880,0,122,0,0,0,0,9,true,3914.13,2085.42,true,0,true,0,true,true,false
BASELINE_NO_VR,2,<RAIZ_TFM>\06_CONTROLLED_RERUN\OUTPUT\BENCHMARK\BENCH_20260619_FINAL01\REP_02\BASELINE_NO_VR\TFM_BENCH_BASELINE_NO_VR_20260619_132157\samples.csv,TFM_BENCH_BASELINE_NO_VR_20260619_132157,2026-06-19T13:23:48.7831073+02:00,106.26,Velociraptor,Stopped,0,,0,0,0,0,0,0,0,0,0,1,2880,0,150.3,0,0,0,0,10,true,3949.5,2050.05,true,0,true,0,true,true,false
BASELINE_NO_VR,2,<RAIZ_TFM>\06_CONTROLLED_RERUN\OUTPUT\BENCHMARK\BENCH_20260619_FINAL01\REP_02\BASELINE_NO_VR\TFM_BENCH_BASELINE_NO_VR_20260619_132157\samples.csv,TFM_BENCH_BASELINE_NO_VR_20260619_132157,2026-06-19T13:23:52.4439878+02:00,109.92,Velociraptor,Stopped,0,,0,0,0,0,0,0,0,0,0,1,2880,0,152.93,0,0,0,0,13,true,3945.64,2053.91,true,0,true,0,true,true,false
BASELINE_NO_VR,2,<RAIZ_TFM>\06_CONTROLLED_RERUN\OUTPUT\BENCHMARK\BENCH_20260619_FINAL01\REP_02\BASELINE_NO_VR\TFM_BENCH_BASELINE_NO_VR_20260619_132157\samples.csv,TFM_BENCH_BASELINE_NO_VR_20260619_132157,2026-06-19T13:23:56.0794628+02:00,113.56,Velociraptor,Stopped,0,,0,0,0,0,0,0,0,0,0,1,2880,0,128.66,0,0,0,0,7,true,3911.83,2087.72,true,0,true,0,true,true,false
BASELINE_NO_VR,2,<RAIZ_TFM>\06_CONTROLLED_RERUN\OUTPUT\BENCHMARK\BENCH_20260619_FINAL01\REP_02\BASELINE_NO_VR\TFM_BENCH_BASELINE_NO_VR_20260619_132157\samples.csv,TFM_BENCH_BASELINE_NO_VR_20260619_132157,2026-06-19T13:23:59.7102604+02:00,117.19,Velociraptor,Stopped,0,,0,0,0,0,0,0,0,0,0,1,2880,0,128.68,0,0,0,0,12,true,3924.25,2075.3,true,0,true,0,true,true,false
BASELINE_NO_VR,2,<RAIZ_TFM>\06_CONTROLLED_RERUN\OUTPUT\BENCHMARK\BENCH_20260619_FINAL01\REP_02\BASELINE_NO_VR\TFM_BENCH_BASELINE_NO_VR_20260619_132157\samples.csv,TFM_BENCH_BASELINE_NO_VR_20260619_132157,2026-06-19T13:24:03.3342445+02:00,120.81,Velociraptor,Stopped,0,,0,0,0,0,0,0,0,0,0,1,2880,0,143.23,0,0,0,0,68,true,3985.22,2014.33,true,0,true,0,true,true,false
BASELINE_NO_VR,2,<RAIZ_TFM>\06_CONTROLLED_RERUN\OUTPUT\BENCHMARK\BENCH_20260619_FINAL01\REP_02\BASELINE_NO_VR\TFM_BENCH_BASELINE_NO_VR_20260619_132157\samples.csv,TFM_BENCH_BASELINE_NO_VR_20260619_132157,2026-06-19T13:24:07.2823114+02:00,124.76,Velociraptor,Stopped,0,,0,0,0,0,0,0,0,0,0,1,2880,0,125.14,1,1,62,71.79,21,true,3922.03,2077.52,true,0,true,1098,true,true,false
BASELINE_NO_VR,2,<RAIZ_TFM>\06_CONTROLLED_RERUN\OUTPUT\BENCHMARK\BENCH_20260619_FINAL01\REP_02\BASELINE_NO_VR\TFM_BENCH_BASELINE_NO_VR_20260619_132157\samples.csv,TFM_BENCH_BASELINE_NO_VR_20260619_132157,2026-06-19T13:24:11.1296218+02:00,128.61,Velociraptor,Stopped,0,,0,0,0,0,0,0,0,0,0,1,2880,5,127.34,0,0,0,0,12,true,3929.4,2070.15,true,0,true,219,true,true,false
BASELINE_NO_VR,2,<RAIZ_TFM>\06_CONTROLLED_RERUN\OUTPUT\BENCHMARK\BENCH_20260619_FINAL01\REP_02\BASELINE_NO_VR\TFM_BENCH_BASELINE_NO_VR_20260619_132157\samples.csv,TFM_BENCH_BASELINE_NO_VR_20260619_132157,2026-06-19T13:24:14.7680720+02:00,132.25,Velociraptor,Stopped,0,,0,0,0,0,0,0,0,0,0,1,2880,0,128.58,0,0,0,0,16,true,3901.46,2098.09,true,0,true,757,true,true,false
BASELINE_NO_VR,2,<RAIZ_TFM>\06_CONTROLLED_RERUN\OUTPUT\BENCHMARK\BENCH_20260619_FINAL01\REP_02\BASELINE_NO_VR\TFM_BENCH_BASELINE_NO_VR_20260619_132157\samples.csv,TFM_BENCH_BASELINE_NO_VR_20260619_132157,2026-06-19T13:24:18.3944170+02:00,135.87,Velociraptor,Stopped,0,,0,0,0,0,0,0,0,0,0,1,2880,0,124.73,0,0,0,0,12,true,3907.27,2092.28,true,0,true,0,true,true,false
BASELINE_NO_VR,2,<RAIZ_TFM>\06_CONTROLLED_RERUN\OUTPUT\BENCHMARK\BENCH_20260619_FINAL01\REP_02\BASELINE_NO_VR\TFM_BENCH_BASELINE_NO_VR_20260619_132157\samples.csv,TFM_BENCH_BASELINE_NO_VR_20260619_132157,2026-06-19T13:24:22.0325043+02:00,139.51,Velociraptor,Stopped,0,,0,0,0,0,0,0,0,0,0,1,2880,0,152.03,0,0,0,0,5,true,3948.73,2050.82,true,0,true,0,true,true,false
BASELINE_NO_VR,2,<RAIZ_TFM>\06_CONTROLLED_RERUN\OUTPUT\BENCHMARK\BENCH_20260619_FINAL01\REP_02\BASELINE_NO_VR\TFM_BENCH_BASELINE_NO_VR_20260619_132157\samples.csv,TFM_BENCH_BASELINE_NO_VR_20260619_132157,2026-06-19T13:24:25.6796887+02:00,143.16,Velociraptor,Stopped,0,,0,0,0,0,0,0,0,0,0,1,2880,0,122.2,0,0,0,0,21,true,3923.03,2076.52,true,0,true,0,true,true,false
BASELINE_NO_VR,2,<RAIZ_TFM>\06_CONTROLLED_RERUN\OUTPUT\BENCHMARK\BENCH_20260619_FINAL01\REP_02\BASELINE_NO_VR\TFM_BENCH_BASELINE_NO_VR_20260619_132157\samples.csv,TFM_BENCH_BASELINE_NO_VR_20260619_132157,2026-06-19T13:24:29.3250342+02:00,146.8,Velociraptor,Stopped,0,,0,0,0,0,0,0,0,0,0,1,2880,0,126.38,0,0,0,0,12,true,3916.57,2082.98,true,0,true,0,true,true,false
BASELINE_NO_VR,2,<RAIZ_TFM>\06_CONTROLLED_RERUN\OUTPUT\BENCHMARK\BENCH_20260619_FINAL01\REP_02\BASELINE_NO_VR\TFM_BENCH_BASELINE_NO_VR_20260619_132157\samples.csv,TFM_BENCH_BASELINE_NO_VR_20260619_132157,2026-06-19T13:24:32.9447872+02:00,150.42,Velociraptor,Stopped,0,,0,0,0,0,0,0,0,0,0,1,2880,0,126.43,0,0,0,0,12,true,3914.58,2084.97,true,0,true,0,true,true,false
BASELINE_NO_VR,2,<RAIZ_TFM>\06_CONTROLLED_RERUN\OUTPUT\BENCHMARK\BENCH_20260619_FINAL01\REP_02\BASELINE_NO_VR\TFM_BENCH_BASELINE_NO_VR_20260619_132157\samples.csv,TFM_BENCH_BASELINE_NO_VR_20260619_132157,2026-06-19T13:24:36.6003957+02:00,154.08,Velociraptor,Stopped,0,,0,0,0,0,0,0,0,0,0,1,2880,0,125.22,0,0,0,0,18,true,3912.86,2086.69,true,0,true,0,true,true,false
BASELINE_NO_VR,2,<RAIZ_TFM>\06_CONTROLLED_RERUN\OUTPUT\BENCHMARK\BENCH_20260619_FINAL01\REP_02\BASELINE_NO_VR\TFM_BENCH_BASELINE_NO_VR_20260619_132157\samples.csv,TFM_BENCH_BASELINE_NO_VR_20260619_132157,2026-06-19T13:24:40.2291337+02:00,157.71,Velociraptor,Stopped,0,,0,0,0,0,0,0,0,0,0,1,2880,0,125.22,0,0,0,0,8,true,3904.81,2094.74,true,0,true,0,true,true,false
BASELINE_NO_VR,2,<RAIZ_TFM>\06_CONTROLLED_RERUN\OUTPUT\BENCHMARK\BENCH_20260619_FINAL01\REP_02\BASELINE_NO_VR\TFM_BENCH_BASELINE_NO_VR_20260619_132157\samples.csv,TFM_BENCH_BASELINE_NO_VR_20260619_132157,2026-06-19T13:24:43.8437667+02:00,161.32,Velociraptor,Stopped,0,,0,0,0,0,0,0,0,0,0,1,2880,0,125.88,0,0,0,0,22,true,3912.35,2087.2,true,0,true,0,true,true,false
BASELINE_NO_VR,2,<RAIZ_TFM>\06_CONTROLLED_RERUN\OUTPUT\BENCHMARK\BENCH_20260619_FINAL01\REP_02\BASELINE_NO_VR\TFM_BENCH_BASELINE_NO_VR_20260619_132157\samples.csv,TFM_BENCH_BASELINE_NO_VR_20260619_132157,2026-06-19T13:24:47.4846223+02:00,164.96,Velociraptor,Stopped,0,,0,0,0,0,0,0,0,0,0,1,2880,0,122.66,0,0,0,0,11,true,3909.69,2089.86,true,0,true,493,true,true,false
BASELINE_NO_VR,2,<RAIZ_TFM>\06_CONTROLLED_RERUN\OUTPUT\BENCHMARK\BENCH_20260619_FINAL01\REP_02\BASELINE_NO_VR\TFM_BENCH_BASELINE_NO_VR_20260619_132157\samples.csv,TFM_BENCH_BASELINE_NO_VR_20260619_132157,2026-06-19T13:24:56.4033141+02:00,173.88,Velociraptor,Stopped,0,,0,0,0,0,0,0,0,0,0,1,2880,0,126.3,0,0,0,0,17,true,3930.72,2068.83,true,275535,true,0,true,true,false
BASELINE_NO_VR,2,<RAIZ_TFM>\06_CONTROLLED_RERUN\OUTPUT\BENCHMARK\BENCH_20260619_FINAL01\REP_02\BASELINE_NO_VR\TFM_BENCH_BASELINE_NO_VR_20260619_132157\samples.csv,TFM_BENCH_BASELINE_NO_VR_20260619_132157,2026-06-19T13:25:00.0739949+02:00,177.55,Velociraptor,Stopped,0,,0,0,0,0,0,0,0,0,0,1,2880,0,126.3,0,0,0,0,9,true,3937.51,2062.04,true,0,true,0,true,true,false
VR_IDLE,2,<RAIZ_TFM>\06_CONTROLLED_RERUN\OUTPUT\BENCHMARK\BENCH_20260619_FINAL01\REP_02\VR_IDLE\TFM_BENCH_VR_IDLE_20260619_132534\samples.csv,TFM_BENCH_VR_IDLE_20260619_132534,2026-06-19T13:26:05.4601423+02:00,0,Velociraptor,Running,1,404,0,57.75,57.75,42.1,343,13,0,0,0,1,2880,0,121.05,0,1,0,57.75,6,true,3946.21,2053.34,true,0,true,0,true,true,false
VR_IDLE,2,<RAIZ_TFM>\06_CONTROLLED_RERUN\OUTPUT\BENCHMARK\BENCH_20260619_FINAL01\REP_02\VR_IDLE\TFM_BENCH_VR_IDLE_20260619_132534\samples.csv,TFM_BENCH_VR_IDLE_20260619_132534,2026-06-19T13:26:09.6160284+02:00,4.16,Velociraptor,Running,1,404,0,57.75,57.75,42.1,343,13,0,0,0,1,2880,0,121.13,0,1,0,57.75,2,true,3948.99,2050.56,true,0,true,0,true,true,false
VR_IDLE,2,<RAIZ_TFM>\06_CONTROLLED_RERUN\OUTPUT\BENCHMARK\BENCH_20260619_FINAL01\REP_02\VR_IDLE\TFM_BENCH_VR_IDLE_20260619_132534\samples.csv,TFM_BENCH_VR_IDLE_20260619_132534,2026-06-19T13:26:13.2647224+02:00,7.8,Velociraptor,Running,1,404,0,57.92,57.92,42.23,351,13,0,0,0,1,2880,0,121.26,0,1,0,57.92,0,true,3934.5,2065.05,true,491624,true,0,true,true,false
VR_IDLE,2,<RAIZ_TFM>\06_CONTROLLED_RERUN\OUTPUT\BENCHMARK\BENCH_20260619_FINAL01\REP_02\VR_IDLE\TFM_BENCH_VR_IDLE_20260619_132534\samples.csv,TFM_BENCH_VR_IDLE_20260619_132534,2026-06-19T13:26:16.9126571+02:00,11.45,Velociraptor,Running,1,404,0,57.79,57.79,42.07,351,13,0,0,0,1,2880,0,119.14,0,1,0,57.79,2,true,3929.9,2069.65,true,1171532,true,0,true,true,false
VR_IDLE,2,<RAIZ_TFM>\06_CONTROLLED_RERUN\OUTPUT\BENCHMARK\BENCH_20260619_FINAL01\REP_02\VR_IDLE\TFM_BENCH_VR_IDLE_20260619_132534\samples.csv,TFM_BENCH_VR_IDLE_20260619_132534,2026-06-19T13:26:20.5647766+02:00,15.1,Velociraptor,Running,1,404,0,57.79,57.79,42.07,351,13,0,0,0,1,2880,198,149.65,0,1,0,57.79,43,true,3966.38,2033.17,true,0,true,0,true,true,false
VR_IDLE,2,<RAIZ_TFM>\06_CONTROLLED_RERUN\OUTPUT\BENCHMARK\BENCH_20260619_FINAL01\REP_02\VR_IDLE\TFM_BENCH_VR_IDLE_20260619_132534\samples.csv,TFM_BENCH_VR_IDLE_20260619_132534,2026-06-19T13:26:24.2211101+02:00,18.76,Velociraptor,Running,1,404,0,57.75,57.75,42.04,351,13,0,0,0,1,2880,0,147.07,0,1,0,57.75,0,true,3968.48,2031.07,true,0,true,0,true,true,false
VR_IDLE,2,<RAIZ_TFM>\06_CONTROLLED_RERUN\OUTPUT\BENCHMARK\BENCH_20260619_FINAL01\REP_02\VR_IDLE\TFM_BENCH_VR_IDLE_20260619_132534\samples.csv,TFM_BENCH_VR_IDLE_20260619_132534,2026-06-19T13:26:27.8650792+02:00,22.4,Velociraptor,Running,1,404,0,57.75,57.75,42.04,351,13,0,0,0,1,2880,0,119.26,0,1,0,57.75,7,true,3929.63,2069.92,true,0,true,0,true,true,false
VR_IDLE,2,<RAIZ_TFM>\06_CONTROLLED_RERUN\OUTPUT\BENCHMARK\BENCH_20260619_FINAL01\REP_02\VR_IDLE\TFM_BENCH_VR_IDLE_20260619_132534\samples.csv,TFM_BENCH_VR_IDLE_20260619_132534,2026-06-19T13:26:31.5103358+02:00,26.05,Velociraptor,Running,1,404,0,57.75,57.75,42.04,351,13,0,0,0,1,2880,0,119.26,0,1,0,57.75,10,true,3928.49,2071.06,true,15996,true,0,true,true,false
VR_IDLE,2,<RAIZ_TFM>\06_CONTROLLED_RERUN\OUTPUT\BENCHMARK\BENCH_20260619_FINAL01\REP_02\VR_IDLE\TFM_BENCH_VR_IDLE_20260619_132534\samples.csv,TFM_BENCH_VR_IDLE_20260619_132534,2026-06-19T13:26:35.1550980+02:00,29.69,Velociraptor,Running,1,404,0,57.75,57.75,42.04,351,13,0,0,0,1,2880,0,119.2,0,1,0,57.75,42,true,3959.24,2040.31,true,0,true,452,true,true,false
VR_IDLE,2,<RAIZ_TFM>\06_CONTROLLED_RERUN\OUTPUT\BENCHMARK\BENCH_20260619_FINAL01\REP_02\VR_IDLE\TFM_BENCH_VR_IDLE_20260619_132534\samples.csv,TFM_BENCH_VR_IDLE_20260619_132534,2026-06-19T13:26:38.8211586+02:00,33.36,Velociraptor,Running,1,404,0,57.75,57.75,42.04,351,13,0,0,0,1,2880,0,151.5,0,1,0,57.75,27,true,3967.55,2032,true,484731,true,0,true,true,false
VR_IDLE,2,<RAIZ_TFM>\06_CONTROLLED_RERUN\OUTPUT\BENCHMARK\BENCH_20260619_FINAL01\REP_02\VR_IDLE\TFM_BENCH_VR_IDLE_20260619_132534\samples.csv,TFM_BENCH_VR_IDLE_20260619_132534,2026-06-19T13:26:42.4595925+02:00,37,Velociraptor,Running,1,404,0,57.75,57.75,42.04,349,13,0,0,0,1,2880,0,151.5,0,1,0,57.75,14,true,3959.8,2039.75,true,0,true,0,true,true,false
VR_IDLE,2,<RAIZ_TFM>\06_CONTROLLED_RERUN\OUTPUT\BENCHMARK\BENCH_20260619_FINAL01\REP_02\VR_IDLE\TFM_BENCH_VR_IDLE_20260619_132534\samples.csv,TFM_BENCH_VR_IDLE_20260619_132534,2026-06-19T13:26:46.1235051+02:00,40.66,Velociraptor,Running,1,404,0,57.75,57.75,42.04,349,13,0,0,0,1,2880,0,119.41,0,1,0,57.75,3,true,3945.06,2054.49,true,389300,true,0,true,true,false
VR_IDLE,2,<RAIZ_TFM>\06_CONTROLLED_RERUN\OUTPUT\BENCHMARK\BENCH_20260619_FINAL01\REP_02\VR_IDLE\TFM_BENCH_VR_IDLE_20260619_132534\samples.csv,TFM_BENCH_VR_IDLE_20260619_132534,2026-06-19T13:26:49.7944716+02:00,44.33,Velociraptor,Running,1,404,0,57.75,57.75,42.04,349,13,0,0,0,1,2880,37,151.83,0,1,0,57.75,0,true,3967.09,2032.46,true,0,true,0,true,true,false
VR_IDLE,2,<RAIZ_TFM>\06_CONTROLLED_RERUN\OUTPUT\BENCHMARK\BENCH_20260619_FINAL01\REP_02\VR_IDLE\TFM_BENCH_VR_IDLE_20260619_132534\samples.csv,TFM_BENCH_VR_IDLE_20260619_132534,2026-06-19T13:26:53.4910612+02:00,48.03,Velociraptor,Running,1,404,0,57.75,57.75,42.04,349,13,0,0,0,1,2880,0,151.83,0,1,0,57.75,23,true,3946.67,2052.88,true,0,true,0,true,true,false
VR_IDLE,2,<RAIZ_TFM>\06_CONTROLLED_RERUN\OUTPUT\BENCHMARK\BENCH_20260619_FINAL01\REP_02\VR_IDLE\TFM_BENCH_VR_IDLE_20260619_132534\samples.csv,TFM_BENCH_VR_IDLE_20260619_132534,2026-06-19T13:26:57.1285111+02:00,51.67,Velociraptor,Running,1,404,0,57.75,57.75,42.04,349,13,0,0,0,1,2880,0,120.05,0,1,0,57.75,0,true,3934.72,2064.83,true,0,true,0,true,true,false
VR_IDLE,2,<RAIZ_TFM>\06_CONTROLLED_RERUN\OUTPUT\BENCHMARK\BENCH_20260619_FINAL01\REP_02\VR_IDLE\TFM_BENCH_VR_IDLE_20260619_132534\samples.csv,TFM_BENCH_VR_IDLE_20260619_132534,2026-06-19T13:27:00.7774301+02:00,55.32,Velociraptor,Running,1,404,0,57.75,57.75,42.04,349,13,0,0,0,1,2880,0,120.06,0,1,0,57.75,3,true,3926.03,2073.52,true,0,true,0,true,true,false
VR_IDLE,2,<RAIZ_TFM>\06_CONTROLLED_RERUN\OUTPUT\BENCHMARK\BENCH_20260619_FINAL01\REP_02\VR_IDLE\TFM_BENCH_VR_IDLE_20260619_132534\samples.csv,TFM_BENCH_VR_IDLE_20260619_132534,2026-06-19T13:27:04.4589500+02:00,59,Velociraptor,Running,1,404,0,57.75,57.75,42.04,349,13,0,0,0,1,2880,0,120.16,0,1,0,57.75,0,true,3929.16,2070.39,true,0,true,0,true,true,false
VR_IDLE,2,<RAIZ_TFM>\06_CONTROLLED_RERUN\OUTPUT\BENCHMARK\BENCH_20260619_FINAL01\REP_02\VR_IDLE\TFM_BENCH_VR_IDLE_20260619_132534\samples.csv,TFM_BENCH_VR_IDLE_20260619_132534,2026-06-19T13:27:08.1274869+02:00,62.67,Velociraptor,Running,1,404,0,57.75,57.75,42.04,349,13,0,0,0,1,2880,0,147.09,0,1,0,57.75,0,true,3959.96,2039.59,true,0,true,0,true,true,false
VR_IDLE,2,<RAIZ_TFM>\06_CONTROLLED_RERUN\OUTPUT\BENCHMARK\BENCH_20260619_FINAL01\REP_02\VR_IDLE\TFM_BENCH_VR_IDLE_20260619_132534\samples.csv,TFM_BENCH_VR_IDLE_20260619_132534,2026-06-19T13:27:11.7936561+02:00,66.33,Velociraptor,Running,1,404,0,57.75,57.75,42.04,349,13,0,0,0,1,2880,0,147.09,0,1,0,57.75,0,true,3950.71,2048.84,true,0,true,0,true,true,false
VR_IDLE,2,<RAIZ_TFM>\06_CONTROLLED_RERUN\OUTPUT\BENCHMARK\BENCH_20260619_FINAL01\REP_02\VR_IDLE\TFM_BENCH_VR_IDLE_20260619_132534\samples.csv,TFM_BENCH_VR_IDLE_20260619_132534,2026-06-19T13:27:15.4588264+02:00,70,Velociraptor,Running,1,404,0,57.75,57.75,42.04,349,13,0,0,0,1,2880,0,123.87,0,1,0,57.75,0,true,3931.47,2068.08,true,344055,true,0,true,true,false
VR_IDLE,2,<RAIZ_TFM>\06_CONTROLLED_RERUN\OUTPUT\BENCHMARK\BENCH_20260619_FINAL01\REP_02\VR_IDLE\TFM_BENCH_VR_IDLE_20260619_132534\samples.csv,TFM_BENCH_VR_IDLE_20260619_132534,2026-06-19T13:27:19.1174525+02:00,73.66,Velociraptor,Running,1,404,0,57.75,57.75,42.01,347,12,0,0,0,1,2880,0,123.89,0,1,0,57.75,0,true,3939.09,2060.46,true,0,true,0,true,true,false
VR_IDLE,2,<RAIZ_TFM>\06_CONTROLLED_RERUN\OUTPUT\BENCHMARK\BENCH_20260619_FINAL01\REP_02\VR_IDLE\TFM_BENCH_VR_IDLE_20260619_132534\samples.csv,TFM_BENCH_VR_IDLE_20260619_132534,2026-06-19T13:27:22.7823377+02:00,77.32,Velociraptor,Running,1,404,0,57.75,57.75,42.01,347,12,0,0,0,1,2880,0,154.72,0,1,0,57.75,1,true,3966.12,2033.43,true,0,true,0,true,true,false
VR_IDLE,2,<RAIZ_TFM>\06_CONTROLLED_RERUN\OUTPUT\BENCHMARK\BENCH_20260619_FINAL01\REP_02\VR_IDLE\TFM_BENCH_VR_IDLE_20260619_132534\samples.csv,TFM_BENCH_VR_IDLE_20260619_132534,2026-06-19T13:27:26.4440348+02:00,80.98,Velociraptor,Running,1,404,0,57.75,57.75,42.01,347,12,0,0,0,1,2880,0,123.94,0,1,0,57.75,12,true,3936.5,2063.05,true,1287934,true,0,true,true,false
VR_IDLE,2,<RAIZ_TFM>\06_CONTROLLED_RERUN\OUTPUT\BENCHMARK\BENCH_20260619_FINAL01\REP_02\VR_IDLE\TFM_BENCH_VR_IDLE_20260619_132534\samples.csv,TFM_BENCH_VR_IDLE_20260619_132534,2026-06-19T13:27:30.1133223+02:00,84.65,Velociraptor,Running,1,404,0,57.75,57.75,42.01,347,12,0,0,0,1,2880,0,125.17,0,1,0,57.75,4,true,3939.36,2060.19,true,0,true,228,true,true,false
VR_IDLE,2,<RAIZ_TFM>\06_CONTROLLED_RERUN\OUTPUT\BENCHMARK\BENCH_20260619_FINAL01\REP_02\VR_IDLE\TFM_BENCH_VR_IDLE_20260619_132534\samples.csv,TFM_BENCH_VR_IDLE_20260619_132534,2026-06-19T13:27:33.7515151+02:00,88.29,Velociraptor,Running,1,404,0,57.84,57.84,42.12,351,12,0,0,0,1,2880,0,125.23,0,1,0,57.84,0,true,3932.83,2066.72,true,0,true,0,true,true,false
VR_IDLE,2,<RAIZ_TFM>\06_CONTROLLED_RERUN\OUTPUT\BENCHMARK\BENCH_20260619_FINAL01\REP_02\VR_IDLE\TFM_BENCH_VR_IDLE_20260619_132534\samples.csv,TFM_BENCH_VR_IDLE_20260619_132534,2026-06-19T13:27:37.4381507+02:00,91.98,Velociraptor,Running,1,404,0,57.75,57.75,42.02,351,12,0,0,0,1,2880,0,150,0,1,0,57.75,0,true,3961.17,2038.38,true,202769,true,0,true,true,false
VR_IDLE,2,<RAIZ_TFM>\06_CONTROLLED_RERUN\OUTPUT\BENCHMARK\BENCH_20260619_FINAL01\REP_02\VR_IDLE\TFM_BENCH_VR_IDLE_20260619_132534\samples.csv,TFM_BENCH_VR_IDLE_20260619_132534,2026-06-19T13:27:41.0883314+02:00,95.63,Velociraptor,Running,1,404,0,57.75,57.75,42.02,351,12,0,0,0,1,2880,0,150.01,0,1,0,57.75,1,true,3957.59,2041.96,true,0,true,0,true,true,false
VR_IDLE,2,<RAIZ_TFM>\06_CONTROLLED_RERUN\OUTPUT\BENCHMARK\BENCH_20260619_FINAL01\REP_02\VR_IDLE\TFM_BENCH_VR_IDLE_20260619_132534\samples.csv,TFM_BENCH_VR_IDLE_20260619_132534,2026-06-19T13:27:44.7392216+02:00,99.28,Velociraptor,Running,1,404,0,57.71,57.71,41.96,351,12,0,0,0,1,2880,0,150.01,0,1,0,57.71,0,true,3963.46,2036.09,true,0,true,0,true,true,false
VR_IDLE,2,<RAIZ_TFM>\06_CONTROLLED_RERUN\OUTPUT\BENCHMARK\BENCH_20260619_FINAL01\REP_02\VR_IDLE\TFM_BENCH_VR_IDLE_20260619_132534\samples.csv,TFM_BENCH_VR_IDLE_20260619_132534,2026-06-19T13:27:48.3949854+02:00,102.93,Velociraptor,Running,1,404,0,57.71,57.71,41.96,351,12,0,0,0,1,2880,0,119.74,0,1,0,57.71,4,true,3934.01,2065.54,true,1115492,true,0,true,true,false
VR_IDLE,2,<RAIZ_TFM>\06_CONTROLLED_RERUN\OUTPUT\BENCHMARK\BENCH_20260619_FINAL01\REP_02\VR_IDLE\TFM_BENCH_VR_IDLE_20260619_132534\samples.csv,TFM_BENCH_VR_IDLE_20260619_132534,2026-06-19T13:27:52.0470712+02:00,106.59,Velociraptor,Running,1,404,0,57.71,57.71,41.96,351,12,0,0,0,1,2880,0,152.77,0,1,0,57.71,3,true,3961.65,2037.9,true,0,true,0,true,true,false
VR_IDLE,2,<RAIZ_TFM>\06_CONTROLLED_RERUN\OUTPUT\BENCHMARK\BENCH_20260619_FINAL01\REP_02\VR_IDLE\TFM_BENCH_VR_IDLE_20260619_132534\samples.csv,TFM_BENCH_VR_IDLE_20260619_132534,2026-06-19T13:27:55.7278788+02:00,110.27,Velociraptor,Running,1,404,0,57.71,57.71,41.96,351,12,0,0,0,1,2880,0,119.54,0,1,0,57.71,0,true,3926.44,2073.11,true,0,true,0,true,true,false
VR_IDLE,2,<RAIZ_TFM>\06_CONTROLLED_RERUN\OUTPUT\BENCHMARK\BENCH_20260619_FINAL01\REP_02\VR_IDLE\TFM_BENCH_VR_IDLE_20260619_132534\samples.csv,TFM_BENCH_VR_IDLE_20260619_132534,2026-06-19T13:27:59.3837669+02:00,113.92,Velociraptor,Running,1,404,0,57.71,57.71,41.96,351,12,0,0,0,1,2880,0,119.58,0,1,0,57.71,2,true,3926.21,2073.34,true,2172588,true,0,true,true,false
VR_IDLE,2,<RAIZ_TFM>\06_CONTROLLED_RERUN\OUTPUT\BENCHMARK\BENCH_20260619_FINAL01\REP_02\VR_IDLE\TFM_BENCH_VR_IDLE_20260619_132534\samples.csv,TFM_BENCH_VR_IDLE_20260619_132534,2026-06-19T13:28:03.0569782+02:00,117.6,Velociraptor,Running,1,404,0,57.73,57.73,41.99,349,13,0,0,0,1,2880,0,123.84,0,1,0,57.73,0,true,3923.65,2075.9,true,0,true,617,true,true,false
VR_IDLE,2,<RAIZ_TFM>\06_CONTROLLED_RERUN\OUTPUT\BENCHMARK\BENCH_20260619_FINAL01\REP_02\VR_IDLE\TFM_BENCH_VR_IDLE_20260619_132534\samples.csv,TFM_BENCH_VR_IDLE_20260619_132534,2026-06-19T13:28:06.7269174+02:00,121.27,Velociraptor,Running,1,404,0,57.73,57.73,41.99,349,13,0,0,0,1,2880,0,149.67,0,1,0,57.73,0,true,3961.18,2038.37,true,0,true,0,true,true,false
VR_IDLE,2,<RAIZ_TFM>\06_CONTROLLED_RERUN\OUTPUT\BENCHMARK\BENCH_20260619_FINAL01\REP_02\VR_IDLE\TFM_BENCH_VR_IDLE_20260619_132534\samples.csv,TFM_BENCH_VR_IDLE_20260619_132534,2026-06-19T13:28:10.3954099+02:00,124.94,Velociraptor,Running,1,404,0,57.73,57.73,41.99,349,13,0,0,0,1,2880,0,149.67,0,1,0,57.73,2,true,3959.22,2040.33,true,0,true,251,true,true,false
VR_IDLE,2,<RAIZ_TFM>\06_CONTROLLED_RERUN\OUTPUT\BENCHMARK\BENCH_20260619_FINAL01\REP_02\VR_IDLE\TFM_BENCH_VR_IDLE_20260619_132534\samples.csv,TFM_BENCH_VR_IDLE_20260619_132534,2026-06-19T13:28:14.0336194+02:00,128.57,Velociraptor,Running,1,404,0,57.71,57.71,41.98,349,13,0,0,0,1,2880,0,149.67,0,1,0,57.71,0,true,3960.96,2038.59,true,0,true,0,true,true,false
VR_IDLE,2,<RAIZ_TFM>\06_CONTROLLED_RERUN\OUTPUT\BENCHMARK\BENCH_20260619_FINAL01\REP_02\VR_IDLE\TFM_BENCH_VR_IDLE_20260619_132534\samples.csv,TFM_BENCH_VR_IDLE_20260619_132534,2026-06-19T13:28:17.6917624+02:00,132.23,Velociraptor,Running,1,404,0,57.72,57.72,42.01,349,13,0,0,0,1,2880,0,120.05,0,1,0,57.72,1,true,3930.69,2068.86,true,0,true,0,true,true,false
VR_IDLE,2,<RAIZ_TFM>\06_CONTROLLED_RERUN\OUTPUT\BENCHMARK\BENCH_20260619_FINAL01\REP_02\VR_IDLE\TFM_BENCH_VR_IDLE_20260619_132534\samples.csv,TFM_BENCH_VR_IDLE_20260619_132534,2026-06-19T13:28:21.3325828+02:00,135.87,Velociraptor,Running,1,404,0,57.72,57.72,42.01,349,13,0,0,0,1,2880,98,145.56,0,1,0,57.72,42,true,3955.2,2044.35,true,0,true,0,true,true,false
VR_IDLE,2,<RAIZ_TFM>\06_CONTROLLED_RERUN\OUTPUT\BENCHMARK\BENCH_20260619_FINAL01\REP_02\VR_IDLE\TFM_BENCH_VR_IDLE_20260619_132534\samples.csv,TFM_BENCH_VR_IDLE_20260619_132534,2026-06-19T13:28:25.0042668+02:00,139.54,Velociraptor,Running,1,404,0,57.72,57.72,41.98,349,13,0,0,0,1,2880,0,147.79,0,1,0,57.72,1,true,3926.33,2073.22,true,487946,true,0,true,true,false
VR_IDLE,2,<RAIZ_TFM>\06_CONTROLLED_RERUN\OUTPUT\BENCHMARK\BENCH_20260619_FINAL01\REP_02\VR_IDLE\TFM_BENCH_VR_IDLE_20260619_132534\samples.csv,TFM_BENCH_VR_IDLE_20260619_132534,2026-06-19T13:28:28.6728692+02:00,143.21,Velociraptor,Running,1,404,0,57.72,57.72,41.98,349,13,0,0,0,1,2880,0,123.64,0,1,0,57.72,1,true,3935.03,2064.52,true,0,true,0,true,true,false
VR_IDLE,2,<RAIZ_TFM>\06_CONTROLLED_RERUN\OUTPUT\BENCHMARK\BENCH_20260619_FINAL01\REP_02\VR_IDLE\TFM_BENCH_VR_IDLE_20260619_132534\samples.csv,TFM_BENCH_VR_IDLE_20260619_132534,2026-06-19T13:28:32.3273271+02:00,146.87,Velociraptor,Running,1,404,0,57.72,57.72,41.98,349,13,0,0,0,1,2880,0,124.92,0,1,0,57.72,3,true,3930.67,2068.88,true,0,true,0,true,true,false
VR_IDLE,2,<RAIZ_TFM>\06_CONTROLLED_RERUN\OUTPUT\BENCHMARK\BENCH_20260619_FINAL01\REP_02\VR_IDLE\TFM_BENCH_VR_IDLE_20260619_132534\samples.csv,TFM_BENCH_VR_IDLE_20260619_132534,2026-06-19T13:28:35.9879387+02:00,150.53,Velociraptor,Running,1,404,0,57.72,57.72,41.98,349,13,0,0,0,1,2880,45,151.83,0,1,0,57.72,24,true,3961.57,2037.98,true,460684,true,0,true,true,false
VR_IDLE,2,<RAIZ_TFM>\06_CONTROLLED_RERUN\OUTPUT\BENCHMARK\BENCH_20260619_FINAL01\REP_02\VR_IDLE\TFM_BENCH_VR_IDLE_20260619_132534\samples.csv,TFM_BENCH_VR_IDLE_20260619_132534,2026-06-19T13:28:39.6704997+02:00,154.21,Velociraptor,Running,1,404,0,57.72,57.72,41.98,349,13,0,0,0,1,2880,0,151.84,0,1,0,57.72,3,true,3963.18,2036.37,true,0,true,0,true,true,false
VR_IDLE,2,<RAIZ_TFM>\06_CONTROLLED_RERUN\OUTPUT\BENCHMARK\BENCH_20260619_FINAL01\REP_02\VR_IDLE\TFM_BENCH_VR_IDLE_20260619_132534\samples.csv,TFM_BENCH_VR_IDLE_20260619_132534,2026-06-19T13:28:43.3287966+02:00,157.87,Velociraptor,Running,1,404,0,57.72,57.72,41.98,349,13,0,0,0,1,2880,0,151.84,0,1,0,57.72,0,true,3962.07,2037.48,true,0,true,0,true,true,false
VR_IDLE,2,<RAIZ_TFM>\06_CONTROLLED_RERUN\OUTPUT\BENCHMARK\BENCH_20260619_FINAL01\REP_02\VR_IDLE\TFM_BENCH_VR_IDLE_20260619_132534\samples.csv,TFM_BENCH_VR_IDLE_20260619_132534,2026-06-19T13:28:46.9816591+02:00,161.52,Velociraptor,Running,1,404,0,57.88,57.88,42.1,353,13,0,0,0,1,2880,0,119.8,0,1,0,57.88,4,true,3930.06,2069.49,true,753033,true,0,true,true,false
VR_IDLE,2,<RAIZ_TFM>\06_CONTROLLED_RERUN\OUTPUT\BENCHMARK\BENCH_20260619_FINAL01\REP_02\VR_IDLE\TFM_BENCH_VR_IDLE_20260619_132534\samples.csv,TFM_BENCH_VR_IDLE_20260619_132534,2026-06-19T13:28:50.6551653+02:00,165.2,Velociraptor,Running,1,404,0,57.88,57.88,42.1,353,13,0,0,0,1,2880,0,124.32,0,1,0,57.88,1,true,3933.59,2065.96,true,0,true,0,true,true,false
VR_IDLE,2,<RAIZ_TFM>\06_CONTROLLED_RERUN\OUTPUT\BENCHMARK\BENCH_20260619_FINAL01\REP_02\VR_IDLE\TFM_BENCH_VR_IDLE_20260619_132534\samples.csv,TFM_BENCH_VR_IDLE_20260619_132534,2026-06-19T13:28:54.3881953+02:00,168.93,Velociraptor,Running,1,404,0,57.8,57.8,42.01,353,13,0,0,0,1,2880,0,150.52,0,1,0,57.8,1,true,3964.83,2034.72,true,0,true,0,true,true,false
VR_IDLE,2,<RAIZ_TFM>\06_CONTROLLED_RERUN\OUTPUT\BENCHMARK\BENCH_20260619_FINAL01\REP_02\VR_IDLE\TFM_BENCH_VR_IDLE_20260619_132534\samples.csv,TFM_BENCH_VR_IDLE_20260619_132534,2026-06-19T13:28:58.1211452+02:00,172.66,Velociraptor,Running,1,404,0,57.8,57.8,42.01,353,13,0,0,0,1,2880,0,123.56,0,1,0,57.8,4,true,3924.04,2075.51,true,0,true,0,true,true,false
VR_IDLE,2,<RAIZ_TFM>\06_CONTROLLED_RERUN\OUTPUT\BENCHMARK\BENCH_20260619_FINAL01\REP_02\VR_IDLE\TFM_BENCH_VR_IDLE_20260619_132534\samples.csv,TFM_BENCH_VR_IDLE_20260619_132534,2026-06-19T13:29:01.9806710+02:00,176.52,Velociraptor,Running,1,404,0,57.8,57.8,42.01,353,13,0,0,0,1,2880,0,123.67,0,1,0,57.8,0,true,3934.38,2065.17,true,393061,true,0,true,true,false
VR_TEC_RUNNER,2,<RAIZ_TFM>\06_CONTROLLED_RERUN\OUTPUT\BENCHMARK\BENCH_20260619_FINAL01\REP_02\VR_TEC_RUNNER\TFM_BENCH_VR_TEC_RUNNER_20260619_132936\samples.csv,TFM_BENCH_VR_TEC_RUNNER_20260619_132936,2026-06-19T13:29:37.2997885+02:00,0,Velociraptor,Running,1,404,0,57.79,57.79,41.98,351,12,0,0,0,1,2880,0,122.47,0,1,0,57.79,57,true,4070.84,1928.71,true,259540,true,0,true,true,true
VR_TEC_RUNNER,2,<RAIZ_TFM>\06_CONTROLLED_RERUN\OUTPUT\BENCHMARK\BENCH_20260619_FINAL01\REP_02\VR_TEC_RUNNER\TFM_BENCH_VR_TEC_RUNNER_20260619_132936\samples.csv,TFM_BENCH_VR_TEC_RUNNER_20260619_132936,2026-06-19T13:29:43.1781735+02:00,5.88,Velociraptor,Running,1,404,0,57.93,57.93,42.13,353,12,0,0,0,1,2880,11,119.91,0,1,0,57.93,70,true,4089.31,1910.24,true,25357137,true,891,true,true,true
VR_TEC_RUNNER,2,<RAIZ_TFM>\06_CONTROLLED_RERUN\OUTPUT\BENCHMARK\BENCH_20260619_FINAL01\REP_02\VR_TEC_RUNNER\TFM_BENCH_VR_TEC_RUNNER_20260619_132936\samples.csv,TFM_BENCH_VR_TEC_RUNNER_20260619_132936,2026-06-19T13:29:51.7646299+02:00,14.46,Velociraptor,Running,1,404,0,57.84,57.84,42.04,353,12,0,0,0,1,2880,33,157.88,0,1,0,57.84,98,true,4112.48,1887.07,true,170562,true,0,true,true,true
VR_TEC_RUNNER,2,<RAIZ_TFM>\06_CONTROLLED_RERUN\OUTPUT\BENCHMARK\BENCH_20260619_FINAL01\REP_02\VR_TEC_RUNNER\TFM_BENCH_VR_TEC_RUNNER_20260619_132936\samples.csv,TFM_BENCH_VR_TEC_RUNNER_20260619_132936,2026-06-19T13:30:00.9289415+02:00,23.63,Velociraptor,Running,1,404,0,57.84,57.84,42.04,353,12,0,0,0,1,2880,0,155.48,0,1,0,57.84,100,true,4053.52,1946.03,true,258896,true,0,true,true,true
VR_TEC_RUNNER,2,<RAIZ_TFM>\06_CONTROLLED_RERUN\OUTPUT\BENCHMARK\BENCH_20260619_FINAL01\REP_02\VR_TEC_RUNNER\TFM_BENCH_VR_TEC_RUNNER_20260619_132936\samples.csv,TFM_BENCH_VR_TEC_RUNNER_20260619_132936,2026-06-19T13:30:10.3337941+02:00,33.03,Velociraptor,Running,1,404,0,57.84,57.84,42.04,353,12,0,0,0,1,2880,0,124.05,0,1,0,57.84,18,true,4052,1947.55,true,0,true,0,true,true,true
VR_TEC_RUNNER,2,<RAIZ_TFM>\06_CONTROLLED_RERUN\OUTPUT\BENCHMARK\BENCH_20260619_FINAL01\REP_02\VR_TEC_RUNNER\TFM_BENCH_VR_TEC_RUNNER_20260619_132936\samples.csv,TFM_BENCH_VR_TEC_RUNNER_20260619_132936,2026-06-19T13:30:14.0015000+02:00,36.7,Velociraptor,Running,1,404,0,57.84,57.84,42.04,353,12,0,0,0,1,2880,0,149.62,0,1,0,57.84,4,true,4135.92,1863.63,true,0,true,0,true,true,true
VR_TEC_RUNNER,2,<RAIZ_TFM>\06_CONTROLLED_RERUN\OUTPUT\BENCHMARK\BENCH_20260619_FINAL01\REP_02\VR_TEC_RUNNER\TFM_BENCH_VR_TEC_RUNNER_20260619_132936\samples.csv,TFM_BENCH_VR_TEC_RUNNER_20260619_132936,2026-06-19T13:30:17.6861522+02:00,40.39,Velociraptor,Running,1,404,0,57.85,57.85,42.07,352,13,0,0,0,1,2880,0,120.36,0,1,0,57.85,1,true,4050.94,1948.61,true,0,true,0,true,true,true
VR_TEC_RUNNER,2,<RAIZ_TFM>\06_CONTROLLED_RERUN\OUTPUT\BENCHMARK\BENCH_20260619_FINAL01\REP_02\VR_TEC_RUNNER\TFM_BENCH_VR_TEC_RUNNER_20260619_132936\samples.csv,TFM_BENCH_VR_TEC_RUNNER_20260619_132936,2026-06-19T13:30:21.3280893+02:00,44.03,Velociraptor,Running,1,404,0,57.85,57.85,42.07,352,13,0,0,0,1,2880,0,123.19,0,1,0,57.85,2,true,4045.59,1953.96,true,0,true,0,true,true,true
VR_TEC_RUNNER,2,<RAIZ_TFM>\06_CONTROLLED_RERUN\OUTPUT\BENCHMARK\BENCH_20260619_FINAL01\REP_02\VR_TEC_RUNNER\TFM_BENCH_VR_TEC_RUNNER_20260619_132936\samples.csv,TFM_BENCH_VR_TEC_RUNNER_20260619_132936,2026-06-19T13:30:24.9830462+02:00,47.68,Velociraptor,Running,1,404,0,57.85,57.85,42.07,352,13,0,0,0,1,2880,0,123.4,0,1,0,57.85,7,true,4097.76,1901.79,true,718109,true,1524,true,true,true
VR_TEC_RUNNER,2,<RAIZ_TFM>\06_CONTROLLED_RERUN\OUTPUT\BENCHMARK\BENCH_20260619_FINAL01\REP_02\VR_TEC_RUNNER\TFM_BENCH_VR_TEC_RUNNER_20260619_132936\samples.csv,TFM_BENCH_VR_TEC_RUNNER_20260619_132936,2026-06-19T13:30:28.6465096+02:00,51.35,Velociraptor,Running,1,404,0,57.85,57.85,42.07,352,13,0,0,0,1,2880,10,148.39,0,1,0,57.85,0,true,4129.31,1870.24,true,0,true,0,true,true,true
VR_TEC_RUNNER,2,<RAIZ_TFM>\06_CONTROLLED_RERUN\OUTPUT\BENCHMARK\BENCH_20260619_FINAL01\REP_02\VR_TEC_RUNNER\TFM_BENCH_VR_TEC_RUNNER_20260619_132936\samples.csv,TFM_BENCH_VR_TEC_RUNNER_20260619_132936,2026-06-19T13:30:32.3131463+02:00,55.01,Velociraptor,Running,1,404,0,57.85,57.85,42.07,352,13,0,0,0,1,2880,5,150.02,0,1,0,57.85,1,true,4126.76,1872.79,true,0,true,0,true,true,true
VR_TEC_RUNNER,2,<RAIZ_TFM>\06_CONTROLLED_RERUN\OUTPUT\BENCHMARK\BENCH_20260619_FINAL01\REP_02\VR_TEC_RUNNER\TFM_BENCH_VR_TEC_RUNNER_20260619_132936\samples.csv,TFM_BENCH_VR_TEC_RUNNER_20260619_132936,2026-06-19T13:30:35.9605103+02:00,58.66,Velociraptor,Running,1,404,0,57.85,57.85,42.07,352,13,0,0,0,1,2880,28,152.79,0,1,0,57.85,43,true,4096.65,1902.9,true,0,true,7415,true,true,true
VR_TEC_RUNNER,2,<RAIZ_TFM>\06_CONTROLLED_RERUN\OUTPUT\BENCHMARK\BENCH_20260619_FINAL01\REP_02\VR_TEC_RUNNER\TFM_BENCH_VR_TEC_RUNNER_20260619_132936\samples.csv,TFM_BENCH_VR_TEC_RUNNER_20260619_132936,2026-06-19T13:30:39.7790157+02:00,62.48,Velociraptor,Running,1,404,0,57.85,57.85,42.07,352,13,0,0,0,1,2880,0,125.15,0,1,0,57.85,0,true,4055.29,1944.26,true,0,true,0,true,true,true
VR_TEC_RUNNER,2,<RAIZ_TFM>\06_CONTROLLED_RERUN\OUTPUT\BENCHMARK\BENCH_20260619_FINAL01\REP_02\VR_TEC_RUNNER\TFM_BENCH_VR_TEC_RUNNER_20260619_132936\samples.csv,TFM_BENCH_VR_TEC_RUNNER_20260619_132936,2026-06-19T13:30:43.4749464+02:00,66.18,Velociraptor,Running,1,404,0,57.85,57.85,42.07,352,13,0,0,0,1,2880,0,145.39,0,1,0,57.85,3,true,4134.1,1865.45,true,3168465,true,0,true,true,true
VR_TEC_RUNNER,2,<RAIZ_TFM>\06_CONTROLLED_RERUN\OUTPUT\BENCHMARK\BENCH_20260619_FINAL01\REP_02\VR_TEC_RUNNER\TFM_BENCH_VR_TEC_RUNNER_20260619_132936\samples.csv,TFM_BENCH_VR_TEC_RUNNER_20260619_132936,2026-06-19T13:30:47.1040771+02:00,69.8,Velociraptor,Running,1,404,0,57.85,57.85,42.07,353,13,0,0,0,1,2880,11,120.61,0,1,0,57.85,2,true,4096.66,1902.89,true,0,true,0,true,true,true
VR_TEC_RUNNER,2,<RAIZ_TFM>\06_CONTROLLED_RERUN\OUTPUT\BENCHMARK\BENCH_20260619_FINAL01\REP_02\VR_TEC_RUNNER\TFM_BENCH_VR_TEC_RUNNER_20260619_132936\samples.csv,TFM_BENCH_VR_TEC_RUNNER_20260619_132936,2026-06-19T13:30:50.7712923+02:00,73.47,Velociraptor,Running,1,404,0,57.85,57.85,42.07,353,13,0,0,0,1,2880,0,124.79,0,1,0,57.85,0,true,4063.21,1936.34,true,0,true,0,true,true,true
VR_TEC_RUNNER,2,<RAIZ_TFM>\06_CONTROLLED_RERUN\OUTPUT\BENCHMARK\BENCH_20260619_FINAL01\REP_02\VR_TEC_RUNNER\TFM_BENCH_VR_TEC_RUNNER_20260619_132936\samples.csv,TFM_BENCH_VR_TEC_RUNNER_20260619_132936,2026-06-19T13:30:54.4405523+02:00,77.14,Velociraptor,Running,1,404,0,57.85,57.85,42.07,353,13,0,0,0,1,2880,0,125,0,1,0,57.85,3,true,4041.43,1958.12,true,420618,true,0,true,true,true
VR_TEC_RUNNER,2,<RAIZ_TFM>\06_CONTROLLED_RERUN\OUTPUT\BENCHMARK\BENCH_20260619_FINAL01\REP_02\VR_TEC_RUNNER\TFM_BENCH_VR_TEC_RUNNER_20260619_132936\samples.csv,TFM_BENCH_VR_TEC_RUNNER_20260619_132936,2026-06-19T13:30:58.0887717+02:00,80.79,Velociraptor,Running,1,404,0,57.85,57.85,42.07,353,13,0,0,0,1,2880,0,124.15,0,1,0,57.85,19,true,4113.25,1886.3,true,0,true,207,true,true,true
VR_TEC_RUNNER,2,<RAIZ_TFM>\06_CONTROLLED_RERUN\OUTPUT\BENCHMARK\BENCH_20260619_FINAL01\REP_02\VR_TEC_RUNNER\TFM_BENCH_VR_TEC_RUNNER_20260619_132936\samples.csv,TFM_BENCH_VR_TEC_RUNNER_20260619_132936,2026-06-19T13:31:01.7625980+02:00,84.46,Velociraptor,Running,1,404,0,57.86,57.86,42.07,353,13,0,0,0,1,2880,0,124.51,0,1,0,57.86,14,true,4076.09,1923.46,true,0,true,0,true,true,true
VR_TEC_RUNNER,2,<RAIZ_TFM>\06_CONTROLLED_RERUN\OUTPUT\BENCHMARK\BENCH_20260619_FINAL01\REP_02\VR_TEC_RUNNER\TFM_BENCH_VR_TEC_RUNNER_20260619_132936\samples.csv,TFM_BENCH_VR_TEC_RUNNER_20260619_132936,2026-06-19T13:31:05.4806168+02:00,88.18,Velociraptor,Running,1,404,5,57.8,57.8,41.97,357,13,0,0,0,1,2880,5,124.62,0,1,5,57.8,0,true,4013.49,1986.06,true,13569,true,0,true,true,true
VR_TEC_RUNNER,2,<RAIZ_TFM>\06_CONTROLLED_RERUN\OUTPUT\BENCHMARK\BENCH_20260619_FINAL01\REP_02\VR_TEC_RUNNER\TFM_BENCH_VR_TEC_RUNNER_20260619_132936\samples.csv,TFM_BENCH_VR_TEC_RUNNER_20260619_132936,2026-06-19T13:31:09.1836107+02:00,91.88,Velociraptor,Running,1,404,0,57.8,57.8,41.97,357,13,0,0,0,1,2880,0,121.02,0,1,0,57.8,0,true,4017.63,1981.92,true,0,true,0,true,true,true
VR_TEC_RUNNER,2,<RAIZ_TFM>\06_CONTROLLED_RERUN\OUTPUT\BENCHMARK\BENCH_20260619_FINAL01\REP_02\VR_TEC_RUNNER\TFM_BENCH_VR_TEC_RUNNER_20260619_132936\samples.csv,TFM_BENCH_VR_TEC_RUNNER_20260619_132936,2026-06-19T13:31:12.8845432+02:00,95.58,Velociraptor,Running,1,404,0,57.8,57.8,41.97,357,13,0,0,0,1,2880,0,150.93,0,1,0,57.8,3,true,4099.11,1900.44,true,0,true,0,true,true,true
VR_TEC_RUNNER,2,<RAIZ_TFM>\06_CONTROLLED_RERUN\OUTPUT\BENCHMARK\BENCH_20260619_FINAL01\REP_02\VR_TEC_RUNNER\TFM_BENCH_VR_TEC_RUNNER_20260619_132936\samples.csv,TFM_BENCH_VR_TEC_RUNNER_20260619_132936,2026-06-19T13:31:16.7570748+02:00,99.46,Velociraptor,Running,1,404,0,57.8,57.8,41.97,357,13,0,0,0,1,2880,5,120.06,0,1,0,57.8,0,true,4078.21,1921.34,true,0,true,0,true,true,true
VR_TEC_RUNNER,2,<RAIZ_TFM>\06_CONTROLLED_RERUN\OUTPUT\BENCHMARK\BENCH_20260619_FINAL01\REP_02\VR_TEC_RUNNER\TFM_BENCH_VR_TEC_RUNNER_20260619_132936\samples.csv,TFM_BENCH_VR_TEC_RUNNER_20260619_132936,2026-06-19T13:31:20.4598414+02:00,103.16,Velociraptor,Running,1,404,0,57.8,57.8,41.97,357,13,0,0,0,1,2880,10,128.6,0,1,0,57.8,54,true,4052.22,1947.33,true,14296,true,0,true,true,true
VR_TEC_RUNNER,2,<RAIZ_TFM>\06_CONTROLLED_RERUN\OUTPUT\BENCHMARK\BENCH_20260619_FINAL01\REP_02\VR_TEC_RUNNER\TFM_BENCH_VR_TEC_RUNNER_20260619_132936\samples.csv,TFM_BENCH_VR_TEC_RUNNER_20260619_132936,2026-06-19T13:31:24.4015403+02:00,107.1,Velociraptor,Running,1,404,0,57.8,57.8,41.97,357,13,0,0,0,1,2880,16,134.52,0,1,0,57.8,100,true,4052.51,1947.04,true,14820,true,40497,true,true,true
VR_TEC_RUNNER,2,<RAIZ_TFM>\06_CONTROLLED_RERUN\OUTPUT\BENCHMARK\BENCH_20260619_FINAL01\REP_02\VR_TEC_RUNNER\TFM_BENCH_VR_TEC_RUNNER_20260619_132936\samples.csv,TFM_BENCH_VR_TEC_RUNNER_20260619_132936,2026-06-19T13:31:28.6319423+02:00,111.33,Velociraptor,Running,1,404,0,57.8,57.8,41.97,357,13,0,0,0,1,2880,23,160.54,1,2,0,129.38,94,true,4146.27,1853.28,true,13638,true,9411,true,true,true
VR_TEC_RUNNER,2,<RAIZ_TFM>\06_CONTROLLED_RERUN\OUTPUT\BENCHMARK\BENCH_20260619_FINAL01\REP_02\VR_TEC_RUNNER\TFM_BENCH_VR_TEC_RUNNER_20260619_132936\samples.csv,TFM_BENCH_VR_TEC_RUNNER_20260619_132936,2026-06-19T13:31:33.2164254+02:00,115.92,Velociraptor,Running,1,404,0,57.8,57.8,41.97,357,13,0,0,0,1,2880,0,160.56,1,2,81,129.44,57,true,4088.47,1911.08,true,0,true,0,true,true,true
VR_TEC_RUNNER,2,<RAIZ_TFM>\06_CONTROLLED_RERUN\OUTPUT\BENCHMARK\BENCH_20260619_FINAL01\REP_02\VR_TEC_RUNNER\TFM_BENCH_VR_TEC_RUNNER_20260619_132936\samples.csv,TFM_BENCH_VR_TEC_RUNNER_20260619_132936,2026-06-19T13:31:37.5698671+02:00,120.27,Velociraptor,Running,1,404,5,57.8,57.8,42.1,355,13,0,0,0,1,2880,10,122.28,0,1,5,57.8,100,true,4066.73,1932.82,true,15110967,true,0,true,true,true
VR_TEC_RUNNER,2,<RAIZ_TFM>\06_CONTROLLED_RERUN\OUTPUT\BENCHMARK\BENCH_20260619_FINAL01\REP_02\VR_TEC_RUNNER\TFM_BENCH_VR_TEC_RUNNER_20260619_132936\samples.csv,TFM_BENCH_VR_TEC_RUNNER_20260619_132936,2026-06-19T13:31:49.5414382+02:00,132.24,Velociraptor,Running,1,404,0,57.79,57.79,42.09,353,12,0,0,0,1,2880,5,172.44,0,1,0,57.79,100,true,4190.51,1809.04,true,1522572,true,984,true,true,true
VR_TEC_RUNNER,2,<RAIZ_TFM>\06_CONTROLLED_RERUN\OUTPUT\BENCHMARK\BENCH_20260619_FINAL01\REP_02\VR_TEC_RUNNER\TFM_BENCH_VR_TEC_RUNNER_20260619_132936\samples.csv,TFM_BENCH_VR_TEC_RUNNER_20260619_132936,2026-06-19T13:31:54.7021606+02:00,137.4,Velociraptor,Running,1,404,0,57.79,57.79,42.09,353,12,0,0,0,1,2880,26,120.82,1,2,21,126.12,100,true,4141.81,1857.74,true,228604,true,0,true,true,true
VR_TEC_RUNNER,2,<RAIZ_TFM>\06_CONTROLLED_RERUN\OUTPUT\BENCHMARK\BENCH_20260619_FINAL01\REP_02\VR_TEC_RUNNER\TFM_BENCH_VR_TEC_RUNNER_20260619_132936\samples.csv,TFM_BENCH_VR_TEC_RUNNER_20260619_132936,2026-06-19T13:32:05.3831473+02:00,148.08,Velociraptor,Running,1,404,5,57.79,57.79,42.09,353,12,0,0,0,1,2880,0,166.69,2,3,106,200.74,100,true,4160.12,1839.43,true,30875,true,0,true,true,true
VR_TEC_RUNNER,2,<RAIZ_TFM>\06_CONTROLLED_RERUN\OUTPUT\BENCHMARK\BENCH_20260619_FINAL01\REP_02\VR_TEC_RUNNER\TFM_BENCH_VR_TEC_RUNNER_20260619_132936\samples.csv,TFM_BENCH_VR_TEC_RUNNER_20260619_132936,2026-06-19T13:32:12.5729211+02:00,155.27,Velociraptor,Running,1,404,0,57.79,57.79,42.09,353,12,0,0,0,1,2880,5,126.84,1,2,0,127.36,100,true,4145.41,1854.14,true,30089,true,590,true,true,true
VR_TEC_RUNNER,2,<RAIZ_TFM>\06_CONTROLLED_RERUN\OUTPUT\BENCHMARK\BENCH_20260619_FINAL01\REP_02\VR_TEC_RUNNER\TFM_BENCH_VR_TEC_RUNNER_20260619_132936\samples.csv,TFM_BENCH_VR_TEC_RUNNER_20260619_132936,2026-06-19T13:32:19.4275261+02:00,162.13,Velociraptor,Running,1,404,0,57.97,57.97,42.26,355,12,0,0,0,1,2880,0,177.23,2,3,27,174.2,100,true,4196.53,1803.02,true,0,true,22394,true,true,true
VR_TEC_RUNNER,2,<RAIZ_TFM>\06_CONTROLLED_RERUN\OUTPUT\BENCHMARK\BENCH_20260619_FINAL01\REP_02\VR_TEC_RUNNER\TFM_BENCH_VR_TEC_RUNNER_20260619_132936\samples.csv,TFM_BENCH_VR_TEC_RUNNER_20260619_132936,2026-06-19T13:32:32.2201201+02:00,174.92,Velociraptor,Running,1,404,0,57.86,57.86,42.13,355,12,0,0,0,1,2880,0,134.51,0,1,0,57.86,100,true,4204.68,1794.87,true,0,true,54991,true,true,true
VR_TEC_RUNNER,2,<RAIZ_TFM>\06_CONTROLLED_RERUN\OUTPUT\BENCHMARK\BENCH_20260619_FINAL01\REP_02\VR_TEC_RUNNER\TFM_BENCH_VR_TEC_RUNNER_20260619_132936\samples.csv,TFM_BENCH_VR_TEC_RUNNER_20260619_132936,2026-06-19T13:32:39.2626304+02:00,181.96,Velociraptor,Running,1,404,5,57.86,57.86,42.13,355,12,0,0,0,1,2880,5,120.87,1,2,64,129.32,100,true,4214.7,1784.85,true,0,true,35756,true,true,true
VR_TEC_RUNNER,2,<RAIZ_TFM>\06_CONTROLLED_RERUN\OUTPUT\BENCHMARK\BENCH_20260619_FINAL01\REP_02\VR_TEC_RUNNER\TFM_BENCH_VR_TEC_RUNNER_20260619_132936\samples.csv,TFM_BENCH_VR_TEC_RUNNER_20260619_132936,2026-06-19T13:32:45.0485113+02:00,187.75,Velociraptor,Running,1,404,0,57.86,57.86,42.13,355,12,0,0,0,1,2880,0,132.62,1,2,5,122.3,100,true,4095.23,1904.32,true,30024,true,25920,true,true,true
VR_TEC_RUNNER,2,<RAIZ_TFM>\06_CONTROLLED_RERUN\OUTPUT\BENCHMARK\BENCH_20260619_FINAL01\REP_02\VR_TEC_RUNNER\TFM_BENCH_VR_TEC_RUNNER_20260619_132936\samples.csv,TFM_BENCH_VR_TEC_RUNNER_20260619_132936,2026-06-19T13:32:57.4255650+02:00,200.13,Velociraptor,Running,1,404,5,57.87,57.87,42.16,354,13,0,0,0,1,2880,0,136.4,1,2,5,129.26,100,true,4156.61,1842.94,true,2134956,true,0,true,true,true
VR_TEC_RUNNER,2,<RAIZ_TFM>\06_CONTROLLED_RERUN\OUTPUT\BENCHMARK\BENCH_20260619_FINAL01\REP_02\VR_TEC_RUNNER\TFM_BENCH_VR_TEC_RUNNER_20260619_132936\samples.csv,TFM_BENCH_VR_TEC_RUNNER_20260619_132936,2026-06-19T13:33:02.6294340+02:00,205.33,Velociraptor,Running,1,404,0,57.87,57.87,42.16,354,13,0,0,0,1,2880,29,125.33,1,2,29,129.42,100,true,4179.28,1820.27,true,544441,true,0,true,true,true
VR_TEC_RUNNER,2,<RAIZ_TFM>\06_CONTROLLED_RERUN\OUTPUT\BENCHMARK\BENCH_20260619_FINAL01\REP_02\VR_TEC_RUNNER\TFM_BENCH_VR_TEC_RUNNER_20260619_132936\samples.csv,TFM_BENCH_VR_TEC_RUNNER_20260619_132936,2026-06-19T13:33:10.1232092+02:00,212.82,Velociraptor,Running,1,404,0,57.87,57.87,42.16,354,13,0,0,0,1,2880,11,147.07,2,3,10,190.54,100,true,4203.35,1796.2,true,310310,true,1482,true,true,true
VR_TEC_RUNNER,2,<RAIZ_TFM>\06_CONTROLLED_RERUN\OUTPUT\BENCHMARK\BENCH_20260619_FINAL01\REP_02\VR_TEC_RUNNER\TFM_BENCH_VR_TEC_RUNNER_20260619_132936\samples.csv,TFM_BENCH_VR_TEC_RUNNER_20260619_132936,2026-06-19T13:33:21.2964196+02:00,224,Velociraptor,Running,1,404,0,57.87,57.87,42.16,354,13,0,0,0,1,2880,11,120.38,0,1,0,57.87,88,true,4111.97,1887.58,true,14199,true,0,true,true,true
VR_TEC_RUNNER,2,<RAIZ_TFM>\06_CONTROLLED_RERUN\OUTPUT\BENCHMARK\BENCH_20260619_FINAL01\REP_02\VR_TEC_RUNNER\TFM_BENCH_VR_TEC_RUNNER_20260619_132936\samples.csv,TFM_BENCH_VR_TEC_RUNNER_20260619_132936,2026-06-19T13:33:26.3459048+02:00,229.05,Velociraptor,Running,1,404,0,57.87,57.87,42.16,355,13,0,0,0,1,2880,10,129.74,1,2,67,134.01,100,true,4163.75,1835.8,true,13707,true,49551,true,true,true
VR_TEC_RUNNER,2,<RAIZ_TFM>\06_CONTROLLED_RERUN\OUTPUT\BENCHMARK\BENCH_20260619_FINAL01\REP_02\VR_TEC_RUNNER\TFM_BENCH_VR_TEC_RUNNER_20260619_132936\samples.csv,TFM_BENCH_VR_TEC_RUNNER_20260619_132936,2026-06-19T13:33:32.6017683+02:00,235.3,Velociraptor,Running,1,404,4,57.87,57.87,42.16,355,13,0,0,0,1,2880,174,147.8,0,1,4,57.87,100,true,4172.01,1827.54,true,2096648,true,0,true,true,true
VR_TEC_RUNNER,2,<RAIZ_TFM>\06_CONTROLLED_RERUN\OUTPUT\BENCHMARK\BENCH_20260619_FINAL01\REP_02\VR_TEC_RUNNER\TFM_BENCH_VR_TEC_RUNNER_20260619_132936\samples.csv,TFM_BENCH_VR_TEC_RUNNER_20260619_132936,2026-06-19T13:33:38.0278226+02:00,240.73,Velociraptor,Running,1,404,0,57.87,57.87,42.16,355,13,0,0,0,1,2880,0,158.24,0,1,0,57.87,53,true,4184.55,1815,true,3456774,true,0,true,true,true
VR_TEC_RUNNER,2,<RAIZ_TFM>\06_CONTROLLED_RERUN\OUTPUT\BENCHMARK\BENCH_20260619_FINAL01\REP_02\VR_TEC_RUNNER\TFM_BENCH_VR_TEC_RUNNER_20260619_132936\samples.csv,TFM_BENCH_VR_TEC_RUNNER_20260619_132936,2026-06-19T13:33:42.4154536+02:00,245.12,Velociraptor,Running,1,404,0,57.87,57.87,42.16,355,13,0,0,0,1,2880,21,120.96,0,1,0,57.87,100,true,4208.17,1791.38,true,133404,true,0,true,true,true
VR_TEC_RUNNER,2,<RAIZ_TFM>\06_CONTROLLED_RERUN\OUTPUT\BENCHMARK\BENCH_20260619_FINAL01\REP_02\VR_TEC_RUNNER\TFM_BENCH_VR_TEC_RUNNER_20260619_132936\samples.csv,TFM_BENCH_VR_TEC_RUNNER_20260619_132936,2026-06-19T13:33:47.5480302+02:00,250.25,Velociraptor,Running,1,404,0,57.95,57.95,42.25,357,13,0,0,0,1,2880,5,127.04,0,1,0,57.95,97,true,4173.42,1826.13,true,0,true,20666,true,true,true
VR_TEC_RUNNER,2,<RAIZ_TFM>\06_CONTROLLED_RERUN\OUTPUT\BENCHMARK\BENCH_20260619_FINAL01\REP_02\VR_TEC_RUNNER\TFM_BENCH_VR_TEC_RUNNER_20260619_132936\samples.csv,TFM_BENCH_VR_TEC_RUNNER_20260619_132936,2026-06-19T13:33:52.2390240+02:00,254.94,Velociraptor,Running,1,404,0,57.87,57.87,42.16,357,13,0,0,0,1,2880,9,147.37,2,3,181,200.76,79,true,4199.66,1799.89,true,0,true,0,true,true,true
VR_TEC_RUNNER,2,<RAIZ_TFM>\06_CONTROLLED_RERUN\OUTPUT\BENCHMARK\BENCH_20260619_FINAL01\REP_02\VR_TEC_RUNNER\TFM_BENCH_VR_TEC_RUNNER_20260619_132936\samples.csv,TFM_BENCH_VR_TEC_RUNNER_20260619_132936,2026-06-19T13:33:57.3179377+02:00,260.02,Velociraptor,Running,1,404,0,57.86,57.86,42.13,355,12,0,0,0,1,2880,5,121.93,0,1,0,57.86,100,true,4263.73,1735.82,true,15772,true,198,true,true,true
VR_TEC_RUNNER,2,<RAIZ_TFM>\06_CONTROLLED_RERUN\OUTPUT\BENCHMARK\BENCH_20260619_FINAL01\REP_02\VR_TEC_RUNNER\TFM_BENCH_VR_TEC_RUNNER_20260619_132936\samples.csv,TFM_BENCH_VR_TEC_RUNNER_20260619_132936,2026-06-19T13:34:09.3197959+02:00,272.02,Velociraptor,Running,1,404,0,57.86,57.86,42.13,355,12,0,0,0,1,2880,5,173.85,1,2,68,129.29,100,true,4212.14,1787.41,true,575538,true,20071,true,true,true
VR_TEC_RUNNER,2,<RAIZ_TFM>\06_CONTROLLED_RERUN\OUTPUT\BENCHMARK\BENCH_20260619_FINAL01\REP_02\VR_TEC_RUNNER\TFM_BENCH_VR_TEC_RUNNER_20260619_132936\samples.csv,TFM_BENCH_VR_TEC_RUNNER_20260619_132936,2026-06-19T13:34:15.6845703+02:00,278.38,Velociraptor,Running,1,404,0,57.87,57.87,42.16,354,13,0,0,0,1,2880,0,126.84,0,1,0,57.87,100,true,4171.8,1827.75,true,275951,true,0,true,true,true
VR_TEC_RUNNER,2,<RAIZ_TFM>\06_CONTROLLED_RERUN\OUTPUT\BENCHMARK\BENCH_20260619_FINAL01\REP_02\VR_TEC_RUNNER\TFM_BENCH_VR_TEC_RUNNER_20260619_132936\samples.csv,TFM_BENCH_VR_TEC_RUNNER_20260619_132936,2026-06-19T13:34:21.7989476+02:00,284.5,Velociraptor,Running,1,404,0,57.87,57.87,42.16,354,13,0,0,0,1,2880,5,167.03,1,2,0,126.23,100,true,4181.16,1818.39,true,15263,true,0,true,true,true
VR_TEC_RUNNER,2,<RAIZ_TFM>\06_CONTROLLED_RERUN\OUTPUT\BENCHMARK\BENCH_20260619_FINAL01\REP_02\VR_TEC_RUNNER\TFM_BENCH_VR_TEC_RUNNER_20260619_132936\samples.csv,TFM_BENCH_VR_TEC_RUNNER_20260619_132936,2026-06-19T13:34:36.3681467+02:00,299.07,Velociraptor,Running,1,404,5,57.87,57.87,42.16,354,13,0,0,0,1,2880,0,171.75,2,3,37,197.97,100,true,4257.71,1741.84,true,0,true,383,true,true,true
BASELINE_NO_VR,3,<RAIZ_TFM>\06_CONTROLLED_RERUN\OUTPUT\BENCHMARK\BENCH_20260619_FINAL01\REP_03\BASELINE_NO_VR\TFM_BENCH_BASELINE_NO_VR_20260619_133538\samples.csv,TFM_BENCH_BASELINE_NO_VR_20260619_133538,2026-06-19T13:35:39.7573842+02:00,0,Velociraptor,Stopped,0,,0,0,0,0,0,0,0,0,0,1,2880,11,124.99,0,0,0,0,2,true,4036.89,1962.66,true,0,true,0,true,true,false
BASELINE_NO_VR,3,<RAIZ_TFM>\06_CONTROLLED_RERUN\OUTPUT\BENCHMARK\BENCH_20260619_FINAL01\REP_03\BASELINE_NO_VR\TFM_BENCH_BASELINE_NO_VR_20260619_133538\samples.csv,TFM_BENCH_BASELINE_NO_VR_20260619_133538,2026-06-19T13:35:43.8074211+02:00,4.05,Velociraptor,Stopped,0,,0,0,0,0,0,0,0,0,0,1,2880,0,154.39,0,0,0,0,0,true,4012.85,1986.7,true,16310,true,435,true,true,false
BASELINE_NO_VR,3,<RAIZ_TFM>\06_CONTROLLED_RERUN\OUTPUT\BENCHMARK\BENCH_20260619_FINAL01\REP_03\BASELINE_NO_VR\TFM_BENCH_BASELINE_NO_VR_20260619_133538\samples.csv,TFM_BENCH_BASELINE_NO_VR_20260619_133538,2026-06-19T13:35:47.4765025+02:00,7.72,Velociraptor,Stopped,0,,0,0,0,0,0,0,0,0,0,1,2880,0,121.88,0,0,0,0,2,true,4025.01,1974.54,true,2161605,true,0,true,true,false
BASELINE_NO_VR,3,<RAIZ_TFM>\06_CONTROLLED_RERUN\OUTPUT\BENCHMARK\BENCH_20260619_FINAL01\REP_03\BASELINE_NO_VR\TFM_BENCH_BASELINE_NO_VR_20260619_133538\samples.csv,TFM_BENCH_BASELINE_NO_VR_20260619_133538,2026-06-19T13:35:51.1294437+02:00,11.37,Velociraptor,Stopped,0,,0,0,0,0,0,0,0,0,0,1,2880,0,121.9,0,0,0,0,4,true,4014.4,1985.15,true,0,true,0,true,true,false
BASELINE_NO_VR,3,<RAIZ_TFM>\06_CONTROLLED_RERUN\OUTPUT\BENCHMARK\BENCH_20260619_FINAL01\REP_03\BASELINE_NO_VR\TFM_BENCH_BASELINE_NO_VR_20260619_133538\samples.csv,TFM_BENCH_BASELINE_NO_VR_20260619_133538,2026-06-19T13:35:54.7714834+02:00,15.01,Velociraptor,Stopped,0,,0,0,0,0,0,0,0,0,0,1,2880,0,121.38,0,0,0,0,1,true,4006.28,1993.27,true,0,true,0,true,true,false
BASELINE_NO_VR,3,<RAIZ_TFM>\06_CONTROLLED_RERUN\OUTPUT\BENCHMARK\BENCH_20260619_FINAL01\REP_03\BASELINE_NO_VR\TFM_BENCH_BASELINE_NO_VR_20260619_133538\samples.csv,TFM_BENCH_BASELINE_NO_VR_20260619_133538,2026-06-19T13:35:58.4345947+02:00,18.68,Velociraptor,Stopped,0,,0,0,0,0,0,0,0,0,0,1,2880,0,147.13,0,0,0,0,0,true,4045.73,1953.82,true,0,true,0,true,true,false
BASELINE_NO_VR,3,<RAIZ_TFM>\06_CONTROLLED_RERUN\OUTPUT\BENCHMARK\BENCH_20260619_FINAL01\REP_03\BASELINE_NO_VR\TFM_BENCH_BASELINE_NO_VR_20260619_133538\samples.csv,TFM_BENCH_BASELINE_NO_VR_20260619_133538,2026-06-19T13:36:02.2328896+02:00,22.48,Velociraptor,Stopped,0,,0,0,0,0,0,0,0,0,0,1,2880,0,147.1,0,0,0,0,1,true,3998.89,2000.66,true,0,true,0,true,true,false
BASELINE_NO_VR,3,<RAIZ_TFM>\06_CONTROLLED_RERUN\OUTPUT\BENCHMARK\BENCH_20260619_FINAL01\REP_03\BASELINE_NO_VR\TFM_BENCH_BASELINE_NO_VR_20260619_133538\samples.csv,TFM_BENCH_BASELINE_NO_VR_20260619_133538,2026-06-19T13:36:05.9310259+02:00,26.17,Velociraptor,Stopped,0,,0,0,0,0,0,0,0,0,0,1,2880,0,120.99,0,0,0,0,2,true,3969.61,2029.94,true,0,true,0,true,true,false
BASELINE_NO_VR,3,<RAIZ_TFM>\06_CONTROLLED_RERUN\OUTPUT\BENCHMARK\BENCH_20260619_FINAL01\REP_03\BASELINE_NO_VR\TFM_BENCH_BASELINE_NO_VR_20260619_133538\samples.csv,TFM_BENCH_BASELINE_NO_VR_20260619_133538,2026-06-19T13:36:09.5702126+02:00,29.81,Velociraptor,Stopped,0,,0,0,0,0,0,0,0,0,0,1,2880,0,121.11,0,0,0,0,0,true,3966.26,2033.29,true,0,true,0,true,true,false
BASELINE_NO_VR,3,<RAIZ_TFM>\06_CONTROLLED_RERUN\OUTPUT\BENCHMARK\BENCH_20260619_FINAL01\REP_03\BASELINE_NO_VR\TFM_BENCH_BASELINE_NO_VR_20260619_133538\samples.csv,TFM_BENCH_BASELINE_NO_VR_20260619_133538,2026-06-19T13:36:13.2147169+02:00,33.46,Velociraptor,Stopped,0,,0,0,0,0,0,0,0,0,0,1,2880,0,122.75,0,0,0,0,0,true,3966.08,2033.47,true,15688,true,0,true,true,false
BASELINE_NO_VR,3,<RAIZ_TFM>\06_CONTROLLED_RERUN\OUTPUT\BENCHMARK\BENCH_20260619_FINAL01\REP_03\BASELINE_NO_VR\TFM_BENCH_BASELINE_NO_VR_20260619_133538\samples.csv,TFM_BENCH_BASELINE_NO_VR_20260619_133538,2026-06-19T13:36:16.9176365+02:00,37.16,Velociraptor,Stopped,0,,0,0,0,0,0,0,0,0,0,1,2880,0,147.57,0,0,0,0,0,true,3982.11,2017.44,true,0,true,0,true,true,false
BASELINE_NO_VR,3,<RAIZ_TFM>\06_CONTROLLED_RERUN\OUTPUT\BENCHMARK\BENCH_20260619_FINAL01\REP_03\BASELINE_NO_VR\TFM_BENCH_BASELINE_NO_VR_20260619_133538\samples.csv,TFM_BENCH_BASELINE_NO_VR_20260619_133538,2026-06-19T13:36:20.5719388+02:00,40.81,Velociraptor,Stopped,0,,0,0,0,0,0,0,0,0,0,1,2880,0,150.94,1,1,0,72.64,86,true,4030.29,1969.26,true,15927,true,0,true,true,false
BASELINE_NO_VR,3,<RAIZ_TFM>\06_CONTROLLED_RERUN\OUTPUT\BENCHMARK\BENCH_20260619_FINAL01\REP_03\BASELINE_NO_VR\TFM_BENCH_BASELINE_NO_VR_20260619_133538\samples.csv,TFM_BENCH_BASELINE_NO_VR_20260619_133538,2026-06-19T13:36:24.6697552+02:00,44.91,Velociraptor,Stopped,0,,0,0,0,0,0,0,0,0,0,1,2880,5,124.49,1,1,87,68.79,20,true,3972.1,2027.45,true,0,true,0,true,true,false
BASELINE_NO_VR,3,<RAIZ_TFM>\06_CONTROLLED_RERUN\OUTPUT\BENCHMARK\BENCH_20260619_FINAL01\REP_03\BASELINE_NO_VR\TFM_BENCH_BASELINE_NO_VR_20260619_133538\samples.csv,TFM_BENCH_BASELINE_NO_VR_20260619_133538,2026-06-19T13:36:28.6881277+02:00,48.93,Velociraptor,Stopped,0,,0,0,0,0,0,0,0,0,0,1,2880,0,128.78,0,0,0,0,8,true,3978.26,2021.29,true,0,true,0,true,true,false
BASELINE_NO_VR,3,<RAIZ_TFM>\06_CONTROLLED_RERUN\OUTPUT\BENCHMARK\BENCH_20260619_FINAL01\REP_03\BASELINE_NO_VR\TFM_BENCH_BASELINE_NO_VR_20260619_133538\samples.csv,TFM_BENCH_BASELINE_NO_VR_20260619_133538,2026-06-19T13:36:32.3245740+02:00,52.57,Velociraptor,Stopped,0,,0,0,0,0,0,0,0,0,0,1,2880,0,151.96,0,0,0,0,7,true,3982.29,2017.26,true,0,true,463,true,true,false
BASELINE_NO_VR,3,<RAIZ_TFM>\06_CONTROLLED_RERUN\OUTPUT\BENCHMARK\BENCH_20260619_FINAL01\REP_03\BASELINE_NO_VR\TFM_BENCH_BASELINE_NO_VR_20260619_133538\samples.csv,TFM_BENCH_BASELINE_NO_VR_20260619_133538,2026-06-19T13:36:35.9851079+02:00,56.23,Velociraptor,Stopped,0,,0,0,0,0,0,0,0,0,0,1,2880,0,120.24,0,0,0,0,3,true,3959.54,2040.01,true,0,true,0,true,true,false
BASELINE_NO_VR,3,<RAIZ_TFM>\06_CONTROLLED_RERUN\OUTPUT\BENCHMARK\BENCH_20260619_FINAL01\REP_03\BASELINE_NO_VR\TFM_BENCH_BASELINE_NO_VR_20260619_133538\samples.csv,TFM_BENCH_BASELINE_NO_VR_20260619_133538,2026-06-19T13:36:39.6882698+02:00,59.93,Velociraptor,Stopped,0,,0,0,0,0,0,0,0,0,0,1,2880,0,120.27,0,0,0,0,8,true,3964.46,2035.09,true,0,true,0,true,true,false
BASELINE_NO_VR,3,<RAIZ_TFM>\06_CONTROLLED_RERUN\OUTPUT\BENCHMARK\BENCH_20260619_FINAL01\REP_03\BASELINE_NO_VR\TFM_BENCH_BASELINE_NO_VR_20260619_133538\samples.csv,TFM_BENCH_BASELINE_NO_VR_20260619_133538,2026-06-19T13:36:43.3503839+02:00,63.59,Velociraptor,Stopped,0,,0,0,0,0,0,0,0,0,0,1,2880,0,126.83,1,1,94,71,7,true,3992.8,2006.75,true,0,true,0,true,true,false
BASELINE_NO_VR,3,<RAIZ_TFM>\06_CONTROLLED_RERUN\OUTPUT\BENCHMARK\BENCH_20260619_FINAL01\REP_03\BASELINE_NO_VR\TFM_BENCH_BASELINE_NO_VR_20260619_133538\samples.csv,TFM_BENCH_BASELINE_NO_VR_20260619_133538,2026-06-19T13:36:47.3263586+02:00,67.57,Velociraptor,Stopped,0,,0,0,0,0,0,0,0,0,0,1,2880,0,144.74,0,0,0,0,8,true,3988.21,2011.34,true,0,true,631,true,true,false
BASELINE_NO_VR,3,<RAIZ_TFM>\06_CONTROLLED_RERUN\OUTPUT\BENCHMARK\BENCH_20260619_FINAL01\REP_03\BASELINE_NO_VR\TFM_BENCH_BASELINE_NO_VR_20260619_133538\samples.csv,TFM_BENCH_BASELINE_NO_VR_20260619_133538,2026-06-19T13:36:51.0155433+02:00,71.26,Velociraptor,Stopped,0,,0,0,0,0,0,0,0,0,0,1,2880,0,144.74,0,0,0,0,8,true,3993.74,2005.81,true,0,true,0,true,true,false
BASELINE_NO_VR,3,<RAIZ_TFM>\06_CONTROLLED_RERUN\OUTPUT\BENCHMARK\BENCH_20260619_FINAL01\REP_03\BASELINE_NO_VR\TFM_BENCH_BASELINE_NO_VR_20260619_133538\samples.csv,TFM_BENCH_BASELINE_NO_VR_20260619_133538,2026-06-19T13:36:54.6897072+02:00,74.93,Velociraptor,Stopped,0,,0,0,0,0,0,0,0,0,0,1,2880,0,120.59,0,0,0,0,5,true,3973.1,2026.45,true,0,true,0,true,true,false
BASELINE_NO_VR,3,<RAIZ_TFM>\06_CONTROLLED_RERUN\OUTPUT\BENCHMARK\BENCH_20260619_FINAL01\REP_03\BASELINE_NO_VR\TFM_BENCH_BASELINE_NO_VR_20260619_133538\samples.csv,TFM_BENCH_BASELINE_NO_VR_20260619_133538,2026-06-19T13:36:58.3352752+02:00,78.58,Velociraptor,Stopped,0,,0,0,0,0,0,0,0,0,0,1,2880,0,121.36,0,0,0,0,9,true,3958.02,2041.53,true,344808,true,0,true,true,false
BASELINE_NO_VR,3,<RAIZ_TFM>\06_CONTROLLED_RERUN\OUTPUT\BENCHMARK\BENCH_20260619_FINAL01\REP_03\BASELINE_NO_VR\TFM_BENCH_BASELINE_NO_VR_20260619_133538\samples.csv,TFM_BENCH_BASELINE_NO_VR_20260619_133538,2026-06-19T13:37:01.9936925+02:00,82.24,Velociraptor,Stopped,0,,0,0,0,0,0,0,0,0,0,1,2880,241,147.17,0,0,0,0,12,true,4001.24,1998.31,true,0,true,0,true,true,false
BASELINE_NO_VR,3,<RAIZ_TFM>\06_CONTROLLED_RERUN\OUTPUT\BENCHMARK\BENCH_20260619_FINAL01\REP_03\BASELINE_NO_VR\TFM_BENCH_BASELINE_NO_VR_20260619_133538\samples.csv,TFM_BENCH_BASELINE_NO_VR_20260619_133538,2026-06-19T13:37:05.7867525+02:00,86.03,Velociraptor,Stopped,0,,0,0,0,0,0,0,0,0,0,1,2880,0,123.13,0,0,0,0,8,true,3977.1,2022.45,true,0,true,0,true,true,false
BASELINE_NO_VR,3,<RAIZ_TFM>\06_CONTROLLED_RERUN\OUTPUT\BENCHMARK\BENCH_20260619_FINAL01\REP_03\BASELINE_NO_VR\TFM_BENCH_BASELINE_NO_VR_20260619_133538\samples.csv,TFM_BENCH_BASELINE_NO_VR_20260619_133538,2026-06-19T13:37:09.4618292+02:00,89.7,Velociraptor,Stopped,0,,0,0,0,0,0,0,0,0,0,1,2880,0,123.21,0,0,0,0,7,true,3963.93,2035.62,true,0,true,0,true,true,false
BASELINE_NO_VR,3,<RAIZ_TFM>\06_CONTROLLED_RERUN\OUTPUT\BENCHMARK\BENCH_20260619_FINAL01\REP_03\BASELINE_NO_VR\TFM_BENCH_BASELINE_NO_VR_20260619_133538\samples.csv,TFM_BENCH_BASELINE_NO_VR_20260619_133538,2026-06-19T13:37:13.1558648+02:00,93.4,Velociraptor,Stopped,0,,0,0,0,0,0,0,0,0,0,1,2880,0,123.31,0,0,0,0,18,true,3959.29,2040.26,true,0,true,433,true,true,false
BASELINE_NO_VR,3,<RAIZ_TFM>\06_CONTROLLED_RERUN\OUTPUT\BENCHMARK\BENCH_20260619_FINAL01\REP_03\BASELINE_NO_VR\TFM_BENCH_BASELINE_NO_VR_20260619_133538\samples.csv,TFM_BENCH_BASELINE_NO_VR_20260619_133538,2026-06-19T13:37:16.8874292+02:00,97.13,Velociraptor,Stopped,0,,0,0,0,0,0,0,0,0,0,1,2880,209,145.27,0,0,0,0,9,true,3985.74,2013.81,true,0,true,0,true,true,false
BASELINE_NO_VR,3,<RAIZ_TFM>\06_CONTROLLED_RERUN\OUTPUT\BENCHMARK\BENCH_20260619_FINAL01\REP_03\BASELINE_NO_VR\TFM_BENCH_BASELINE_NO_VR_20260619_133538\samples.csv,TFM_BENCH_BASELINE_NO_VR_20260619_133538,2026-06-19T13:37:20.6575717+02:00,100.9,Velociraptor,Stopped,0,,0,0,0,0,0,0,0,0,0,1,2880,0,146.5,0,0,0,0,11,true,3998.97,2000.58,true,0,true,1282,true,true,false
BASELINE_NO_VR,3,<RAIZ_TFM>\06_CONTROLLED_RERUN\OUTPUT\BENCHMARK\BENCH_20260619_FINAL01\REP_03\BASELINE_NO_VR\TFM_BENCH_BASELINE_NO_VR_20260619_133538\samples.csv,TFM_BENCH_BASELINE_NO_VR_20260619_133538,2026-06-19T13:37:24.3210050+02:00,104.56,Velociraptor,Stopped,0,,0,0,0,0,0,0,0,0,0,1,2880,34,119.85,0,0,0,0,5,true,3967.96,2031.59,true,81353,true,0,true,true,false
BASELINE_NO_VR,3,<RAIZ_TFM>\06_CONTROLLED_RERUN\OUTPUT\BENCHMARK\BENCH_20260619_FINAL01\REP_03\BASELINE_NO_VR\TFM_BENCH_BASELINE_NO_VR_20260619_133538\samples.csv,TFM_BENCH_BASELINE_NO_VR_20260619_133538,2026-06-19T13:37:27.9746598+02:00,108.22,Velociraptor,Stopped,0,,0,0,0,0,0,0,0,0,0,1,2880,0,120.61,0,0,0,0,7,true,3961.05,2038.5,true,0,true,0,true,true,false
BASELINE_NO_VR,3,<RAIZ_TFM>\06_CONTROLLED_RERUN\OUTPUT\BENCHMARK\BENCH_20260619_FINAL01\REP_03\BASELINE_NO_VR\TFM_BENCH_BASELINE_NO_VR_20260619_133538\samples.csv,TFM_BENCH_BASELINE_NO_VR_20260619_133538,2026-06-19T13:37:31.6248088+02:00,111.87,Velociraptor,Stopped,0,,0,0,0,0,0,0,0,0,0,1,2880,5,152.82,0,0,0,0,9,true,4001.4,1998.15,true,15292,true,0,true,true,false
BASELINE_NO_VR,3,<RAIZ_TFM>\06_CONTROLLED_RERUN\OUTPUT\BENCHMARK\BENCH_20260619_FINAL01\REP_03\BASELINE_NO_VR\TFM_BENCH_BASELINE_NO_VR_20260619_133538\samples.csv,TFM_BENCH_BASELINE_NO_VR_20260619_133538,2026-06-19T13:37:35.5064934+02:00,115.75,Velociraptor,Stopped,0,,0,0,0,0,0,0,0,0,0,1,2880,0,120.43,0,0,0,0,7,true,3972.23,2027.32,true,173714,true,0,true,true,false
BASELINE_NO_VR,3,<RAIZ_TFM>\06_CONTROLLED_RERUN\OUTPUT\BENCHMARK\BENCH_20260619_FINAL01\REP_03\BASELINE_NO_VR\TFM_BENCH_BASELINE_NO_VR_20260619_133538\samples.csv,TFM_BENCH_BASELINE_NO_VR_20260619_133538,2026-06-19T13:37:39.1299861+02:00,119.37,Velociraptor,Stopped,0,,0,0,0,0,0,0,0,0,0,1,2880,0,120.46,0,0,0,0,5,true,3967.47,2032.08,true,0,true,458,true,true,false
BASELINE_NO_VR,3,<RAIZ_TFM>\06_CONTROLLED_RERUN\OUTPUT\BENCHMARK\BENCH_20260619_FINAL01\REP_03\BASELINE_NO_VR\TFM_BENCH_BASELINE_NO_VR_20260619_133538\samples.csv,TFM_BENCH_BASELINE_NO_VR_20260619_133538,2026-06-19T13:37:42.8764233+02:00,123.12,Velociraptor,Stopped,0,,0,0,0,0,0,0,0,0,0,1,2880,0,120.56,0,0,0,0,8,true,3971.06,2028.49,true,0,true,0,true,true,false
BASELINE_NO_VR,3,<RAIZ_TFM>\06_CONTROLLED_RERUN\OUTPUT\BENCHMARK\BENCH_20260619_FINAL01\REP_03\BASELINE_NO_VR\TFM_BENCH_BASELINE_NO_VR_20260619_133538\samples.csv,TFM_BENCH_BASELINE_NO_VR_20260619_133538,2026-06-19T13:37:46.5433733+02:00,126.79,Velociraptor,Stopped,0,,0,0,0,0,0,0,0,0,0,1,2880,0,120.16,0,0,0,0,34,true,3973.98,2025.57,true,0,true,0,true,true,false
BASELINE_NO_VR,3,<RAIZ_TFM>\06_CONTROLLED_RERUN\OUTPUT\BENCHMARK\BENCH_20260619_FINAL01\REP_03\BASELINE_NO_VR\TFM_BENCH_BASELINE_NO_VR_20260619_133538\samples.csv,TFM_BENCH_BASELINE_NO_VR_20260619_133538,2026-06-19T13:37:50.2441212+02:00,130.49,Velociraptor,Stopped,0,,0,0,0,0,0,0,0,0,0,1,2880,0,153.45,0,0,0,0,4,true,4003.14,1996.41,true,0,true,0,true,true,false
BASELINE_NO_VR,3,<RAIZ_TFM>\06_CONTROLLED_RERUN\OUTPUT\BENCHMARK\BENCH_20260619_FINAL01\REP_03\BASELINE_NO_VR\TFM_BENCH_BASELINE_NO_VR_20260619_133538\samples.csv,TFM_BENCH_BASELINE_NO_VR_20260619_133538,2026-06-19T13:37:53.9190366+02:00,134.16,Velociraptor,Stopped,0,,0,0,0,0,0,0,0,0,0,1,2880,5,153.45,0,0,0,0,6,true,3992.68,2006.87,true,0,true,0,true,true,false
BASELINE_NO_VR,3,<RAIZ_TFM>\06_CONTROLLED_RERUN\OUTPUT\BENCHMARK\BENCH_20260619_FINAL01\REP_03\BASELINE_NO_VR\TFM_BENCH_BASELINE_NO_VR_20260619_133538\samples.csv,TFM_BENCH_BASELINE_NO_VR_20260619_133538,2026-06-19T13:37:57.5563598+02:00,137.8,Velociraptor,Stopped,0,,0,0,0,0,0,0,0,0,0,1,2880,0,123.46,0,0,0,0,7,true,3960.94,2038.61,true,0,true,0,true,true,false
BASELINE_NO_VR,3,<RAIZ_TFM>\06_CONTROLLED_RERUN\OUTPUT\BENCHMARK\BENCH_20260619_FINAL01\REP_03\BASELINE_NO_VR\TFM_BENCH_BASELINE_NO_VR_20260619_133538\samples.csv,TFM_BENCH_BASELINE_NO_VR_20260619_133538,2026-06-19T13:38:01.2272406+02:00,141.47,Velociraptor,Stopped,0,,0,0,0,0,0,0,0,0,0,1,2880,0,123.52,0,0,0,0,8,true,3974.28,2025.27,true,237891,true,0,true,true,false
BASELINE_NO_VR,3,<RAIZ_TFM>\06_CONTROLLED_RERUN\OUTPUT\BENCHMARK\BENCH_20260619_FINAL01\REP_03\BASELINE_NO_VR\TFM_BENCH_BASELINE_NO_VR_20260619_133538\samples.csv,TFM_BENCH_BASELINE_NO_VR_20260619_133538,2026-06-19T13:38:04.8756284+02:00,145.12,Velociraptor,Stopped,0,,0,0,0,0,0,0,0,0,0,1,2880,0,120.43,0,0,0,0,10,true,3958.76,2040.79,true,0,true,0,true,true,false
BASELINE_NO_VR,3,<RAIZ_TFM>\06_CONTROLLED_RERUN\OUTPUT\BENCHMARK\BENCH_20260619_FINAL01\REP_03\BASELINE_NO_VR\TFM_BENCH_BASELINE_NO_VR_20260619_133538\samples.csv,TFM_BENCH_BASELINE_NO_VR_20260619_133538,2026-06-19T13:38:08.5886788+02:00,148.83,Velociraptor,Stopped,0,,0,0,0,0,0,0,0,0,0,1,2880,0,120.46,0,0,0,0,11,true,3965.9,2033.65,true,0,true,0,true,true,false
BASELINE_NO_VR,3,<RAIZ_TFM>\06_CONTROLLED_RERUN\OUTPUT\BENCHMARK\BENCH_20260619_FINAL01\REP_03\BASELINE_NO_VR\TFM_BENCH_BASELINE_NO_VR_20260619_133538\samples.csv,TFM_BENCH_BASELINE_NO_VR_20260619_133538,2026-06-19T13:38:12.2786443+02:00,152.52,Velociraptor,Stopped,0,,0,0,0,0,0,0,0,0,0,1,2880,0,120.54,0,0,0,0,8,true,3968.35,2031.2,true,269489,true,0,true,true,false
BASELINE_NO_VR,3,<RAIZ_TFM>\06_CONTROLLED_RERUN\OUTPUT\BENCHMARK\BENCH_20260619_FINAL01\REP_03\BASELINE_NO_VR\TFM_BENCH_BASELINE_NO_VR_20260619_133538\samples.csv,TFM_BENCH_BASELINE_NO_VR_20260619_133538,2026-06-19T13:38:15.9731303+02:00,156.22,Velociraptor,Stopped,0,,0,0,0,0,0,0,0,0,0,1,2880,0,120.27,0,0,0,0,12,true,3963.13,2036.42,true,0,true,0,true,true,false
BASELINE_NO_VR,3,<RAIZ_TFM>\06_CONTROLLED_RERUN\OUTPUT\BENCHMARK\BENCH_20260619_FINAL01\REP_03\BASELINE_NO_VR\TFM_BENCH_BASELINE_NO_VR_20260619_133538\samples.csv,TFM_BENCH_BASELINE_NO_VR_20260619_133538,2026-06-19T13:38:19.6285109+02:00,159.87,Velociraptor,Stopped,0,,0,0,0,0,0,0,0,0,0,1,2880,5,150.52,0,0,0,0,8,true,3997.76,2001.79,true,0,true,0,true,true,false
BASELINE_NO_VR,3,<RAIZ_TFM>\06_CONTROLLED_RERUN\OUTPUT\BENCHMARK\BENCH_20260619_FINAL01\REP_03\BASELINE_NO_VR\TFM_BENCH_BASELINE_NO_VR_20260619_133538\samples.csv,TFM_BENCH_BASELINE_NO_VR_20260619_133538,2026-06-19T13:38:23.2980463+02:00,163.54,Velociraptor,Stopped,0,,0,0,0,0,0,0,0,0,0,1,2880,0,150.52,0,0,0,0,13,true,3982.83,2016.72,true,0,true,0,true,true,false
BASELINE_NO_VR,3,<RAIZ_TFM>\06_CONTROLLED_RERUN\OUTPUT\BENCHMARK\BENCH_20260619_FINAL01\REP_03\BASELINE_NO_VR\TFM_BENCH_BASELINE_NO_VR_20260619_133538\samples.csv,TFM_BENCH_BASELINE_NO_VR_20260619_133538,2026-06-19T13:38:27.0020263+02:00,167.24,Velociraptor,Stopped,0,,0,0,0,0,0,0,0,0,0,1,2880,0,124,0,0,0,0,10,true,3972.83,2026.72,true,0,true,0,true,true,false
BASELINE_NO_VR,3,<RAIZ_TFM>\06_CONTROLLED_RERUN\OUTPUT\BENCHMARK\BENCH_20260619_FINAL01\REP_03\BASELINE_NO_VR\TFM_BENCH_BASELINE_NO_VR_20260619_133538\samples.csv,TFM_BENCH_BASELINE_NO_VR_20260619_133538,2026-06-19T13:38:30.6946673+02:00,170.94,Velociraptor,Stopped,0,,0,0,0,0,0,0,0,0,0,1,2880,0,124.01,0,0,0,0,9,true,3966.94,2032.61,true,0,true,468,true,true,false
BASELINE_NO_VR,3,<RAIZ_TFM>\06_CONTROLLED_RERUN\OUTPUT\BENCHMARK\BENCH_20260619_FINAL01\REP_03\BASELINE_NO_VR\TFM_BENCH_BASELINE_NO_VR_20260619_133538\samples.csv,TFM_BENCH_BASELINE_NO_VR_20260619_133538,2026-06-19T13:38:34.3964770+02:00,174.64,Velociraptor,Stopped,0,,0,0,0,0,0,0,0,0,0,1,2880,0,120.54,0,0,0,0,9,true,3963.81,2035.74,true,0,true,0,true,true,false
BASELINE_NO_VR,3,<RAIZ_TFM>\06_CONTROLLED_RERUN\OUTPUT\BENCHMARK\BENCH_20260619_FINAL01\REP_03\BASELINE_NO_VR\TFM_BENCH_BASELINE_NO_VR_20260619_133538\samples.csv,TFM_BENCH_BASELINE_NO_VR_20260619_133538,2026-06-19T13:38:38.0871899+02:00,178.33,Velociraptor,Stopped,0,,0,0,0,0,0,0,0,0,0,1,2880,0,120.56,0,0,0,0,6,true,3946.34,2053.21,true,498815,true,0,true,true,false
VR_IDLE,3,<RAIZ_TFM>\06_CONTROLLED_RERUN\OUTPUT\BENCHMARK\BENCH_20260619_FINAL01\REP_03\VR_IDLE\TFM_BENCH_VR_IDLE_20260619_133913\samples.csv,TFM_BENCH_VR_IDLE_20260619_133913,2026-06-19T13:39:44.1100167+02:00,0,Velociraptor,Running,1,2140,0,57.18,57.18,42.14,349,13,0,0,0,1,2880,0,118.28,0,1,0,57.18,0,true,3998.85,2000.7,true,0,true,0,true,true,false
VR_IDLE,3,<RAIZ_TFM>\06_CONTROLLED_RERUN\OUTPUT\BENCHMARK\BENCH_20260619_FINAL01\REP_03\VR_IDLE\TFM_BENCH_VR_IDLE_20260619_133913\samples.csv,TFM_BENCH_VR_IDLE_20260619_133913,2026-06-19T13:39:48.3069166+02:00,4.2,Velociraptor,Running,1,2140,0,57.18,57.18,42.14,349,13,0,0,0,1,2880,0,118.4,0,1,0,57.18,0,true,3996.95,2002.6,true,25913,true,0,true,true,false
VR_IDLE,3,<RAIZ_TFM>\06_CONTROLLED_RERUN\OUTPUT\BENCHMARK\BENCH_20260619_FINAL01\REP_03\VR_IDLE\TFM_BENCH_VR_IDLE_20260619_133913\samples.csv,TFM_BENCH_VR_IDLE_20260619_133913,2026-06-19T13:39:52.0208733+02:00,7.91,Velociraptor,Running,1,2140,0,57.18,57.18,42.14,349,13,0,0,0,1,2880,0,147.1,0,1,0,57.18,22,true,4037.55,1962,true,0,true,0,true,true,false
VR_IDLE,3,<RAIZ_TFM>\06_CONTROLLED_RERUN\OUTPUT\BENCHMARK\BENCH_20260619_FINAL01\REP_03\VR_IDLE\TFM_BENCH_VR_IDLE_20260619_133913\samples.csv,TFM_BENCH_VR_IDLE_20260619_133913,2026-06-19T13:39:55.7855642+02:00,11.68,Velociraptor,Running,1,2140,0,57.18,57.18,42.14,349,13,0,0,0,1,2880,0,119.64,0,1,0,57.18,4,true,4001.55,1998,true,0,true,0,true,true,false
VR_IDLE,3,<RAIZ_TFM>\06_CONTROLLED_RERUN\OUTPUT\BENCHMARK\BENCH_20260619_FINAL01\REP_03\VR_IDLE\TFM_BENCH_VR_IDLE_20260619_133913\samples.csv,TFM_BENCH_VR_IDLE_20260619_133913,2026-06-19T13:39:59.5128788+02:00,15.4,Velociraptor,Running,1,2140,0,57.18,57.18,42.14,349,13,0,0,0,1,2880,0,119.95,0,1,0,57.18,0,true,4001.44,1998.11,true,0,true,252,true,true,false
VR_IDLE,3,<RAIZ_TFM>\06_CONTROLLED_RERUN\OUTPUT\BENCHMARK\BENCH_20260619_FINAL01\REP_03\VR_IDLE\TFM_BENCH_VR_IDLE_20260619_133913\samples.csv,TFM_BENCH_VR_IDLE_20260619_133913,2026-06-19T13:40:03.1864142+02:00,19.08,Velociraptor,Running,1,2140,0,57.18,57.18,42.14,349,13,0,0,0,1,2880,0,120.01,0,1,0,57.18,0,true,3996.89,2002.66,true,0,true,0,true,true,false
VR_IDLE,3,<RAIZ_TFM>\06_CONTROLLED_RERUN\OUTPUT\BENCHMARK\BENCH_20260619_FINAL01\REP_03\VR_IDLE\TFM_BENCH_VR_IDLE_20260619_133913\samples.csv,TFM_BENCH_VR_IDLE_20260619_133913,2026-06-19T13:40:06.8906654+02:00,22.78,Velociraptor,Running,1,2140,0,57.38,57.38,42.34,353,13,0,0,0,1,2880,0,146.08,0,1,0,57.38,0,true,4026.3,1973.25,true,282384,true,0,true,true,false
VR_IDLE,3,<RAIZ_TFM>\06_CONTROLLED_RERUN\OUTPUT\BENCHMARK\BENCH_20260619_FINAL01\REP_03\VR_IDLE\TFM_BENCH_VR_IDLE_20260619_133913\samples.csv,TFM_BENCH_VR_IDLE_20260619_133913,2026-06-19T13:40:10.6190889+02:00,26.51,Velociraptor,Running,1,2140,0,57.38,57.38,42.34,353,13,0,0,0,1,2880,0,146.09,0,1,0,57.38,0,true,4021.15,1978.4,true,0,true,0,true,true,false
VR_IDLE,3,<RAIZ_TFM>\06_CONTROLLED_RERUN\OUTPUT\BENCHMARK\BENCH_20260619_FINAL01\REP_03\VR_IDLE\TFM_BENCH_VR_IDLE_20260619_133913\samples.csv,TFM_BENCH_VR_IDLE_20260619_133913,2026-06-19T13:40:14.3562628+02:00,30.25,Velociraptor,Running,1,2140,0,57.29,57.29,42.21,353,13,0,0,0,1,2880,0,146.09,0,1,0,57.29,7,true,3993.32,2006.23,true,15990,true,0,true,true,false
VR_IDLE,3,<RAIZ_TFM>\06_CONTROLLED_RERUN\OUTPUT\BENCHMARK\BENCH_20260619_FINAL01\REP_03\VR_IDLE\TFM_BENCH_VR_IDLE_20260619_133913\samples.csv,TFM_BENCH_VR_IDLE_20260619_133913,2026-06-19T13:40:18.0141121+02:00,33.9,Velociraptor,Running,1,2140,0,57.29,57.29,42.21,353,13,0,0,0,1,2880,0,119.56,0,1,0,57.29,1,true,3991.78,2007.77,true,0,true,0,true,true,false
VR_IDLE,3,<RAIZ_TFM>\06_CONTROLLED_RERUN\OUTPUT\BENCHMARK\BENCH_20260619_FINAL01\REP_03\VR_IDLE\TFM_BENCH_VR_IDLE_20260619_133913\samples.csv,TFM_BENCH_VR_IDLE_20260619_133913,2026-06-19T13:40:21.7057854+02:00,37.6,Velociraptor,Running,1,2140,0,57.29,57.29,42.21,353,13,0,0,0,1,2880,0,149.15,0,1,0,57.29,3,true,4036.77,1962.78,true,0,true,0,true,true,false
VR_IDLE,3,<RAIZ_TFM>\06_CONTROLLED_RERUN\OUTPUT\BENCHMARK\BENCH_20260619_FINAL01\REP_03\VR_IDLE\TFM_BENCH_VR_IDLE_20260619_133913\samples.csv,TFM_BENCH_VR_IDLE_20260619_133913,2026-06-19T13:40:25.4281582+02:00,41.32,Velociraptor,Running,1,2140,0,57.29,57.29,42.21,353,13,0,0,0,1,2880,0,119.95,0,1,0,57.29,2,true,3996.53,2003.02,true,0,true,0,true,true,false
VR_IDLE,3,<RAIZ_TFM>\06_CONTROLLED_RERUN\OUTPUT\BENCHMARK\BENCH_20260619_FINAL01\REP_03\VR_IDLE\TFM_BENCH_VR_IDLE_20260619_133913\samples.csv,TFM_BENCH_VR_IDLE_20260619_133913,2026-06-19T13:40:29.1258489+02:00,45.02,Velociraptor,Running,1,2140,0,57.29,57.29,42.21,353,13,0,0,0,1,2880,5,124.57,0,1,0,57.29,0,true,4004.89,1994.66,true,0,true,0,true,true,false
VR_IDLE,3,<RAIZ_TFM>\06_CONTROLLED_RERUN\OUTPUT\BENCHMARK\BENCH_20260619_FINAL01\REP_03\VR_IDLE\TFM_BENCH_VR_IDLE_20260619_133913\samples.csv,TFM_BENCH_VR_IDLE_20260619_133913,2026-06-19T13:40:32.8445021+02:00,48.73,Velociraptor,Running,1,2140,0,57.3,57.3,42.21,353,13,0,0,0,1,2880,0,124.64,0,1,0,57.3,4,true,3999.39,2000.16,true,320136,true,0,true,true,false
VR_IDLE,3,<RAIZ_TFM>\06_CONTROLLED_RERUN\OUTPUT\BENCHMARK\BENCH_20260619_FINAL01\REP_03\VR_IDLE\TFM_BENCH_VR_IDLE_20260619_133913\samples.csv,TFM_BENCH_VR_IDLE_20260619_133913,2026-06-19T13:40:36.5722403+02:00,52.46,Velociraptor,Running,1,2140,0,57.3,57.3,42.21,351,13,0,0,0,1,2880,0,145.72,0,1,0,57.3,11,true,4023.45,1976.1,true,0,true,0,true,true,false
VR_IDLE,3,<RAIZ_TFM>\06_CONTROLLED_RERUN\OUTPUT\BENCHMARK\BENCH_20260619_FINAL01\REP_03\VR_IDLE\TFM_BENCH_VR_IDLE_20260619_133913\samples.csv,TFM_BENCH_VR_IDLE_20260619_133913,2026-06-19T13:40:40.2373658+02:00,56.13,Velociraptor,Running,1,2140,0,57.3,57.3,42.21,351,13,0,0,0,1,2880,0,145.73,0,1,0,57.3,4,true,4024.17,1975.38,true,0,true,0,true,true,false
VR_IDLE,3,<RAIZ_TFM>\06_CONTROLLED_RERUN\OUTPUT\BENCHMARK\BENCH_20260619_FINAL01\REP_03\VR_IDLE\TFM_BENCH_VR_IDLE_20260619_133913\samples.csv,TFM_BENCH_VR_IDLE_20260619_133913,2026-06-19T13:40:43.9313733+02:00,59.82,Velociraptor,Running,1,2140,0,57.43,57.43,42.34,351,13,0,0,0,1,2880,0,145.73,0,1,0,57.43,2,true,4024.61,1974.94,true,0,true,0,true,true,false
VR_IDLE,3,<RAIZ_TFM>\06_CONTROLLED_RERUN\OUTPUT\BENCHMARK\BENCH_20260619_FINAL01\REP_03\VR_IDLE\TFM_BENCH_VR_IDLE_20260619_133913\samples.csv,TFM_BENCH_VR_IDLE_20260619_133913,2026-06-19T13:40:47.6135957+02:00,63.5,Velociraptor,Running,1,2140,0,57.43,57.43,42.34,351,13,0,0,0,1,2880,0,119.87,0,1,0,57.43,0,true,3994.72,2004.83,true,0,true,279,true,true,false
VR_IDLE,3,<RAIZ_TFM>\06_CONTROLLED_RERUN\OUTPUT\BENCHMARK\BENCH_20260619_FINAL01\REP_03\VR_IDLE\TFM_BENCH_VR_IDLE_20260619_133913\samples.csv,TFM_BENCH_VR_IDLE_20260619_133913,2026-06-19T13:40:51.3127653+02:00,67.2,Velociraptor,Running,1,2140,0,57.43,57.43,42.34,351,13,0,0,0,1,2880,0,147.05,0,1,0,57.43,2,true,4020.3,1979.25,true,0,true,0,true,true,false
VR_IDLE,3,<RAIZ_TFM>\06_CONTROLLED_RERUN\OUTPUT\BENCHMARK\BENCH_20260619_FINAL01\REP_03\VR_IDLE\TFM_BENCH_VR_IDLE_20260619_133913\samples.csv,TFM_BENCH_VR_IDLE_20260619_133913,2026-06-19T13:40:55.0010583+02:00,70.89,Velociraptor,Running,1,2140,0,57.29,57.29,42.18,351,12,0,0,0,1,2880,0,119.88,0,1,0,57.29,2,true,4016.09,1983.46,true,0,true,2044,true,true,false
VR_IDLE,3,<RAIZ_TFM>\06_CONTROLLED_RERUN\OUTPUT\BENCHMARK\BENCH_20260619_FINAL01\REP_03\VR_IDLE\TFM_BENCH_VR_IDLE_20260619_133913\samples.csv,TFM_BENCH_VR_IDLE_20260619_133913,2026-06-19T13:41:04.2009155+02:00,80.09,Velociraptor,Running,1,2140,0,57.29,57.29,42.18,351,12,0,0,0,1,2880,0,148.92,0,1,0,57.29,0,true,4020.15,1979.4,true,507285,true,0,true,true,false
VR_IDLE,3,<RAIZ_TFM>\06_CONTROLLED_RERUN\OUTPUT\BENCHMARK\BENCH_20260619_FINAL01\REP_03\VR_IDLE\TFM_BENCH_VR_IDLE_20260619_133913\samples.csv,TFM_BENCH_VR_IDLE_20260619_133913,2026-06-19T13:41:08.0190616+02:00,83.91,Velociraptor,Running,1,2140,0,57.29,57.29,42.18,351,12,0,0,0,1,2880,0,120.19,0,1,0,57.29,2,true,4012.16,1987.39,true,523356,true,0,true,true,false
VR_IDLE,3,<RAIZ_TFM>\06_CONTROLLED_RERUN\OUTPUT\BENCHMARK\BENCH_20260619_FINAL01\REP_03\VR_IDLE\TFM_BENCH_VR_IDLE_20260619_133913\samples.csv,TFM_BENCH_VR_IDLE_20260619_133913,2026-06-19T13:41:11.7096293+02:00,87.6,Velociraptor,Running,1,2140,0,57.29,57.29,42.18,351,12,0,0,0,1,2880,11,120.19,0,1,0,57.29,5,true,4018.87,1980.68,true,0,true,0,true,true,false
VR_IDLE,3,<RAIZ_TFM>\06_CONTROLLED_RERUN\OUTPUT\BENCHMARK\BENCH_20260619_FINAL01\REP_03\VR_IDLE\TFM_BENCH_VR_IDLE_20260619_133913\samples.csv,TFM_BENCH_VR_IDLE_20260619_133913,2026-06-19T13:41:15.3811778+02:00,91.27,Velociraptor,Running,1,2140,0,57.29,57.29,42.18,351,12,0,0,0,1,2880,0,119.86,0,1,0,57.29,2,true,4018.14,1981.41,true,0,true,253,true,true,false
VR_IDLE,3,<RAIZ_TFM>\06_CONTROLLED_RERUN\OUTPUT\BENCHMARK\BENCH_20260619_FINAL01\REP_03\VR_IDLE\TFM_BENCH_VR_IDLE_20260619_133913\samples.csv,TFM_BENCH_VR_IDLE_20260619_133913,2026-06-19T13:41:19.1242521+02:00,95.01,Velociraptor,Running,1,2140,0,57.29,57.29,42.18,351,12,0,0,0,1,2880,0,135.94,0,1,0,57.29,51,true,4017.73,1981.82,true,368437,true,0,true,true,false
VR_IDLE,3,<RAIZ_TFM>\06_CONTROLLED_RERUN\OUTPUT\BENCHMARK\BENCH_20260619_FINAL01\REP_03\VR_IDLE\TFM_BENCH_VR_IDLE_20260619_133913\samples.csv,TFM_BENCH_VR_IDLE_20260619_133913,2026-06-19T13:41:22.8718918+02:00,98.76,Velociraptor,Running,1,2140,0,57.29,57.29,42.18,351,12,0,0,0,1,2880,0,149.48,0,1,0,57.29,1,true,4014.49,1985.06,true,0,true,0,true,true,false
VR_IDLE,3,<RAIZ_TFM>\06_CONTROLLED_RERUN\OUTPUT\BENCHMARK\BENCH_20260619_FINAL01\REP_03\VR_IDLE\TFM_BENCH_VR_IDLE_20260619_133913\samples.csv,TFM_BENCH_VR_IDLE_20260619_133913,2026-06-19T13:41:26.5538872+02:00,102.44,Velociraptor,Running,1,2140,0,57.41,57.41,42.31,355,12,0,0,0,1,2880,5,121.71,0,1,0,57.41,3,true,3993.72,2005.83,true,0,true,0,true,true,false
VR_IDLE,3,<RAIZ_TFM>\06_CONTROLLED_RERUN\OUTPUT\BENCHMARK\BENCH_20260619_FINAL01\REP_03\VR_IDLE\TFM_BENCH_VR_IDLE_20260619_133913\samples.csv,TFM_BENCH_VR_IDLE_20260619_133913,2026-06-19T13:41:30.2181055+02:00,106.11,Velociraptor,Running,1,2140,0,57.41,57.41,42.31,355,12,0,0,0,1,2880,0,124.7,0,1,0,57.41,0,true,3998.35,2001.2,true,1079416,true,0,true,true,false
VR_IDLE,3,<RAIZ_TFM>\06_CONTROLLED_RERUN\OUTPUT\BENCHMARK\BENCH_20260619_FINAL01\REP_03\VR_IDLE\TFM_BENCH_VR_IDLE_20260619_133913\samples.csv,TFM_BENCH_VR_IDLE_20260619_133913,2026-06-19T13:41:33.9227100+02:00,109.81,Velociraptor,Running,1,2140,0,57.3,57.3,42.18,355,12,0,0,0,1,2880,0,124.84,0,1,0,57.3,25,true,3996.31,2003.24,true,0,true,0,true,true,false
VR_IDLE,3,<RAIZ_TFM>\06_CONTROLLED_RERUN\OUTPUT\BENCHMARK\BENCH_20260619_FINAL01\REP_03\VR_IDLE\TFM_BENCH_VR_IDLE_20260619_133913\samples.csv,TFM_BENCH_VR_IDLE_20260619_133913,2026-06-19T13:41:37.6301701+02:00,113.52,Velociraptor,Running,1,2140,0,57.3,57.3,42.18,355,12,0,0,0,1,2880,0,147.15,0,1,0,57.3,0,true,4011.42,1988.13,true,0,true,0,true,true,false
VR_IDLE,3,<RAIZ_TFM>\06_CONTROLLED_RERUN\OUTPUT\BENCHMARK\BENCH_20260619_FINAL01\REP_03\VR_IDLE\TFM_BENCH_VR_IDLE_20260619_133913\samples.csv,TFM_BENCH_VR_IDLE_20260619_133913,2026-06-19T13:41:41.3103614+02:00,117.2,Velociraptor,Running,1,2140,0,57.3,57.3,42.18,355,12,0,0,0,1,2880,0,147.15,0,1,0,57.3,0,true,4015.74,1983.81,true,0,true,276,true,true,false
VR_IDLE,3,<RAIZ_TFM>\06_CONTROLLED_RERUN\OUTPUT\BENCHMARK\BENCH_20260619_FINAL01\REP_03\VR_IDLE\TFM_BENCH_VR_IDLE_20260619_133913\samples.csv,TFM_BENCH_VR_IDLE_20260619_133913,2026-06-19T13:41:45.0300180+02:00,120.92,Velociraptor,Running,1,2140,0,57.3,57.3,42.18,355,12,0,0,0,1,2880,0,122.71,0,1,0,57.3,23,true,3991.31,2008.24,true,548871,true,0,true,true,false
VR_IDLE,3,<RAIZ_TFM>\06_CONTROLLED_RERUN\OUTPUT\BENCHMARK\BENCH_20260619_FINAL01\REP_03\VR_IDLE\TFM_BENCH_VR_IDLE_20260619_133913\samples.csv,TFM_BENCH_VR_IDLE_20260619_133913,2026-06-19T13:41:48.7531070+02:00,124.64,Velociraptor,Running,1,2140,0,57.3,57.3,42.18,355,12,0,0,0,1,2880,0,122.75,0,1,0,57.3,17,true,3994.87,2004.68,true,0,true,0,true,true,false
VR_IDLE,3,<RAIZ_TFM>\06_CONTROLLED_RERUN\OUTPUT\BENCHMARK\BENCH_20260619_FINAL01\REP_03\VR_IDLE\TFM_BENCH_VR_IDLE_20260619_133913\samples.csv,TFM_BENCH_VR_IDLE_20260619_133913,2026-06-19T13:41:52.4800959+02:00,128.37,Velociraptor,Running,1,2140,0,57.3,57.3,42.18,355,12,0,0,0,1,2880,0,149.7,0,1,0,57.3,0,true,4015.37,1984.18,true,0,true,0,true,true,false
VR_IDLE,3,<RAIZ_TFM>\06_CONTROLLED_RERUN\OUTPUT\BENCHMARK\BENCH_20260619_FINAL01\REP_03\VR_IDLE\TFM_BENCH_VR_IDLE_20260619_133913\samples.csv,TFM_BENCH_VR_IDLE_20260619_133913,2026-06-19T13:41:56.1867961+02:00,132.08,Velociraptor,Running,1,2140,0,57.32,57.32,42.21,353,13,0,0,0,1,2880,0,119.67,0,1,0,57.32,0,true,3988.02,2011.53,true,173667,true,0,true,true,false
VR_IDLE,3,<RAIZ_TFM>\06_CONTROLLED_RERUN\OUTPUT\BENCHMARK\BENCH_20260619_FINAL01\REP_03\VR_IDLE\TFM_BENCH_VR_IDLE_20260619_133913\samples.csv,TFM_BENCH_VR_IDLE_20260619_133913,2026-06-19T13:41:59.8553976+02:00,135.75,Velociraptor,Running,1,2140,0,57.32,57.32,42.21,353,13,0,0,0,1,2880,0,119.73,0,1,0,57.32,0,true,3990.86,2008.69,true,0,true,330,true,true,false
VR_IDLE,3,<RAIZ_TFM>\06_CONTROLLED_RERUN\OUTPUT\BENCHMARK\BENCH_20260619_FINAL01\REP_03\VR_IDLE\TFM_BENCH_VR_IDLE_20260619_133913\samples.csv,TFM_BENCH_VR_IDLE_20260619_133913,2026-06-19T13:42:03.5840779+02:00,139.47,Velociraptor,Running,1,2140,0,57.32,57.32,42.21,353,13,0,0,0,1,2880,11,124.08,0,1,0,57.32,3,true,4003.32,1996.23,true,0,true,0,true,true,false
VR_IDLE,3,<RAIZ_TFM>\06_CONTROLLED_RERUN\OUTPUT\BENCHMARK\BENCH_20260619_FINAL01\REP_03\VR_IDLE\TFM_BENCH_VR_IDLE_20260619_133913\samples.csv,TFM_BENCH_VR_IDLE_20260619_133913,2026-06-19T13:42:07.2744094+02:00,143.16,Velociraptor,Running,1,2140,0,57.32,57.32,42.21,353,13,0,0,0,1,2880,0,149.85,0,1,0,57.32,1,true,4018.34,1981.21,true,0,true,0,true,true,false
VR_IDLE,3,<RAIZ_TFM>\06_CONTROLLED_RERUN\OUTPUT\BENCHMARK\BENCH_20260619_FINAL01\REP_03\VR_IDLE\TFM_BENCH_VR_IDLE_20260619_133913\samples.csv,TFM_BENCH_VR_IDLE_20260619_133913,2026-06-19T13:42:10.9617294+02:00,146.85,Velociraptor,Running,1,2140,0,57.32,57.32,42.21,353,13,0,0,0,1,2880,0,149.85,0,1,0,57.32,0,true,4024.27,1975.28,true,249292,true,0,true,true,false
VR_IDLE,3,<RAIZ_TFM>\06_CONTROLLED_RERUN\OUTPUT\BENCHMARK\BENCH_20260619_FINAL01\REP_03\VR_IDLE\TFM_BENCH_VR_IDLE_20260619_133913\samples.csv,TFM_BENCH_VR_IDLE_20260619_133913,2026-06-19T13:42:14.6289487+02:00,150.52,Velociraptor,Running,1,2140,0,57.32,57.32,42.21,353,13,0,0,0,1,2880,0,149.86,0,1,0,57.32,41,true,3997.14,2002.41,true,0,true,0,true,true,false
VR_IDLE,3,<RAIZ_TFM>\06_CONTROLLED_RERUN\OUTPUT\BENCHMARK\BENCH_20260619_FINAL01\REP_03\VR_IDLE\TFM_BENCH_VR_IDLE_20260619_133913\samples.csv,TFM_BENCH_VR_IDLE_20260619_133913,2026-06-19T13:42:18.3559234+02:00,154.25,Velociraptor,Running,1,2140,0,57.32,57.32,42.21,353,13,0,0,0,1,2880,0,119.83,0,1,0,57.32,1,true,3991.16,2008.39,true,0,true,0,true,true,false
VR_IDLE,3,<RAIZ_TFM>\06_CONTROLLED_RERUN\OUTPUT\BENCHMARK\BENCH_20260619_FINAL01\REP_03\VR_IDLE\TFM_BENCH_VR_IDLE_20260619_133913\samples.csv,TFM_BENCH_VR_IDLE_20260619_133913,2026-06-19T13:42:22.0672321+02:00,157.96,Velociraptor,Running,1,2140,0,57.32,57.32,42.24,353,13,0,0,0,1,2880,0,149.43,0,1,0,57.32,9,true,4004.55,1995,true,864198,true,0,true,true,false
VR_IDLE,3,<RAIZ_TFM>\06_CONTROLLED_RERUN\OUTPUT\BENCHMARK\BENCH_20260619_FINAL01\REP_03\VR_IDLE\TFM_BENCH_VR_IDLE_20260619_133913\samples.csv,TFM_BENCH_VR_IDLE_20260619_133913,2026-06-19T13:42:25.8085866+02:00,161.7,Velociraptor,Running,1,2140,0,57.29,57.29,42.21,353,13,0,0,0,1,2880,0,119.85,0,1,0,57.29,2,true,3970.24,2029.31,true,0,true,0,true,true,false
VR_IDLE,3,<RAIZ_TFM>\06_CONTROLLED_RERUN\OUTPUT\BENCHMARK\BENCH_20260619_FINAL01\REP_03\VR_IDLE\TFM_BENCH_VR_IDLE_20260619_133913\samples.csv,TFM_BENCH_VR_IDLE_20260619_133913,2026-06-19T13:42:29.5594550+02:00,165.45,Velociraptor,Running,1,2140,0,57.29,57.29,42.21,353,13,0,0,0,1,2880,0,124.29,0,1,0,57.29,1,true,3980.6,2018.95,true,0,true,0,true,true,false
VR_IDLE,3,<RAIZ_TFM>\06_CONTROLLED_RERUN\OUTPUT\BENCHMARK\BENCH_20260619_FINAL01\REP_03\VR_IDLE\TFM_BENCH_VR_IDLE_20260619_133913\samples.csv,TFM_BENCH_VR_IDLE_20260619_133913,2026-06-19T13:42:33.2128460+02:00,169.1,Velociraptor,Running,1,2140,0,57.29,57.29,42.18,353,13,0,0,0,1,2880,0,124.34,0,1,0,57.29,7,true,3990.99,2008.56,true,0,true,443,true,true,false
VR_IDLE,3,<RAIZ_TFM>\06_CONTROLLED_RERUN\OUTPUT\BENCHMARK\BENCH_20260619_FINAL01\REP_03\VR_IDLE\TFM_BENCH_VR_IDLE_20260619_133913\samples.csv,TFM_BENCH_VR_IDLE_20260619_133913,2026-06-19T13:42:36.9880470+02:00,172.88,Velociraptor,Running,1,2140,0,57.29,57.29,42.18,353,13,0,0,0,1,2880,0,120.19,0,1,0,57.29,0,true,3981.85,2017.7,true,345514,true,0,true,true,false
VR_IDLE,3,<RAIZ_TFM>\06_CONTROLLED_RERUN\OUTPUT\BENCHMARK\BENCH_20260619_FINAL01\REP_03\VR_IDLE\TFM_BENCH_VR_IDLE_20260619_133913\samples.csv,TFM_BENCH_VR_IDLE_20260619_133913,2026-06-19T13:42:40.7282118+02:00,176.62,Velociraptor,Running,1,2140,0,57.29,57.29,42.18,353,13,0,0,0,1,2880,0,120.2,0,1,0,57.29,2,true,3976.57,2022.98,true,0,true,0,true,true,false
VR_TEC_RUNNER,3,<RAIZ_TFM>\06_CONTROLLED_RERUN\OUTPUT\BENCHMARK\BENCH_20260619_FINAL01\REP_03\VR_TEC_RUNNER\TFM_BENCH_VR_TEC_RUNNER_20260619_134315\samples.csv,TFM_BENCH_VR_TEC_RUNNER_20260619_134315,2026-06-19T13:43:16.1250691+02:00,0,Velociraptor,Running,1,2140,0,57.35,57.35,42.48,355,13,0,0,0,1,2880,0,119.88,0,1,0,57.35,72,true,4093.34,1906.21,true,482704,true,0,true,true,true
VR_TEC_RUNNER,3,<RAIZ_TFM>\06_CONTROLLED_RERUN\OUTPUT\BENCHMARK\BENCH_20260619_FINAL01\REP_03\VR_TEC_RUNNER\TFM_BENCH_VR_TEC_RUNNER_20260619_134315\samples.csv,TFM_BENCH_VR_TEC_RUNNER_20260619_134315,2026-06-19T13:43:20.5062085+02:00,4.38,Velociraptor,Running,1,2140,0,57.35,57.35,42.48,355,13,0,0,0,1,2880,5,145.84,0,1,0,57.35,14,true,4163.41,1836.14,true,0,true,0,true,true,true
VR_TEC_RUNNER,3,<RAIZ_TFM>\06_CONTROLLED_RERUN\OUTPUT\BENCHMARK\BENCH_20260619_FINAL01\REP_03\VR_TEC_RUNNER\TFM_BENCH_VR_TEC_RUNNER_20260619_134315\samples.csv,TFM_BENCH_VR_TEC_RUNNER_20260619_134315,2026-06-19T13:43:25.7764256+02:00,9.65,Velociraptor,Running,1,2140,0,57.35,57.35,42.48,355,13,0,0,0,1,2880,0,124.05,0,1,0,57.35,100,true,4120.16,1879.39,true,0,true,0,true,true,true
VR_TEC_RUNNER,3,<RAIZ_TFM>\06_CONTROLLED_RERUN\OUTPUT\BENCHMARK\BENCH_20260619_FINAL01\REP_03\VR_TEC_RUNNER\TFM_BENCH_VR_TEC_RUNNER_20260619_134315\samples.csv,TFM_BENCH_VR_TEC_RUNNER_20260619_134315,2026-06-19T13:43:35.8535420+02:00,19.73,Velociraptor,Running,1,2140,0,57.35,57.35,42.48,355,13,0,0,0,1,2880,0,119.46,0,1,0,57.35,6,true,4113.51,1886.04,true,0,true,0,true,true,true
VR_TEC_RUNNER,3,<RAIZ_TFM>\06_CONTROLLED_RERUN\OUTPUT\BENCHMARK\BENCH_20260619_FINAL01\REP_03\VR_TEC_RUNNER\TFM_BENCH_VR_TEC_RUNNER_20260619_134315\samples.csv,TFM_BENCH_VR_TEC_RUNNER_20260619_134315,2026-06-19T13:43:39.7288492+02:00,23.6,Velociraptor,Running,1,2140,0,57.35,57.35,42.48,355,13,0,0,0,1,2880,10,123.19,0,1,0,57.35,20,true,4116.81,1882.74,true,0,true,0,true,true,true
VR_TEC_RUNNER,3,<RAIZ_TFM>\06_CONTROLLED_RERUN\OUTPUT\BENCHMARK\BENCH_20260619_FINAL01\REP_03\VR_TEC_RUNNER\TFM_BENCH_VR_TEC_RUNNER_20260619_134315\samples.csv,TFM_BENCH_VR_TEC_RUNNER_20260619_134315,2026-06-19T13:43:48.3707311+02:00,32.25,Velociraptor,Running,1,2140,0,57.41,57.41,42.49,357,13,0,0,0,1,2880,16,142.52,0,1,0,57.41,59,true,4144.42,1855.13,true,0,true,0,true,true,true
VR_TEC_RUNNER,3,<RAIZ_TFM>\06_CONTROLLED_RERUN\OUTPUT\BENCHMARK\BENCH_20260619_FINAL01\REP_03\VR_TEC_RUNNER\TFM_BENCH_VR_TEC_RUNNER_20260619_134315\samples.csv,TFM_BENCH_VR_TEC_RUNNER_20260619_134315,2026-06-19T13:43:58.9394181+02:00,42.81,Velociraptor,Running,1,2140,0,57.32,57.32,42.38,357,13,0,0,0,1,2880,0,143.45,1,2,27,118.63,100,true,4213.77,1785.78,true,0,true,0,true,true,true
VR_TEC_RUNNER,3,<RAIZ_TFM>\06_CONTROLLED_RERUN\OUTPUT\BENCHMARK\BENCH_20260619_FINAL01\REP_03\VR_TEC_RUNNER\TFM_BENCH_VR_TEC_RUNNER_20260619_134315\samples.csv,TFM_BENCH_VR_TEC_RUNNER_20260619_134315,2026-06-19T13:44:10.0726650+02:00,53.95,Velociraptor,Running,1,2140,0,57.32,57.32,42.38,357,13,0,0,0,1,2880,0,148.73,0,1,0,57.32,100,true,4186.01,1813.54,true,264087,true,0,true,true,true
VR_TEC_RUNNER,3,<RAIZ_TFM>\06_CONTROLLED_RERUN\OUTPUT\BENCHMARK\BENCH_20260619_FINAL01\REP_03\VR_TEC_RUNNER\TFM_BENCH_VR_TEC_RUNNER_20260619_134315\samples.csv,TFM_BENCH_VR_TEC_RUNNER_20260619_134315,2026-06-19T13:44:18.9122882+02:00,62.79,Velociraptor,Running,1,2140,0,57.32,57.32,42.38,357,13,0,0,0,1,2880,0,123.17,0,1,0,57.32,20,true,4129.2,1870.35,true,10031316,true,0,true,true,true
VR_TEC_RUNNER,3,<RAIZ_TFM>\06_CONTROLLED_RERUN\OUTPUT\BENCHMARK\BENCH_20260619_FINAL01\REP_03\VR_TEC_RUNNER\TFM_BENCH_VR_TEC_RUNNER_20260619_134315\samples.csv,TFM_BENCH_VR_TEC_RUNNER_20260619_134315,2026-06-19T13:44:22.8181362+02:00,66.69,Velociraptor,Running,1,2140,11,57.32,57.32,42.38,356,13,0,0,0,1,2880,0,152.05,1,2,121,126.83,40,true,4212.83,1786.72,true,0,true,675,true,true,true
VR_TEC_RUNNER,3,<RAIZ_TFM>\06_CONTROLLED_RERUN\OUTPUT\BENCHMARK\BENCH_20260619_FINAL01\REP_03\VR_TEC_RUNNER\TFM_BENCH_VR_TEC_RUNNER_20260619_134315\samples.csv,TFM_BENCH_VR_TEC_RUNNER_20260619_134315,2026-06-19T13:44:26.9373841+02:00,70.81,Velociraptor,Running,1,2140,0,57.32,57.32,42.38,356,13,0,0,0,1,2880,0,122.34,1,2,78,129.16,33,true,4166.43,1833.12,true,1005718,true,1337,true,true,true
VR_TEC_RUNNER,3,<RAIZ_TFM>\06_CONTROLLED_RERUN\OUTPUT\BENCHMARK\BENCH_20260619_FINAL01\REP_03\VR_TEC_RUNNER\TFM_BENCH_VR_TEC_RUNNER_20260619_134315\samples.csv,TFM_BENCH_VR_TEC_RUNNER_20260619_134315,2026-06-19T13:44:31.0871428+02:00,74.96,Velociraptor,Running,1,2140,0,57.32,57.32,42.38,356,13,0,0,0,1,2880,0,125.88,0,1,0,57.32,7,true,4105.08,1894.47,true,0,true,0,true,true,true
VR_TEC_RUNNER,3,<RAIZ_TFM>\06_CONTROLLED_RERUN\OUTPUT\BENCHMARK\BENCH_20260619_FINAL01\REP_03\VR_TEC_RUNNER\TFM_BENCH_VR_TEC_RUNNER_20260619_134315\samples.csv,TFM_BENCH_VR_TEC_RUNNER_20260619_134315,2026-06-19T13:44:34.9535698+02:00,78.83,Velociraptor,Running,1,2140,0,57.34,57.34,42.41,356,13,0,0,0,1,2880,0,128.47,0,1,0,57.34,79,true,4196.93,1802.62,true,1056253,true,8150,true,true,true
VR_TEC_RUNNER,3,<RAIZ_TFM>\06_CONTROLLED_RERUN\OUTPUT\BENCHMARK\BENCH_20260619_FINAL01\REP_03\VR_TEC_RUNNER\TFM_BENCH_VR_TEC_RUNNER_20260619_134315\samples.csv,TFM_BENCH_VR_TEC_RUNNER_20260619_134315,2026-06-19T13:44:39.1245416+02:00,83,Velociraptor,Running,1,2140,0,57.34,57.34,42.41,356,13,0,0,0,1,2880,0,146.21,0,1,0,57.34,15,true,4186.31,1813.24,true,0,true,0,true,true,true
VR_TEC_RUNNER,3,<RAIZ_TFM>\06_CONTROLLED_RERUN\OUTPUT\BENCHMARK\BENCH_20260619_FINAL01\REP_03\VR_TEC_RUNNER\TFM_BENCH_VR_TEC_RUNNER_20260619_134315\samples.csv,TFM_BENCH_VR_TEC_RUNNER_20260619_134315,2026-06-19T13:44:43.0940650+02:00,86.97,Velociraptor,Running,1,2140,0,57.34,57.34,42.41,356,13,0,0,0,1,2880,0,148.09,0,1,0,57.34,19,true,4189.89,1809.66,true,0,true,0,true,true,true
VR_TEC_RUNNER,3,<RAIZ_TFM>\06_CONTROLLED_RERUN\OUTPUT\BENCHMARK\BENCH_20260619_FINAL01\REP_03\VR_TEC_RUNNER\TFM_BENCH_VR_TEC_RUNNER_20260619_134315\samples.csv,TFM_BENCH_VR_TEC_RUNNER_20260619_134315,2026-06-19T13:44:47.1851873+02:00,91.06,Velociraptor,Running,1,2140,0,57.34,57.34,42.41,356,13,0,0,0,1,2880,0,120.4,0,1,0,57.34,5,true,4109.96,1889.59,true,421218,true,0,true,true,true
VR_TEC_RUNNER,3,<RAIZ_TFM>\06_CONTROLLED_RERUN\OUTPUT\BENCHMARK\BENCH_20260619_FINAL01\REP_03\VR_TEC_RUNNER\TFM_BENCH_VR_TEC_RUNNER_20260619_134315\samples.csv,TFM_BENCH_VR_TEC_RUNNER_20260619_134315,2026-06-19T13:44:51.0630076+02:00,94.94,Velociraptor,Running,1,2140,0,57.34,57.34,42.41,356,13,0,0,0,1,2880,0,120.46,0,1,0,57.34,10,true,4176.99,1822.56,true,0,true,0,true,true,true
VR_TEC_RUNNER,3,<RAIZ_TFM>\06_CONTROLLED_RERUN\OUTPUT\BENCHMARK\BENCH_20260619_FINAL01\REP_03\VR_TEC_RUNNER\TFM_BENCH_VR_TEC_RUNNER_20260619_134315\samples.csv,TFM_BENCH_VR_TEC_RUNNER_20260619_134315,2026-06-19T13:44:54.9584472+02:00,98.83,Velociraptor,Running,1,2140,0,57.32,57.32,42.38,355,13,0,0,0,1,2880,0,153.7,0,1,0,57.32,98,true,4223.02,1776.53,true,1468083,true,72655,true,true,true
VR_TEC_RUNNER,3,<RAIZ_TFM>\06_CONTROLLED_RERUN\OUTPUT\BENCHMARK\BENCH_20260619_FINAL01\REP_03\VR_TEC_RUNNER\TFM_BENCH_VR_TEC_RUNNER_20260619_134315\samples.csv,TFM_BENCH_VR_TEC_RUNNER_20260619_134315,2026-06-19T13:45:00.2941509+02:00,104.17,Velociraptor,Running,1,2140,0,57.32,57.32,42.38,355,13,0,0,0,1,2880,0,128.82,0,1,0,57.32,34,true,4141.26,1858.29,true,0,true,0,true,true,true
VR_TEC_RUNNER,3,<RAIZ_TFM>\06_CONTROLLED_RERUN\OUTPUT\BENCHMARK\BENCH_20260619_FINAL01\REP_03\VR_TEC_RUNNER\TFM_BENCH_VR_TEC_RUNNER_20260619_134315\samples.csv,TFM_BENCH_VR_TEC_RUNNER_20260619_134315,2026-06-19T13:45:04.6306873+02:00,108.51,Velociraptor,Running,1,2140,0,57.32,57.32,42.38,355,13,0,0,0,1,2880,0,129.92,0,1,0,57.32,31,true,4166.98,1832.57,true,0,true,0,true,true,true
VR_TEC_RUNNER,3,<RAIZ_TFM>\06_CONTROLLED_RERUN\OUTPUT\BENCHMARK\BENCH_20260619_FINAL01\REP_03\VR_TEC_RUNNER\TFM_BENCH_VR_TEC_RUNNER_20260619_134315\samples.csv,TFM_BENCH_VR_TEC_RUNNER_20260619_134315,2026-06-19T13:45:08.7515264+02:00,112.63,Velociraptor,Running,1,2140,0,57.51,57.51,42.58,357,13,0,0,0,1,2880,0,146.7,0,1,0,57.51,8,true,4222.33,1777.22,true,0,true,0,true,true,true
VR_TEC_RUNNER,3,<RAIZ_TFM>\06_CONTROLLED_RERUN\OUTPUT\BENCHMARK\BENCH_20260619_FINAL01\REP_03\VR_TEC_RUNNER\TFM_BENCH_VR_TEC_RUNNER_20260619_134315\samples.csv,TFM_BENCH_VR_TEC_RUNNER_20260619_134315,2026-06-19T13:45:12.7669726+02:00,116.64,Velociraptor,Running,1,2140,0,57.51,57.51,42.58,357,13,0,0,0,1,2880,0,146.7,0,1,0,57.51,6,true,4217.36,1782.19,true,32257,true,0,true,true,true
VR_TEC_RUNNER,3,<RAIZ_TFM>\06_CONTROLLED_RERUN\OUTPUT\BENCHMARK\BENCH_20260619_FINAL01\REP_03\VR_TEC_RUNNER\TFM_BENCH_VR_TEC_RUNNER_20260619_134315\samples.csv,TFM_BENCH_VR_TEC_RUNNER_20260619_134315,2026-06-19T13:45:16.5868542+02:00,120.46,Velociraptor,Running,1,2140,0,57.43,57.43,42.49,357,13,0,0,0,1,2880,0,150,0,1,0,57.43,10,true,4152.49,1847.06,true,0,true,0,true,true,true
VR_TEC_RUNNER,3,<RAIZ_TFM>\06_CONTROLLED_RERUN\OUTPUT\BENCHMARK\BENCH_20260619_FINAL01\REP_03\VR_TEC_RUNNER\TFM_BENCH_VR_TEC_RUNNER_20260619_134315\samples.csv,TFM_BENCH_VR_TEC_RUNNER_20260619_134315,2026-06-19T13:45:20.4431100+02:00,124.32,Velociraptor,Running,1,2140,0,57.43,57.43,42.49,357,13,0,0,0,1,2880,0,125.54,0,1,0,57.43,24,true,4156.39,1843.16,true,0,true,1693,true,true,true
VR_TEC_RUNNER,3,<RAIZ_TFM>\06_CONTROLLED_RERUN\OUTPUT\BENCHMARK\BENCH_20260619_FINAL01\REP_03\VR_TEC_RUNNER\TFM_BENCH_VR_TEC_RUNNER_20260619_134315\samples.csv,TFM_BENCH_VR_TEC_RUNNER_20260619_134315,2026-06-19T13:45:24.2548149+02:00,128.13,Velociraptor,Running,1,2140,0,57.41,57.41,42.46,357,12,0,0,0,1,2880,0,154.65,0,1,0,57.41,11,true,4225.11,1774.44,true,0,true,0,true,true,true
VR_TEC_RUNNER,3,<RAIZ_TFM>\06_CONTROLLED_RERUN\OUTPUT\BENCHMARK\BENCH_20260619_FINAL01\REP_03\VR_TEC_RUNNER\TFM_BENCH_VR_TEC_RUNNER_20260619_134315\samples.csv,TFM_BENCH_VR_TEC_RUNNER_20260619_134315,2026-06-19T13:45:28.2352842+02:00,132.11,Velociraptor,Running,1,2140,0,57.41,57.41,42.46,357,12,0,0,0,1,2880,0,123.95,0,1,0,57.41,6,true,4204.65,1794.9,true,0,true,0,true,true,true
VR_TEC_RUNNER,3,<RAIZ_TFM>\06_CONTROLLED_RERUN\OUTPUT\BENCHMARK\BENCH_20260619_FINAL01\REP_03\VR_TEC_RUNNER\TFM_BENCH_VR_TEC_RUNNER_20260619_134315\samples.csv,TFM_BENCH_VR_TEC_RUNNER_20260619_134315,2026-06-19T13:45:32.0245744+02:00,135.9,Velociraptor,Running,1,2140,0,57.41,57.41,42.46,357,12,0,0,0,1,2880,0,128.91,0,1,0,57.41,51,true,4170.21,1829.34,true,16048,true,0,true,true,true
VR_TEC_RUNNER,3,<RAIZ_TFM>\06_CONTROLLED_RERUN\OUTPUT\BENCHMARK\BENCH_20260619_FINAL01\REP_03\VR_TEC_RUNNER\TFM_BENCH_VR_TEC_RUNNER_20260619_134315\samples.csv,TFM_BENCH_VR_TEC_RUNNER_20260619_134315,2026-06-19T13:45:35.8412188+02:00,139.72,Velociraptor,Running,1,2140,0,57.41,57.41,42.46,357,12,0,0,0,1,2880,0,128.92,0,1,0,57.41,13,true,4209.26,1790.29,true,0,true,0,true,true,true
VR_TEC_RUNNER,3,<RAIZ_TFM>\06_CONTROLLED_RERUN\OUTPUT\BENCHMARK\BENCH_20260619_FINAL01\REP_03\VR_TEC_RUNNER\TFM_BENCH_VR_TEC_RUNNER_20260619_134315\samples.csv,TFM_BENCH_VR_TEC_RUNNER_20260619_134315,2026-06-19T13:45:39.6151135+02:00,143.49,Velociraptor,Running,1,2140,0,57.43,57.43,42.49,355,13,0,0,0,1,2880,0,148.14,0,1,0,57.43,7,true,4221.45,1778.1,true,0,true,0,true,true,true
VR_TEC_RUNNER,3,<RAIZ_TFM>\06_CONTROLLED_RERUN\OUTPUT\BENCHMARK\BENCH_20260619_FINAL01\REP_03\VR_TEC_RUNNER\TFM_BENCH_VR_TEC_RUNNER_20260619_134315\samples.csv,TFM_BENCH_VR_TEC_RUNNER_20260619_134315,2026-06-19T13:45:43.4382244+02:00,147.31,Velociraptor,Running,1,2140,0,57.43,57.43,42.49,355,13,0,0,0,1,2880,0,151.01,1,2,80,128.94,71,true,4222.67,1776.88,true,14973,true,0,true,true,true
VR_TEC_RUNNER,3,<RAIZ_TFM>\06_CONTROLLED_RERUN\OUTPUT\BENCHMARK\BENCH_20260619_FINAL01\REP_03\VR_TEC_RUNNER\TFM_BENCH_VR_TEC_RUNNER_20260619_134315\samples.csv,TFM_BENCH_VR_TEC_RUNNER_20260619_134315,2026-06-19T13:45:47.5608498+02:00,151.44,Velociraptor,Running,1,2140,0,57.43,57.43,42.49,355,13,0,0,0,1,2880,0,149.88,0,1,0,57.43,100,true,4236.79,1762.76,true,329056,true,0,true,true,true
VR_TEC_RUNNER,3,<RAIZ_TFM>\06_CONTROLLED_RERUN\OUTPUT\BENCHMARK\BENCH_20260619_FINAL01\REP_03\VR_TEC_RUNNER\TFM_BENCH_VR_TEC_RUNNER_20260619_134315\samples.csv,TFM_BENCH_VR_TEC_RUNNER_20260619_134315,2026-06-19T13:46:01.8629988+02:00,165.74,Velociraptor,Running,1,2140,0,57.43,57.43,42.49,355,13,0,0,0,1,2880,0,133.85,0,1,0,57.43,100,true,4250.77,1748.78,true,15796,true,7978,true,true,true
VR_TEC_RUNNER,3,<RAIZ_TFM>\06_CONTROLLED_RERUN\OUTPUT\BENCHMARK\BENCH_20260619_FINAL01\REP_03\VR_TEC_RUNNER\TFM_BENCH_VR_TEC_RUNNER_20260619_134315\samples.csv,TFM_BENCH_VR_TEC_RUNNER_20260619_134315,2026-06-19T13:46:08.9030672+02:00,172.78,Velociraptor,Running,1,2140,0,57.43,57.43,42.49,355,13,0,0,0,1,2880,11,124.95,1,2,0,128.8,100,true,4261.35,1738.2,true,15854,true,21454,true,true,true
VR_TEC_RUNNER,3,<RAIZ_TFM>\06_CONTROLLED_RERUN\OUTPUT\BENCHMARK\BENCH_20260619_FINAL01\REP_03\VR_TEC_RUNNER\TFM_BENCH_VR_TEC_RUNNER_20260619_134315\samples.csv,TFM_BENCH_VR_TEC_RUNNER_20260619_134315,2026-06-19T13:46:14.9457599+02:00,178.82,Velociraptor,Running,1,2140,0,57.43,57.43,42.49,355,13,0,0,0,1,2880,0,161.57,1,2,16,127.5,100,true,4252.81,1746.74,true,291470,true,208,true,true,true
VR_TEC_RUNNER,3,<RAIZ_TFM>\06_CONTROLLED_RERUN\OUTPUT\BENCHMARK\BENCH_20260619_FINAL01\REP_03\VR_TEC_RUNNER\TFM_BENCH_VR_TEC_RUNNER_20260619_134315\samples.csv,TFM_BENCH_VR_TEC_RUNNER_20260619_134315,2026-06-19T13:46:21.9561268+02:00,185.83,Velociraptor,Running,1,2140,0,57.45,57.45,42.49,357,13,0,0,0,1,2880,0,179.05,0,1,0,57.45,100,true,4281.66,1717.89,true,15414,true,0,true,true,true
VR_TEC_RUNNER,3,<RAIZ_TFM>\06_CONTROLLED_RERUN\OUTPUT\BENCHMARK\BENCH_20260619_FINAL01\REP_03\VR_TEC_RUNNER\TFM_BENCH_VR_TEC_RUNNER_20260619_134315\samples.csv,TFM_BENCH_VR_TEC_RUNNER_20260619_134315,2026-06-19T13:46:37.9750881+02:00,201.85,Velociraptor,Running,1,2140,0,57.45,57.45,42.49,357,13,0,0,0,1,2880,5,156.04,3,4,39,270.64,100,true,4257.32,1742.23,true,14715,true,22143,true,true,true
VR_TEC_RUNNER,3,<RAIZ_TFM>\06_CONTROLLED_RERUN\OUTPUT\BENCHMARK\BENCH_20260619_FINAL01\REP_03\VR_TEC_RUNNER\TFM_BENCH_VR_TEC_RUNNER_20260619_134315\samples.csv,TFM_BENCH_VR_TEC_RUNNER_20260619_134315,2026-06-19T13:46:46.5262655+02:00,210.4,Velociraptor,Running,1,2140,0,57.45,57.45,42.49,358,13,0,0,0,1,2880,5,139.38,2,3,0,185.38,100,true,4336.52,1663.03,true,189145,true,0,true,true,true
VR_TEC_RUNNER,3,<RAIZ_TFM>\06_CONTROLLED_RERUN\OUTPUT\BENCHMARK\BENCH_20260619_FINAL01\REP_03\VR_TEC_RUNNER\TFM_BENCH_VR_TEC_RUNNER_20260619_134315\samples.csv,TFM_BENCH_VR_TEC_RUNNER_20260619_134315,2026-06-19T13:47:02.8207787+02:00,226.7,Velociraptor,Running,1,2140,0,57.45,57.45,42.49,358,13,0,0,0,1,2880,5,127.86,2,3,76,187.88,100,true,4297.25,1702.3,true,15273,true,242,true,true,true
VR_TEC_RUNNER,3,<RAIZ_TFM>\06_CONTROLLED_RERUN\OUTPUT\BENCHMARK\BENCH_20260619_FINAL01\REP_03\VR_TEC_RUNNER\TFM_BENCH_VR_TEC_RUNNER_20260619_134315\samples.csv,TFM_BENCH_VR_TEC_RUNNER_20260619_134315,2026-06-19T13:47:15.9643010+02:00,239.84,Velociraptor,Running,1,2140,0,57.45,57.45,42.49,358,13,0,0,0,1,2880,5,173.06,1,2,26,127.87,100,true,4384.76,1614.79,true,10502520,true,23031,true,true,true
VR_TEC_RUNNER,3,<RAIZ_TFM>\06_CONTROLLED_RERUN\OUTPUT\BENCHMARK\BENCH_20260619_FINAL01\REP_03\VR_TEC_RUNNER\TFM_BENCH_VR_TEC_RUNNER_20260619_134315\samples.csv,TFM_BENCH_VR_TEC_RUNNER_20260619_134315,2026-06-19T13:47:25.9407765+02:00,249.82,Velociraptor,Running,1,2140,0,57.45,57.45,42.49,357,13,0,0,0,1,2880,5,143.05,2,3,34,198.79,100,true,4314.78,1684.77,true,128288,true,29172,true,true,true
VR_TEC_RUNNER,3,<RAIZ_TFM>\06_CONTROLLED_RERUN\OUTPUT\BENCHMARK\BENCH_20260619_FINAL01\REP_03\VR_TEC_RUNNER\TFM_BENCH_VR_TEC_RUNNER_20260619_134315\samples.csv,TFM_BENCH_VR_TEC_RUNNER_20260619_134315,2026-06-19T13:47:36.7571004+02:00,260.63,Velociraptor,Running,1,2140,0,57.57,57.57,42.7,357,12,0,0,0,1,2880,0,125.79,2,3,48,198.68,100,true,4385.17,1614.38,true,1234485,true,0,true,true,true
VR_TEC_RUNNER,3,<RAIZ_TFM>\06_CONTROLLED_RERUN\OUTPUT\BENCHMARK\BENCH_20260619_FINAL01\REP_03\VR_TEC_RUNNER\TFM_BENCH_VR_TEC_RUNNER_20260619_134315\samples.csv,TFM_BENCH_VR_TEC_RUNNER_20260619_134315,2026-06-19T13:48:01.2642298+02:00,285.14,Velociraptor,Running,1,2140,0,57.46,57.46,42.58,357,12,0,0,0,1,2880,5,159.95,0,1,0,57.46,100,true,4337.87,1661.68,true,15977,true,7809,true,true,true
VR_TEC_RUNNER,3,<RAIZ_TFM>\06_CONTROLLED_RERUN\OUTPUT\BENCHMARK\BENCH_20260619_FINAL01\REP_03\VR_TEC_RUNNER\TFM_BENCH_VR_TEC_RUNNER_20260619_134315\samples.csv,TFM_BENCH_VR_TEC_RUNNER_20260619_134315,2026-06-19T13:48:09.4854072+02:00,293.36,Velociraptor,Running,1,2140,0,57.47,57.47,42.61,356,13,0,0,0,1,2880,11,127.27,2,3,43,211.54,100,true,4347.74,1651.81,true,178755,true,195,true,true,true
