"RunId","Scenario","Timestamp","ElapsedSec","ServiceStatus","PID","ProcessName","Role","ExecutablePath","CommandLine","CPU_Percent","RAM_MB","WorkingSet_MB","PrivateMemory_MB","Handles","Threads","IO_Total_BytesSec","RunnerActive","SourceFile"
"TFM_BENCH_BASELINE_NO_VR_20260618_174022","BASELINE_NO_VR","2026-06-18T17:40:53.2291364+02:00","0","Stopped","8732","notepad.exe","EXCLUDED_NOTEPAD_FALSE_MATCH","C:\Windows\system32\NOTEPAD.EXE","""C:\Windows\system32\NOTEPAD.EXE"" C:\Users\seguridad\Desktop\TFM\Velociraptor\How_UP_server.txt","0","8,56","8,56","2,9","271","1","0","False","C:\Users\julio\Desktop\TFM\05_LOGS\BENCHMARKS\TFM_BENCH_BASELINE_NO_VR_20260618_174022\process_samples.csv"
"TFM_BENCH_BASELINE_NO_VR_20260618_174022","BASELINE_NO_VR","2026-06-18T17:40:53.2291364+02:00","0","Stopped","8860","notepad.exe","EXCLUDED_NOTEPAD_FALSE_MATCH","C:\Windows\system32\NOTEPAD.EXE","""C:\Windows\system32\NOTEPAD.EXE"" C:\Users\seguridad\Desktop\TFM\Velociraptor\How_UP_server.txt","0","2,42","2,42","2,91","269","1","0","False","C:\Users\julio\Desktop\TFM\05_LOGS\BENCHMARKS\TFM_BENCH_BASELINE_NO_VR_20260618_174022\process_samples.csv"
"TFM_BENCH_BASELINE_NO_VR_20260618_174022","BASELINE_NO_VR","2026-06-18T17:40:55.8858734+02:00","2,66","Stopped","8732","notepad.exe","EXCLUDED_NOTEPAD_FALSE_MATCH","C:\Windows\system32\NOTEPAD.EXE","""C:\Windows\system32\NOTEPAD.EXE"" C:\Users\seguridad\Desktop\TFM\Velociraptor\How_UP_server.txt","0","8,56","8,56","2,9","271","1","0","False","C:\Users\julio\Desktop\TFM\05_LOGS\BENCHMARKS\TFM_BENCH_BASELINE_NO_VR_20260618_174022\process_samples.csv"
"TFM_BENCH_BASELINE_NO_VR_20260618_174022","BASELINE_NO_VR","2026-06-18T17:40:55.8858734+02:00","2,66","Stopped","8860","notepad.exe","EXCLUDED_NOTEPAD_FALSE_MATCH","C:\Windows\system32\NOTEPAD.EXE","""C:\Windows\system32\NOTEPAD.EXE"" C:\Users\seguridad\Desktop\TFM\Velociraptor\How_UP_server.txt","0","2,42","2,42","2,91","269","1","0","False","C:\Users\julio\Desktop\TFM\05_LOGS\BENCHMARKS\TFM_BENCH_BASELINE_NO_VR_20260618_174022\process_samples.csv"
"TFM_BENCH_BASELINE_NO_VR_20260618_174022","BASELINE_NO_VR","2026-06-18T17:40:58.0737524+02:00","4,84","Stopped","8732","notepad.exe","EXCLUDED_NOTEPAD_FALSE_MATCH","C:\Windows\system32\NOTEPAD.EXE","""C:\Windows\system32\NOTEPAD.EXE"" C:\Users\seguridad\Desktop\TFM\Velociraptor\How_UP_server.txt","0","8,56","8,56","2,9","271","1","0","False","C:\Users\julio\Desktop\TFM\05_LOGS\BENCHMARKS\TFM_BENCH_BASELINE_NO_VR_20260618_174022\process_samples.csv"
"TFM_BENCH_BASELINE_NO_VR_20260618_174022","BASELINE_NO_VR","2026-06-18T17:40:58.0737524+02:00","4,84","Stopped","8860","notepad.exe","EXCLUDED_NOTEPAD_FALSE_MATCH","C:\Windows\system32\NOTEPAD.EXE","""C:\Windows\system32\NOTEPAD.EXE"" C:\Users\seguridad\Desktop\TFM\Velociraptor\How_UP_server.txt","0","2,42","2,42","2,91","269","1","0","False","C:\Users\julio\Desktop\TFM\05_LOGS\BENCHMARKS\TFM_BENCH_BASELINE_NO_VR_20260618_174022\process_samples.csv"
"TFM_BENCH_BASELINE_NO_VR_20260618_174022","BASELINE_NO_VR","2026-06-18T17:41:00.2297141+02:00","7","Stopped","8732","notepad.exe","EXCLUDED_NOTEPAD_FALSE_MATCH","C:\Windows\system32\NOTEPAD.EXE","""C:\Windows\system32\NOTEPAD.EXE"" C:\Users\seguridad\Desktop\TFM\Velociraptor\How_UP_server.txt","0","8,56","8,56","2,9","271","1","0","False","C:\Users\julio\Desktop\TFM\05_LOGS\BENCHMARKS\TFM_BENCH_BASELINE_NO_VR_20260618_174022\process_samples.csv"
"TFM_BENCH_BASELINE_NO_VR_20260618_174022","BASELINE_NO_VR","2026-06-18T17:41:00.2297141+02:00","7","Stopped","8860","notepad.exe","EXCLUDED_NOTEPAD_FALSE_MATCH","C:\Windows\system32\NOTEPAD.EXE","""C:\Windows\system32\NOTEPAD.EXE"" C:\Users\seguridad\Desktop\TFM\Velociraptor\How_UP_server.txt","0","2,42","2,42","2,91","269","1","0","False","C:\Users\julio\Desktop\TFM\05_LOGS\BENCHMARKS\TFM_BENCH_BASELINE_NO_VR_20260618_174022\process_samples.csv"
"TFM_BENCH_BASELINE_NO_VR_20260618_174022","BASELINE_NO_VR","2026-06-18T17:41:02.4321237+02:00","9,2","Stopped","8732","notepad.exe","EXCLUDED_NOTEPAD_FALSE_MATCH","C:\Windows\system32\NOTEPAD.EXE","""C:\Windows\system32\NOTEPAD.EXE"" C:\Users\seguridad\Desktop\TFM\Velociraptor\How_UP_server.txt","0","8,56","8,56","2,9","271","1","0","False","C:\Users\julio\Desktop\TFM\05_LOGS\BENCHMARKS\TFM_BENCH_BASELINE_NO_VR_20260618_174022\process_samples.csv"
"TFM_BENCH_BASELINE_NO_VR_20260618_174022","BASELINE_NO_VR","2026-06-18T17:41:02.4321237+02:00","9,2","Stopped","8860","notepad.exe","EXCLUDED_NOTEPAD_FALSE_MATCH","C:\Windows\system32\NOTEPAD.EXE","""C:\Windows\system32\NOTEPAD.EXE"" C:\Users\seguridad\Desktop\TFM\Velociraptor\How_UP_server.txt","0","2,42","2,42","2,91","269","1","0","False","C:\Users\julio\Desktop\TFM\05_LOGS\BENCHMARKS\TFM_BENCH_BASELINE_NO_VR_20260618_174022\process_samples.csv"
"TFM_BENCH_BASELINE_NO_VR_20260618_174022","BASELINE_NO_VR","2026-06-18T17:41:04.5885598+02:00","11,36","Stopped","8732","notepad.exe","EXCLUDED_NOTEPAD_FALSE_MATCH","C:\Windows\system32\NOTEPAD.EXE","""C:\Windows\system32\NOTEPAD.EXE"" C:\Users\seguridad\Desktop\TFM\Velociraptor\How_UP_server.txt","0","8,56","8,56","2,9","271","1","0","False","C:\Users\julio\Desktop\TFM\05_LOGS\BENCHMARKS\TFM_BENCH_BASELINE_NO_VR_20260618_174022\process_samples.csv"
"TFM_BENCH_BASELINE_NO_VR_20260618_174022","BASELINE_NO_VR","2026-06-18T17:41:04.5885598+02:00","11,36","Stopped","8860","notepad.exe","EXCLUDED_NOTEPAD_FALSE_MATCH","C:\Windows\system32\NOTEPAD.EXE","""C:\Windows\system32\NOTEPAD.EXE"" C:\Users\seguridad\Desktop\TFM\Velociraptor\How_UP_server.txt","0","2,42","2,42","2,91","269","1","0","False","C:\Users\julio\Desktop\TFM\05_LOGS\BENCHMARKS\TFM_BENCH_BASELINE_NO_VR_20260618_174022\process_samples.csv"
"TFM_BENCH_BASELINE_NO_VR_20260618_174022","BASELINE_NO_VR","2026-06-18T17:41:06.7294850+02:00","13,5","Stopped","8732","notepad.exe","EXCLUDED_NOTEPAD_FALSE_MATCH","C:\Windows\system32\NOTEPAD.EXE","""C:\Windows\system32\NOTEPAD.EXE"" C:\Users\seguridad\Desktop\TFM\Velociraptor\How_UP_server.txt","0","8,56","8,56","2,9","271","1","0","False","C:\Users\julio\Desktop\TFM\05_LOGS\BENCHMARKS\TFM_BENCH_BASELINE_NO_VR_20260618_174022\process_samples.csv"
"TFM_BENCH_BASELINE_NO_VR_20260618_174022","BASELINE_NO_VR","2026-06-18T17:41:06.7294850+02:00","13,5","Stopped","8860","notepad.exe","EXCLUDED_NOTEPAD_FALSE_MATCH","C:\Windows\system32\NOTEPAD.EXE","""C:\Windows\system32\NOTEPAD.EXE"" C:\Users\seguridad\Desktop\TFM\Velociraptor\How_UP_server.txt","0","2,42","2,42","2,91","269","1","0","False","C:\Users\julio\Desktop\TFM\05_LOGS\BENCHMARKS\TFM_BENCH_BASELINE_NO_VR_20260618_174022\process_samples.csv"
"TFM_BENCH_BASELINE_NO_VR_20260618_174022","BASELINE_NO_VR","2026-06-18T17:41:08.8866137+02:00","15,66","Stopped","8732","notepad.exe","EXCLUDED_NOTEPAD_FALSE_MATCH","C:\Windows\system32\NOTEPAD.EXE","""C:\Windows\system32\NOTEPAD.EXE"" C:\Users\seguridad\Desktop\TFM\Velociraptor\How_UP_server.txt","0","8,56","8,56","2,9","271","1","0","False","C:\Users\julio\Desktop\TFM\05_LOGS\BENCHMARKS\TFM_BENCH_BASELINE_NO_VR_20260618_174022\process_samples.csv"
"TFM_BENCH_BASELINE_NO_VR_20260618_174022","BASELINE_NO_VR","2026-06-18T17:41:08.8866137+02:00","15,66","Stopped","8860","notepad.exe","EXCLUDED_NOTEPAD_FALSE_MATCH","C:\Windows\system32\NOTEPAD.EXE","""C:\Windows\system32\NOTEPAD.EXE"" C:\Users\seguridad\Desktop\TFM\Velociraptor\How_UP_server.txt","0","2,42","2,42","2,91","269","1","0","False","C:\Users\julio\Desktop\TFM\05_LOGS\BENCHMARKS\TFM_BENCH_BASELINE_NO_VR_20260618_174022\process_samples.csv"
"TFM_BENCH_BASELINE_NO_VR_20260618_174022","BASELINE_NO_VR","2026-06-18T17:41:11.0273508+02:00","17,8","Stopped","8732","notepad.exe","EXCLUDED_NOTEPAD_FALSE_MATCH","C:\Windows\system32\NOTEPAD.EXE","""C:\Windows\system32\NOTEPAD.EXE"" C:\Users\seguridad\Desktop\TFM\Velociraptor\How_UP_server.txt","0","8,56","8,56","2,9","271","1","0","False","C:\Users\julio\Desktop\TFM\05_LOGS\BENCHMARKS\TFM_BENCH_BASELINE_NO_VR_20260618_174022\process_samples.csv"
"TFM_BENCH_BASELINE_NO_VR_20260618_174022","BASELINE_NO_VR","2026-06-18T17:41:11.0273508+02:00","17,8","Stopped","8860","notepad.exe","EXCLUDED_NOTEPAD_FALSE_MATCH","C:\Windows\system32\NOTEPAD.EXE","""C:\Windows\system32\NOTEPAD.EXE"" C:\Users\seguridad\Desktop\TFM\Velociraptor\How_UP_server.txt","0","2,42","2,42","2,91","269","1","0","False","C:\Users\julio\Desktop\TFM\05_LOGS\BENCHMARKS\TFM_BENCH_BASELINE_NO_VR_20260618_174022\process_samples.csv"
"TFM_BENCH_BASELINE_NO_VR_20260618_174022","BASELINE_NO_VR","2026-06-18T17:41:13.1669887+02:00","19,94","Stopped","8732","notepad.exe","EXCLUDED_NOTEPAD_FALSE_MATCH","C:\Windows\system32\NOTEPAD.EXE","""C:\Windows\system32\NOTEPAD.EXE"" C:\Users\seguridad\Desktop\TFM\Velociraptor\How_UP_server.txt","0","8,56","8,56","2,9","271","1","0","False","C:\Users\julio\Desktop\TFM\05_LOGS\BENCHMARKS\TFM_BENCH_BASELINE_NO_VR_20260618_174022\process_samples.csv"
"TFM_BENCH_BASELINE_NO_VR_20260618_174022","BASELINE_NO_VR","2026-06-18T17:41:13.1669887+02:00","19,94","Stopped","8860","notepad.exe","EXCLUDED_NOTEPAD_FALSE_MATCH","C:\Windows\system32\NOTEPAD.EXE","""C:\Windows\system32\NOTEPAD.EXE"" C:\Users\seguridad\Desktop\TFM\Velociraptor\How_UP_server.txt","0","2,42","2,42","2,91","269","1","0","False","C:\Users\julio\Desktop\TFM\05_LOGS\BENCHMARKS\TFM_BENCH_BASELINE_NO_VR_20260618_174022\process_samples.csv"
"TFM_BENCH_BASELINE_NO_VR_20260618_174022","BASELINE_NO_VR","2026-06-18T17:41:15.3233191+02:00","22,09","Stopped","8732","notepad.exe","EXCLUDED_NOTEPAD_FALSE_MATCH","C:\Windows\system32\NOTEPAD.EXE","""C:\Windows\system32\NOTEPAD.EXE"" C:\Users\seguridad\Desktop\TFM\Velociraptor\How_UP_server.txt","0","8,56","8,56","2,9","271","1","0","False","C:\Users\julio\Desktop\TFM\05_LOGS\BENCHMARKS\TFM_BENCH_BASELINE_NO_VR_20260618_174022\process_samples.csv"
"TFM_BENCH_BASELINE_NO_VR_20260618_174022","BASELINE_NO_VR","2026-06-18T17:41:15.3233191+02:00","22,09","Stopped","8860","notepad.exe","EXCLUDED_NOTEPAD_FALSE_MATCH","C:\Windows\system32\NOTEPAD.EXE","""C:\Windows\system32\NOTEPAD.EXE"" C:\Users\seguridad\Desktop\TFM\Velociraptor\How_UP_server.txt","0","2,42","2,42","2,91","269","1","0","False","C:\Users\julio\Desktop\TFM\05_LOGS\BENCHMARKS\TFM_BENCH_BASELINE_NO_VR_20260618_174022\process_samples.csv"
"TFM_BENCH_BASELINE_NO_VR_20260618_174022","BASELINE_NO_VR","2026-06-18T17:41:17.4643664+02:00","24,24","Stopped","8732","notepad.exe","EXCLUDED_NOTEPAD_FALSE_MATCH","C:\Windows\system32\NOTEPAD.EXE","""C:\Windows\system32\NOTEPAD.EXE"" C:\Users\seguridad\Desktop\TFM\Velociraptor\How_UP_server.txt","0","8,56","8,56","2,9","271","1","0","False","C:\Users\julio\Desktop\TFM\05_LOGS\BENCHMARKS\TFM_BENCH_BASELINE_NO_VR_20260618_174022\process_samples.csv"
"TFM_BENCH_BASELINE_NO_VR_20260618_174022","BASELINE_NO_VR","2026-06-18T17:41:17.4643664+02:00","24,24","Stopped","8860","notepad.exe","EXCLUDED_NOTEPAD_FALSE_MATCH","C:\Windows\system32\NOTEPAD.EXE","""C:\Windows\system32\NOTEPAD.EXE"" C:\Users\seguridad\Desktop\TFM\Velociraptor\How_UP_server.txt","0","2,42","2,42","2,91","269","1","0","False","C:\Users\julio\Desktop\TFM\05_LOGS\BENCHMARKS\TFM_BENCH_BASELINE_NO_VR_20260618_174022\process_samples.csv"
"TFM_BENCH_BASELINE_NO_VR_20260618_174022","BASELINE_NO_VR","2026-06-18T17:41:19.6045298+02:00","26,38","Stopped","8732","notepad.exe","EXCLUDED_NOTEPAD_FALSE_MATCH","C:\Windows\system32\NOTEPAD.EXE","""C:\Windows\system32\NOTEPAD.EXE"" C:\Users\seguridad\Desktop\TFM\Velociraptor\How_UP_server.txt","0","8,56","8,56","2,9","271","1","0","False","C:\Users\julio\Desktop\TFM\05_LOGS\BENCHMARKS\TFM_BENCH_BASELINE_NO_VR_20260618_174022\process_samples.csv"
"TFM_BENCH_BASELINE_NO_VR_20260618_174022","BASELINE_NO_VR","2026-06-18T17:41:19.6045298+02:00","26,38","Stopped","8860","notepad.exe","EXCLUDED_NOTEPAD_FALSE_MATCH","C:\Windows\system32\NOTEPAD.EXE","""C:\Windows\system32\NOTEPAD.EXE"" C:\Users\seguridad\Desktop\TFM\Velociraptor\How_UP_server.txt","0","2,42","2,42","2,91","269","1","0","False","C:\Users\julio\Desktop\TFM\05_LOGS\BENCHMARKS\TFM_BENCH_BASELINE_NO_VR_20260618_174022\process_samples.csv"
"TFM_BENCH_BASELINE_NO_VR_20260618_174022","BASELINE_NO_VR","2026-06-18T17:41:21.7761799+02:00","28,55","Stopped","8732","notepad.exe","EXCLUDED_NOTEPAD_FALSE_MATCH","C:\Windows\system32\NOTEPAD.EXE","""C:\Windows\system32\NOTEPAD.EXE"" C:\Users\seguridad\Desktop\TFM\Velociraptor\How_UP_server.txt","0","8,56","8,56","2,9","271","1","0","False","C:\Users\julio\Desktop\TFM\05_LOGS\BENCHMARKS\TFM_BENCH_BASELINE_NO_VR_20260618_174022\process_samples.csv"
"TFM_BENCH_BASELINE_NO_VR_20260618_174022","BASELINE_NO_VR","2026-06-18T17:41:21.7761799+02:00","28,55","Stopped","8860","notepad.exe","EXCLUDED_NOTEPAD_FALSE_MATCH","C:\Windows\system32\NOTEPAD.EXE","""C:\Windows\system32\NOTEPAD.EXE"" C:\Users\seguridad\Desktop\TFM\Velociraptor\How_UP_server.txt","0","2,42","2,42","2,91","269","1","0","False","C:\Users\julio\Desktop\TFM\05_LOGS\BENCHMARKS\TFM_BENCH_BASELINE_NO_VR_20260618_174022\process_samples.csv"
"TFM_BENCH_BASELINE_NO_VR_20260618_174022","BASELINE_NO_VR","2026-06-18T17:41:23.9321553+02:00","30,7","Stopped","8732","notepad.exe","EXCLUDED_NOTEPAD_FALSE_MATCH","C:\Windows\system32\NOTEPAD.EXE","""C:\Windows\system32\NOTEPAD.EXE"" C:\Users\seguridad\Desktop\TFM\Velociraptor\How_UP_server.txt","0","8,56","8,56","2,9","271","1","0","False","C:\Users\julio\Desktop\TFM\05_LOGS\BENCHMARKS\TFM_BENCH_BASELINE_NO_VR_20260618_174022\process_samples.csv"
"TFM_BENCH_BASELINE_NO_VR_20260618_174022","BASELINE_NO_VR","2026-06-18T17:41:23.9321553+02:00","30,7","Stopped","8860","notepad.exe","EXCLUDED_NOTEPAD_FALSE_MATCH","C:\Windows\system32\NOTEPAD.EXE","""C:\Windows\system32\NOTEPAD.EXE"" C:\Users\seguridad\Desktop\TFM\Velociraptor\How_UP_server.txt","0","2,42","2,42","2,91","269","1","0","False","C:\Users\julio\Desktop\TFM\05_LOGS\BENCHMARKS\TFM_BENCH_BASELINE_NO_VR_20260618_174022\process_samples.csv"
"TFM_BENCH_BASELINE_NO_VR_20260618_174022","BASELINE_NO_VR","2026-06-18T17:41:26.0731445+02:00","32,84","Stopped","8732","notepad.exe","EXCLUDED_NOTEPAD_FALSE_MATCH","C:\Windows\system32\NOTEPAD.EXE","""C:\Windows\system32\NOTEPAD.EXE"" C:\Users\seguridad\Desktop\TFM\Velociraptor\How_UP_server.txt","0","8,56","8,56","2,9","271","1","0","False","C:\Users\julio\Desktop\TFM\05_LOGS\BENCHMARKS\TFM_BENCH_BASELINE_NO_VR_20260618_174022\process_samples.csv"
"TFM_BENCH_BASELINE_NO_VR_20260618_174022","BASELINE_NO_VR","2026-06-18T17:41:26.0731445+02:00","32,84","Stopped","8860","notepad.exe","EXCLUDED_NOTEPAD_FALSE_MATCH","C:\Windows\system32\NOTEPAD.EXE","""C:\Windows\system32\NOTEPAD.EXE"" C:\Users\seguridad\Desktop\TFM\Velociraptor\How_UP_server.txt","0","2,42","2,42","2,91","269","1","0","False","C:\Users\julio\Desktop\TFM\05_LOGS\BENCHMARKS\TFM_BENCH_BASELINE_NO_VR_20260618_174022\process_samples.csv"
"TFM_BENCH_BASELINE_NO_VR_20260618_174022","BASELINE_NO_VR","2026-06-18T17:41:28.2294220+02:00","35","Stopped","8732","notepad.exe","EXCLUDED_NOTEPAD_FALSE_MATCH","C:\Windows\system32\NOTEPAD.EXE","""C:\Windows\system32\NOTEPAD.EXE"" C:\Users\seguridad\Desktop\TFM\Velociraptor\How_UP_server.txt","0","8,56","8,56","2,9","271","1","0","False","C:\Users\julio\Desktop\TFM\05_LOGS\BENCHMARKS\TFM_BENCH_BASELINE_NO_VR_20260618_174022\process_samples.csv"
"TFM_BENCH_BASELINE_NO_VR_20260618_174022","BASELINE_NO_VR","2026-06-18T17:41:28.2294220+02:00","35","Stopped","8860","notepad.exe","EXCLUDED_NOTEPAD_FALSE_MATCH","C:\Windows\system32\NOTEPAD.EXE","""C:\Windows\system32\NOTEPAD.EXE"" C:\Users\seguridad\Desktop\TFM\Velociraptor\How_UP_server.txt","0","2,42","2,42","2,91","269","1","0","False","C:\Users\julio\Desktop\TFM\05_LOGS\BENCHMARKS\TFM_BENCH_BASELINE_NO_VR_20260618_174022\process_samples.csv"
"TFM_BENCH_BASELINE_NO_VR_20260618_174022","BASELINE_NO_VR","2026-06-18T17:41:30.3697663+02:00","37,14","Stopped","8732","notepad.exe","EXCLUDED_NOTEPAD_FALSE_MATCH","C:\Windows\system32\NOTEPAD.EXE","""C:\Windows\system32\NOTEPAD.EXE"" C:\Users\seguridad\Desktop\TFM\Velociraptor\How_UP_server.txt","0","8,56","8,56","2,9","271","1","0","False","C:\Users\julio\Desktop\TFM\05_LOGS\BENCHMARKS\TFM_BENCH_BASELINE_NO_VR_20260618_174022\process_samples.csv"
"TFM_BENCH_BASELINE_NO_VR_20260618_174022","BASELINE_NO_VR","2026-06-18T17:41:30.3697663+02:00","37,14","Stopped","8860","notepad.exe","EXCLUDED_NOTEPAD_FALSE_MATCH","C:\Windows\system32\NOTEPAD.EXE","""C:\Windows\system32\NOTEPAD.EXE"" C:\Users\seguridad\Desktop\TFM\Velociraptor\How_UP_server.txt","0","2,42","2,42","2,91","269","1","0","False","C:\Users\julio\Desktop\TFM\05_LOGS\BENCHMARKS\TFM_BENCH_BASELINE_NO_VR_20260618_174022\process_samples.csv"
"TFM_BENCH_BASELINE_NO_VR_20260618_174022","BASELINE_NO_VR","2026-06-18T17:41:32.5262736+02:00","39,3","Stopped","8732","notepad.exe","EXCLUDED_NOTEPAD_FALSE_MATCH","C:\Windows\system32\NOTEPAD.EXE","""C:\Windows\system32\NOTEPAD.EXE"" C:\Users\seguridad\Desktop\TFM\Velociraptor\How_UP_server.txt","0","8,56","8,56","2,9","271","1","0","False","C:\Users\julio\Desktop\TFM\05_LOGS\BENCHMARKS\TFM_BENCH_BASELINE_NO_VR_20260618_174022\process_samples.csv"
"TFM_BENCH_BASELINE_NO_VR_20260618_174022","BASELINE_NO_VR","2026-06-18T17:41:32.5262736+02:00","39,3","Stopped","8860","notepad.exe","EXCLUDED_NOTEPAD_FALSE_MATCH","C:\Windows\system32\NOTEPAD.EXE","""C:\Windows\system32\NOTEPAD.EXE"" C:\Users\seguridad\Desktop\TFM\Velociraptor\How_UP_server.txt","0","2,42","2,42","2,91","269","1","0","False","C:\Users\julio\Desktop\TFM\05_LOGS\BENCHMARKS\TFM_BENCH_BASELINE_NO_VR_20260618_174022\process_samples.csv"
"TFM_BENCH_BASELINE_NO_VR_20260618_174022","BASELINE_NO_VR","2026-06-18T17:41:34.6665493+02:00","41,44","Stopped","8732","notepad.exe","EXCLUDED_NOTEPAD_FALSE_MATCH","C:\Windows\system32\NOTEPAD.EXE","""C:\Windows\system32\NOTEPAD.EXE"" C:\Users\seguridad\Desktop\TFM\Velociraptor\How_UP_server.txt","0","8,56","8,56","2,9","271","1","0","False","C:\Users\julio\Desktop\TFM\05_LOGS\BENCHMARKS\TFM_BENCH_BASELINE_NO_VR_20260618_174022\process_samples.csv"
"TFM_BENCH_BASELINE_NO_VR_20260618_174022","BASELINE_NO_VR","2026-06-18T17:41:34.6665493+02:00","41,44","Stopped","8860","notepad.exe","EXCLUDED_NOTEPAD_FALSE_MATCH","C:\Windows\system32\NOTEPAD.EXE","""C:\Windows\system32\NOTEPAD.EXE"" C:\Users\seguridad\Desktop\TFM\Velociraptor\How_UP_server.txt","0","2,42","2,42","2,91","269","1","0","False","C:\Users\julio\Desktop\TFM\05_LOGS\BENCHMARKS\TFM_BENCH_BASELINE_NO_VR_20260618_174022\process_samples.csv"
"TFM_BENCH_BASELINE_NO_VR_20260618_174022","BASELINE_NO_VR","2026-06-18T17:41:36.8231341+02:00","43,59","Stopped","8732","notepad.exe","EXCLUDED_NOTEPAD_FALSE_MATCH","C:\Windows\system32\NOTEPAD.EXE","""C:\Windows\system32\NOTEPAD.EXE"" C:\Users\seguridad\Desktop\TFM\Velociraptor\How_UP_server.txt","0","8,56","8,56","2,9","271","1","0","False","C:\Users\julio\Desktop\TFM\05_LOGS\BENCHMARKS\TFM_BENCH_BASELINE_NO_VR_20260618_174022\process_samples.csv"
"TFM_BENCH_BASELINE_NO_VR_20260618_174022","BASELINE_NO_VR","2026-06-18T17:41:36.8231341+02:00","43,59","Stopped","8860","notepad.exe","EXCLUDED_NOTEPAD_FALSE_MATCH","C:\Windows\system32\NOTEPAD.EXE","""C:\Windows\system32\NOTEPAD.EXE"" C:\Users\seguridad\Desktop\TFM\Velociraptor\How_UP_server.txt","0","2,42","2,42","2,91","269","1","0","False","C:\Users\julio\Desktop\TFM\05_LOGS\BENCHMARKS\TFM_BENCH_BASELINE_NO_VR_20260618_174022\process_samples.csv"
"TFM_BENCH_BASELINE_NO_VR_20260618_174022","BASELINE_NO_VR","2026-06-18T17:41:38.9794294+02:00","45,75","Stopped","8732","notepad.exe","EXCLUDED_NOTEPAD_FALSE_MATCH","C:\Windows\system32\NOTEPAD.EXE","""C:\Windows\system32\NOTEPAD.EXE"" C:\Users\seguridad\Desktop\TFM\Velociraptor\How_UP_server.txt","0","8,56","8,56","2,9","271","1","0","False","C:\Users\julio\Desktop\TFM\05_LOGS\BENCHMARKS\TFM_BENCH_BASELINE_NO_VR_20260618_174022\process_samples.csv"
"TFM_BENCH_BASELINE_NO_VR_20260618_174022","BASELINE_NO_VR","2026-06-18T17:41:38.9794294+02:00","45,75","Stopped","8860","notepad.exe","EXCLUDED_NOTEPAD_FALSE_MATCH","C:\Windows\system32\NOTEPAD.EXE","""C:\Windows\system32\NOTEPAD.EXE"" C:\Users\seguridad\Desktop\TFM\Velociraptor\How_UP_server.txt","0","2,42","2,42","2,91","269","1","0","False","C:\Users\julio\Desktop\TFM\05_LOGS\BENCHMARKS\TFM_BENCH_BASELINE_NO_VR_20260618_174022\process_samples.csv"
"TFM_BENCH_BASELINE_NO_VR_20260618_174022","BASELINE_NO_VR","2026-06-18T17:41:41.1357689+02:00","47,91","Stopped","8732","notepad.exe","EXCLUDED_NOTEPAD_FALSE_MATCH","C:\Windows\system32\NOTEPAD.EXE","""C:\Windows\system32\NOTEPAD.EXE"" C:\Users\seguridad\Desktop\TFM\Velociraptor\How_UP_server.txt","0","8,56","8,56","2,9","271","1","0","False","C:\Users\julio\Desktop\TFM\05_LOGS\BENCHMARKS\TFM_BENCH_BASELINE_NO_VR_20260618_174022\process_samples.csv"
"TFM_BENCH_BASELINE_NO_VR_20260618_174022","BASELINE_NO_VR","2026-06-18T17:41:41.1357689+02:00","47,91","Stopped","8860","notepad.exe","EXCLUDED_NOTEPAD_FALSE_MATCH","C:\Windows\system32\NOTEPAD.EXE","""C:\Windows\system32\NOTEPAD.EXE"" C:\Users\seguridad\Desktop\TFM\Velociraptor\How_UP_server.txt","0","2,42","2,42","2,91","269","1","0","False","C:\Users\julio\Desktop\TFM\05_LOGS\BENCHMARKS\TFM_BENCH_BASELINE_NO_VR_20260618_174022\process_samples.csv"
"TFM_BENCH_BASELINE_NO_VR_20260618_174022","BASELINE_NO_VR","2026-06-18T17:41:43.3074718+02:00","50,08","Stopped","8732","notepad.exe","EXCLUDED_NOTEPAD_FALSE_MATCH","C:\Windows\system32\NOTEPAD.EXE","""C:\Windows\system32\NOTEPAD.EXE"" C:\Users\seguridad\Desktop\TFM\Velociraptor\How_UP_server.txt","0","8,56","8,56","2,9","271","1","0","False","C:\Users\julio\Desktop\TFM\05_LOGS\BENCHMARKS\TFM_BENCH_BASELINE_NO_VR_20260618_174022\process_samples.csv"
"TFM_BENCH_BASELINE_NO_VR_20260618_174022","BASELINE_NO_VR","2026-06-18T17:41:43.3074718+02:00","50,08","Stopped","8860","notepad.exe","EXCLUDED_NOTEPAD_FALSE_MATCH","C:\Windows\system32\NOTEPAD.EXE","""C:\Windows\system32\NOTEPAD.EXE"" C:\Users\seguridad\Desktop\TFM\Velociraptor\How_UP_server.txt","0","2,42","2,42","2,91","269","1","0","False","C:\Users\julio\Desktop\TFM\05_LOGS\BENCHMARKS\TFM_BENCH_BASELINE_NO_VR_20260618_174022\process_samples.csv"
"TFM_BENCH_BASELINE_NO_VR_20260618_174022","BASELINE_NO_VR","2026-06-18T17:41:45.4636769+02:00","52,23","Stopped","8732","notepad.exe","EXCLUDED_NOTEPAD_FALSE_MATCH","C:\Windows\system32\NOTEPAD.EXE","""C:\Windows\system32\NOTEPAD.EXE"" C:\Users\seguridad\Desktop\TFM\Velociraptor\How_UP_server.txt","0","8,56","8,56","2,9","271","1","0","False","C:\Users\julio\Desktop\TFM\05_LOGS\BENCHMARKS\TFM_BENCH_BASELINE_NO_VR_20260618_174022\process_samples.csv"
"TFM_BENCH_BASELINE_NO_VR_20260618_174022","BASELINE_NO_VR","2026-06-18T17:41:45.4636769+02:00","52,23","Stopped","8860","notepad.exe","EXCLUDED_NOTEPAD_FALSE_MATCH","C:\Windows\system32\NOTEPAD.EXE","""C:\Windows\system32\NOTEPAD.EXE"" C:\Users\seguridad\Desktop\TFM\Velociraptor\How_UP_server.txt","0","2,42","2,42","2,91","269","1","0","False","C:\Users\julio\Desktop\TFM\05_LOGS\BENCHMARKS\TFM_BENCH_BASELINE_NO_VR_20260618_174022\process_samples.csv"
"TFM_BENCH_BASELINE_NO_VR_20260618_174022","BASELINE_NO_VR","2026-06-18T17:41:47.6199459+02:00","54,39","Stopped","8732","notepad.exe","EXCLUDED_NOTEPAD_FALSE_MATCH","C:\Windows\system32\NOTEPAD.EXE","""C:\Windows\system32\NOTEPAD.EXE"" C:\Users\seguridad\Desktop\TFM\Velociraptor\How_UP_server.txt","0","8,56","8,56","2,9","271","1","0","False","C:\Users\julio\Desktop\TFM\05_LOGS\BENCHMARKS\TFM_BENCH_BASELINE_NO_VR_20260618_174022\process_samples.csv"
"TFM_BENCH_BASELINE_NO_VR_20260618_174022","BASELINE_NO_VR","2026-06-18T17:41:47.6199459+02:00","54,39","Stopped","8860","notepad.exe","EXCLUDED_NOTEPAD_FALSE_MATCH","C:\Windows\system32\NOTEPAD.EXE","""C:\Windows\system32\NOTEPAD.EXE"" C:\Users\seguridad\Desktop\TFM\Velociraptor\How_UP_server.txt","0","2,42","2,42","2,91","269","1","0","False","C:\Users\julio\Desktop\TFM\05_LOGS\BENCHMARKS\TFM_BENCH_BASELINE_NO_VR_20260618_174022\process_samples.csv"
"TFM_BENCH_BASELINE_NO_VR_20260618_174022","BASELINE_NO_VR","2026-06-18T17:41:49.7759045+02:00","56,55","Stopped","8732","notepad.exe","EXCLUDED_NOTEPAD_FALSE_MATCH","C:\Windows\system32\NOTEPAD.EXE","""C:\Windows\system32\NOTEPAD.EXE"" C:\Users\seguridad\Desktop\TFM\Velociraptor\How_UP_server.txt","0","8,56","8,56","2,9","271","1","0","False","C:\Users\julio\Desktop\TFM\05_LOGS\BENCHMARKS\TFM_BENCH_BASELINE_NO_VR_20260618_174022\process_samples.csv"
"TFM_BENCH_BASELINE_NO_VR_20260618_174022","BASELINE_NO_VR","2026-06-18T17:41:49.7759045+02:00","56,55","Stopped","8860","notepad.exe","EXCLUDED_NOTEPAD_FALSE_MATCH","C:\Windows\system32\NOTEPAD.EXE","""C:\Windows\system32\NOTEPAD.EXE"" C:\Users\seguridad\Desktop\TFM\Velociraptor\How_UP_server.txt","0","2,42","2,42","2,91","269","1","0","False","C:\Users\julio\Desktop\TFM\05_LOGS\BENCHMARKS\TFM_BENCH_BASELINE_NO_VR_20260618_174022\process_samples.csv"
"TFM_BENCH_BASELINE_NO_VR_20260618_174022","BASELINE_NO_VR","2026-06-18T17:41:51.9324002+02:00","58,7","Stopped","8732","notepad.exe","EXCLUDED_NOTEPAD_FALSE_MATCH","C:\Windows\system32\NOTEPAD.EXE","""C:\Windows\system32\NOTEPAD.EXE"" C:\Users\seguridad\Desktop\TFM\Velociraptor\How_UP_server.txt","0","8,56","8,56","2,9","271","1","0","False","C:\Users\julio\Desktop\TFM\05_LOGS\BENCHMARKS\TFM_BENCH_BASELINE_NO_VR_20260618_174022\process_samples.csv"
"TFM_BENCH_BASELINE_NO_VR_20260618_174022","BASELINE_NO_VR","2026-06-18T17:41:51.9324002+02:00","58,7","Stopped","8860","notepad.exe","EXCLUDED_NOTEPAD_FALSE_MATCH","C:\Windows\system32\NOTEPAD.EXE","""C:\Windows\system32\NOTEPAD.EXE"" C:\Users\seguridad\Desktop\TFM\Velociraptor\How_UP_server.txt","0","2,42","2,42","2,91","269","1","0","False","C:\Users\julio\Desktop\TFM\05_LOGS\BENCHMARKS\TFM_BENCH_BASELINE_NO_VR_20260618_174022\process_samples.csv"
"TFM_BENCH_BASELINE_NO_VR_20260618_174022","BASELINE_NO_VR","2026-06-18T17:41:54.0890115+02:00","60,86","Stopped","8732","notepad.exe","EXCLUDED_NOTEPAD_FALSE_MATCH","C:\Windows\system32\NOTEPAD.EXE","""C:\Windows\system32\NOTEPAD.EXE"" C:\Users\seguridad\Desktop\TFM\Velociraptor\How_UP_server.txt","0","8,56","8,56","2,9","271","1","0","False","C:\Users\julio\Desktop\TFM\05_LOGS\BENCHMARKS\TFM_BENCH_BASELINE_NO_VR_20260618_174022\process_samples.csv"
"TFM_BENCH_BASELINE_NO_VR_20260618_174022","BASELINE_NO_VR","2026-06-18T17:41:54.0890115+02:00","60,86","Stopped","8860","notepad.exe","EXCLUDED_NOTEPAD_FALSE_MATCH","C:\Windows\system32\NOTEPAD.EXE","""C:\Windows\system32\NOTEPAD.EXE"" C:\Users\seguridad\Desktop\TFM\Velociraptor\How_UP_server.txt","0","2,42","2,42","2,91","269","1","0","False","C:\Users\julio\Desktop\TFM\05_LOGS\BENCHMARKS\TFM_BENCH_BASELINE_NO_VR_20260618_174022\process_samples.csv"
"TFM_BENCH_BASELINE_NO_VR_20260618_174022","BASELINE_NO_VR","2026-06-18T17:41:56.2451812+02:00","63,02","Stopped","8732","notepad.exe","EXCLUDED_NOTEPAD_FALSE_MATCH","C:\Windows\system32\NOTEPAD.EXE","""C:\Windows\system32\NOTEPAD.EXE"" C:\Users\seguridad\Desktop\TFM\Velociraptor\How_UP_server.txt","0","8,56","8,56","2,9","271","1","0","False","C:\Users\julio\Desktop\TFM\05_LOGS\BENCHMARKS\TFM_BENCH_BASELINE_NO_VR_20260618_174022\process_samples.csv"
"TFM_BENCH_BASELINE_NO_VR_20260618_174022","BASELINE_NO_VR","2026-06-18T17:41:56.2451812+02:00","63,02","Stopped","8860","notepad.exe","EXCLUDED_NOTEPAD_FALSE_MATCH","C:\Windows\system32\NOTEPAD.EXE","""C:\Windows\system32\NOTEPAD.EXE"" C:\Users\seguridad\Desktop\TFM\Velociraptor\How_UP_server.txt","0","2,42","2,42","2,91","269","1","0","False","C:\Users\julio\Desktop\TFM\05_LOGS\BENCHMARKS\TFM_BENCH_BASELINE_NO_VR_20260618_174022\process_samples.csv"
"TFM_BENCH_BASELINE_NO_VR_20260618_174022","BASELINE_NO_VR","2026-06-18T17:41:58.4022076+02:00","65,17","Stopped","8732","notepad.exe","EXCLUDED_NOTEPAD_FALSE_MATCH","C:\Windows\system32\NOTEPAD.EXE","""C:\Windows\system32\NOTEPAD.EXE"" C:\Users\seguridad\Desktop\TFM\Velociraptor\How_UP_server.txt","0","8,56","8,56","2,9","271","1","0","False","C:\Users\julio\Desktop\TFM\05_LOGS\BENCHMARKS\TFM_BENCH_BASELINE_NO_VR_20260618_174022\process_samples.csv"
"TFM_BENCH_BASELINE_NO_VR_20260618_174022","BASELINE_NO_VR","2026-06-18T17:41:58.4022076+02:00","65,17","Stopped","8860","notepad.exe","EXCLUDED_NOTEPAD_FALSE_MATCH","C:\Windows\system32\NOTEPAD.EXE","""C:\Windows\system32\NOTEPAD.EXE"" C:\Users\seguridad\Desktop\TFM\Velociraptor\How_UP_server.txt","0","2,42","2,42","2,91","269","1","0","False","C:\Users\julio\Desktop\TFM\05_LOGS\BENCHMARKS\TFM_BENCH_BASELINE_NO_VR_20260618_174022\process_samples.csv"
"TFM_BENCH_BASELINE_NO_VR_20260618_174022","BASELINE_NO_VR","2026-06-18T17:42:00.5575128+02:00","67,33","Stopped","8732","notepad.exe","EXCLUDED_NOTEPAD_FALSE_MATCH","C:\Windows\system32\NOTEPAD.EXE","""C:\Windows\system32\NOTEPAD.EXE"" C:\Users\seguridad\Desktop\TFM\Velociraptor\How_UP_server.txt","0","8,56","8,56","2,9","271","1","0","False","C:\Users\julio\Desktop\TFM\05_LOGS\BENCHMARKS\TFM_BENCH_BASELINE_NO_VR_20260618_174022\process_samples.csv"
"TFM_BENCH_BASELINE_NO_VR_20260618_174022","BASELINE_NO_VR","2026-06-18T17:42:00.5575128+02:00","67,33","Stopped","8860","notepad.exe","EXCLUDED_NOTEPAD_FALSE_MATCH","C:\Windows\system32\NOTEPAD.EXE","""C:\Windows\system32\NOTEPAD.EXE"" C:\Users\seguridad\Desktop\TFM\Velociraptor\How_UP_server.txt","0","2,42","2,42","2,91","269","1","0","False","C:\Users\julio\Desktop\TFM\05_LOGS\BENCHMARKS\TFM_BENCH_BASELINE_NO_VR_20260618_174022\process_samples.csv"
"TFM_BENCH_BASELINE_NO_VR_20260618_174022","BASELINE_NO_VR","2026-06-18T17:42:02.7133617+02:00","69,48","Stopped","8732","notepad.exe","EXCLUDED_NOTEPAD_FALSE_MATCH","C:\Windows\system32\NOTEPAD.EXE","""C:\Windows\system32\NOTEPAD.EXE"" C:\Users\seguridad\Desktop\TFM\Velociraptor\How_UP_server.txt","0","8,56","8,56","2,9","271","1","0","False","C:\Users\julio\Desktop\TFM\05_LOGS\BENCHMARKS\TFM_BENCH_BASELINE_NO_VR_20260618_174022\process_samples.csv"
"TFM_BENCH_BASELINE_NO_VR_20260618_174022","BASELINE_NO_VR","2026-06-18T17:42:02.7133617+02:00","69,48","Stopped","8860","notepad.exe","EXCLUDED_NOTEPAD_FALSE_MATCH","C:\Windows\system32\NOTEPAD.EXE","""C:\Windows\system32\NOTEPAD.EXE"" C:\Users\seguridad\Desktop\TFM\Velociraptor\How_UP_server.txt","0","2,42","2,42","2,91","269","1","0","False","C:\Users\julio\Desktop\TFM\05_LOGS\BENCHMARKS\TFM_BENCH_BASELINE_NO_VR_20260618_174022\process_samples.csv"
"TFM_BENCH_BASELINE_NO_VR_20260618_174022","BASELINE_NO_VR","2026-06-18T17:42:04.8698115+02:00","71,64","Stopped","8732","notepad.exe","EXCLUDED_NOTEPAD_FALSE_MATCH","C:\Windows\system32\NOTEPAD.EXE","""C:\Windows\system32\NOTEPAD.EXE"" C:\Users\seguridad\Desktop\TFM\Velociraptor\How_UP_server.txt","0","8,75","8,75","3,07","271","3","0","False","C:\Users\julio\Desktop\TFM\05_LOGS\BENCHMARKS\TFM_BENCH_BASELINE_NO_VR_20260618_174022\process_samples.csv"
"TFM_BENCH_BASELINE_NO_VR_20260618_174022","BASELINE_NO_VR","2026-06-18T17:42:04.8698115+02:00","71,64","Stopped","8860","notepad.exe","EXCLUDED_NOTEPAD_FALSE_MATCH","C:\Windows\system32\NOTEPAD.EXE","""C:\Windows\system32\NOTEPAD.EXE"" C:\Users\seguridad\Desktop\TFM\Velociraptor\How_UP_server.txt","0","2,42","2,42","2,91","269","1","0","False","C:\Users\julio\Desktop\TFM\05_LOGS\BENCHMARKS\TFM_BENCH_BASELINE_NO_VR_20260618_174022\process_samples.csv"
"TFM_BENCH_BASELINE_NO_VR_20260618_174022","BASELINE_NO_VR","2026-06-18T17:42:07.0261278+02:00","73,8","Stopped","8732","notepad.exe","EXCLUDED_NOTEPAD_FALSE_MATCH","C:\Windows\system32\NOTEPAD.EXE","""C:\Windows\system32\NOTEPAD.EXE"" C:\Users\seguridad\Desktop\TFM\Velociraptor\How_UP_server.txt","0","8,75","8,75","3,07","271","3","0","False","C:\Users\julio\Desktop\TFM\05_LOGS\BENCHMARKS\TFM_BENCH_BASELINE_NO_VR_20260618_174022\process_samples.csv"
"TFM_BENCH_BASELINE_NO_VR_20260618_174022","BASELINE_NO_VR","2026-06-18T17:42:07.0261278+02:00","73,8","Stopped","8860","notepad.exe","EXCLUDED_NOTEPAD_FALSE_MATCH","C:\Windows\system32\NOTEPAD.EXE","""C:\Windows\system32\NOTEPAD.EXE"" C:\Users\seguridad\Desktop\TFM\Velociraptor\How_UP_server.txt","0","2,42","2,42","2,91","269","1","0","False","C:\Users\julio\Desktop\TFM\05_LOGS\BENCHMARKS\TFM_BENCH_BASELINE_NO_VR_20260618_174022\process_samples.csv"
"TFM_BENCH_BASELINE_NO_VR_20260618_174022","BASELINE_NO_VR","2026-06-18T17:42:09.1986534+02:00","75,97","Stopped","8732","notepad.exe","EXCLUDED_NOTEPAD_FALSE_MATCH","C:\Windows\system32\NOTEPAD.EXE","""C:\Windows\system32\NOTEPAD.EXE"" C:\Users\seguridad\Desktop\TFM\Velociraptor\How_UP_server.txt","0","8,75","8,75","3,07","271","3","0","False","C:\Users\julio\Desktop\TFM\05_LOGS\BENCHMARKS\TFM_BENCH_BASELINE_NO_VR_20260618_174022\process_samples.csv"
"TFM_BENCH_BASELINE_NO_VR_20260618_174022","BASELINE_NO_VR","2026-06-18T17:42:09.1986534+02:00","75,97","Stopped","8860","notepad.exe","EXCLUDED_NOTEPAD_FALSE_MATCH","C:\Windows\system32\NOTEPAD.EXE","""C:\Windows\system32\NOTEPAD.EXE"" C:\Users\seguridad\Desktop\TFM\Velociraptor\How_UP_server.txt","0","2,42","2,42","2,91","269","1","0","False","C:\Users\julio\Desktop\TFM\05_LOGS\BENCHMARKS\TFM_BENCH_BASELINE_NO_VR_20260618_174022\process_samples.csv"
"TFM_BENCH_BASELINE_NO_VR_20260618_174022","BASELINE_NO_VR","2026-06-18T17:42:11.3697964+02:00","78,14","Stopped","8732","notepad.exe","EXCLUDED_NOTEPAD_FALSE_MATCH","C:\Windows\system32\NOTEPAD.EXE","""C:\Windows\system32\NOTEPAD.EXE"" C:\Users\seguridad\Desktop\TFM\Velociraptor\How_UP_server.txt","0","8,75","8,75","3,07","271","3","0","False","C:\Users\julio\Desktop\TFM\05_LOGS\BENCHMARKS\TFM_BENCH_BASELINE_NO_VR_20260618_174022\process_samples.csv"
"TFM_BENCH_BASELINE_NO_VR_20260618_174022","BASELINE_NO_VR","2026-06-18T17:42:11.3697964+02:00","78,14","Stopped","8860","notepad.exe","EXCLUDED_NOTEPAD_FALSE_MATCH","C:\Windows\system32\NOTEPAD.EXE","""C:\Windows\system32\NOTEPAD.EXE"" C:\Users\seguridad\Desktop\TFM\Velociraptor\How_UP_server.txt","0","2,42","2,42","2,91","269","1","0","False","C:\Users\julio\Desktop\TFM\05_LOGS\BENCHMARKS\TFM_BENCH_BASELINE_NO_VR_20260618_174022\process_samples.csv"
"TFM_BENCH_BASELINE_NO_VR_20260618_174022","BASELINE_NO_VR","2026-06-18T17:42:13.5419635+02:00","80,31","Stopped","8732","notepad.exe","EXCLUDED_NOTEPAD_FALSE_MATCH","C:\Windows\system32\NOTEPAD.EXE","""C:\Windows\system32\NOTEPAD.EXE"" C:\Users\seguridad\Desktop\TFM\Velociraptor\How_UP_server.txt","0","8,75","8,75","3,07","271","3","0","False","C:\Users\julio\Desktop\TFM\05_LOGS\BENCHMARKS\TFM_BENCH_BASELINE_NO_VR_20260618_174022\process_samples.csv"
"TFM_BENCH_BASELINE_NO_VR_20260618_174022","BASELINE_NO_VR","2026-06-18T17:42:13.5419635+02:00","80,31","Stopped","8860","notepad.exe","EXCLUDED_NOTEPAD_FALSE_MATCH","C:\Windows\system32\NOTEPAD.EXE","""C:\Windows\system32\NOTEPAD.EXE"" C:\Users\seguridad\Desktop\TFM\Velociraptor\How_UP_server.txt","0","2,42","2,42","2,91","269","1","0","False","C:\Users\julio\Desktop\TFM\05_LOGS\BENCHMARKS\TFM_BENCH_BASELINE_NO_VR_20260618_174022\process_samples.csv"
"TFM_BENCH_BASELINE_NO_VR_20260618_174022","BASELINE_NO_VR","2026-06-18T17:42:15.7135264+02:00","82,48","Stopped","8732","notepad.exe","EXCLUDED_NOTEPAD_FALSE_MATCH","C:\Windows\system32\NOTEPAD.EXE","""C:\Windows\system32\NOTEPAD.EXE"" C:\Users\seguridad\Desktop\TFM\Velociraptor\How_UP_server.txt","0","8,75","8,75","3,07","271","3","0","False","C:\Users\julio\Desktop\TFM\05_LOGS\BENCHMARKS\TFM_BENCH_BASELINE_NO_VR_20260618_174022\process_samples.csv"
"TFM_BENCH_BASELINE_NO_VR_20260618_174022","BASELINE_NO_VR","2026-06-18T17:42:15.7135264+02:00","82,48","Stopped","8860","notepad.exe","EXCLUDED_NOTEPAD_FALSE_MATCH","C:\Windows\system32\NOTEPAD.EXE","""C:\Windows\system32\NOTEPAD.EXE"" C:\Users\seguridad\Desktop\TFM\Velociraptor\How_UP_server.txt","0","2,42","2,42","2,91","269","1","0","False","C:\Users\julio\Desktop\TFM\05_LOGS\BENCHMARKS\TFM_BENCH_BASELINE_NO_VR_20260618_174022\process_samples.csv"
"TFM_BENCH_BASELINE_NO_VR_20260618_174022","BASELINE_NO_VR","2026-06-18T17:42:17.8694246+02:00","84,64","Stopped","8732","notepad.exe","EXCLUDED_NOTEPAD_FALSE_MATCH","C:\Windows\system32\NOTEPAD.EXE","""C:\Windows\system32\NOTEPAD.EXE"" C:\Users\seguridad\Desktop\TFM\Velociraptor\How_UP_server.txt","0","8,75","8,75","3,07","271","3","0","False","C:\Users\julio\Desktop\TFM\05_LOGS\BENCHMARKS\TFM_BENCH_BASELINE_NO_VR_20260618_174022\process_samples.csv"
"TFM_BENCH_BASELINE_NO_VR_20260618_174022","BASELINE_NO_VR","2026-06-18T17:42:17.8694246+02:00","84,64","Stopped","8860","notepad.exe","EXCLUDED_NOTEPAD_FALSE_MATCH","C:\Windows\system32\NOTEPAD.EXE","""C:\Windows\system32\NOTEPAD.EXE"" C:\Users\seguridad\Desktop\TFM\Velociraptor\How_UP_server.txt","0","2,42","2,42","2,91","269","1","0","False","C:\Users\julio\Desktop\TFM\05_LOGS\BENCHMARKS\TFM_BENCH_BASELINE_NO_VR_20260618_174022\process_samples.csv"
"TFM_BENCH_BASELINE_NO_VR_20260618_174022","BASELINE_NO_VR","2026-06-18T17:42:20.0886546+02:00","86,86","Stopped","8732","notepad.exe","EXCLUDED_NOTEPAD_FALSE_MATCH","C:\Windows\system32\NOTEPAD.EXE","""C:\Windows\system32\NOTEPAD.EXE"" C:\Users\seguridad\Desktop\TFM\Velociraptor\How_UP_server.txt","0","8,75","8,75","3,07","271","3","0","False","C:\Users\julio\Desktop\TFM\05_LOGS\BENCHMARKS\TFM_BENCH_BASELINE_NO_VR_20260618_174022\process_samples.csv"
"TFM_BENCH_BASELINE_NO_VR_20260618_174022","BASELINE_NO_VR","2026-06-18T17:42:20.0886546+02:00","86,86","Stopped","8860","notepad.exe","EXCLUDED_NOTEPAD_FALSE_MATCH","C:\Windows\system32\NOTEPAD.EXE","""C:\Windows\system32\NOTEPAD.EXE"" C:\Users\seguridad\Desktop\TFM\Velociraptor\How_UP_server.txt","0","2,42","2,42","2,91","269","1","0","False","C:\Users\julio\Desktop\TFM\05_LOGS\BENCHMARKS\TFM_BENCH_BASELINE_NO_VR_20260618_174022\process_samples.csv"
"TFM_BENCH_BASELINE_NO_VR_20260618_174022","BASELINE_NO_VR","2026-06-18T17:42:22.2451300+02:00","89,02","Stopped","8732","notepad.exe","EXCLUDED_NOTEPAD_FALSE_MATCH","C:\Windows\system32\NOTEPAD.EXE","""C:\Windows\system32\NOTEPAD.EXE"" C:\Users\seguridad\Desktop\TFM\Velociraptor\How_UP_server.txt","0","8,75","8,75","3,07","271","3","0","False","C:\Users\julio\Desktop\TFM\05_LOGS\BENCHMARKS\TFM_BENCH_BASELINE_NO_VR_20260618_174022\process_samples.csv"
"TFM_BENCH_BASELINE_NO_VR_20260618_174022","BASELINE_NO_VR","2026-06-18T17:42:22.2451300+02:00","89,02","Stopped","8860","notepad.exe","EXCLUDED_NOTEPAD_FALSE_MATCH","C:\Windows\system32\NOTEPAD.EXE","""C:\Windows\system32\NOTEPAD.EXE"" C:\Users\seguridad\Desktop\TFM\Velociraptor\How_UP_server.txt","0","2,42","2,42","2,91","269","1","0","False","C:\Users\julio\Desktop\TFM\05_LOGS\BENCHMARKS\TFM_BENCH_BASELINE_NO_VR_20260618_174022\process_samples.csv"
"TFM_BENCH_BASELINE_NO_VR_20260618_174022","BASELINE_NO_VR","2026-06-18T17:42:24.4012881+02:00","91,17","Stopped","8732","notepad.exe","EXCLUDED_NOTEPAD_FALSE_MATCH","C:\Windows\system32\NOTEPAD.EXE","""C:\Windows\system32\NOTEPAD.EXE"" C:\Users\seguridad\Desktop\TFM\Velociraptor\How_UP_server.txt","0","8,75","8,75","3,07","271","3","0","False","C:\Users\julio\Desktop\TFM\05_LOGS\BENCHMARKS\TFM_BENCH_BASELINE_NO_VR_20260618_174022\process_samples.csv"
"TFM_BENCH_BASELINE_NO_VR_20260618_174022","BASELINE_NO_VR","2026-06-18T17:42:24.4012881+02:00","91,17","Stopped","8860","notepad.exe","EXCLUDED_NOTEPAD_FALSE_MATCH","C:\Windows\system32\NOTEPAD.EXE","""C:\Windows\system32\NOTEPAD.EXE"" C:\Users\seguridad\Desktop\TFM\Velociraptor\How_UP_server.txt","0","2,42","2,42","2,91","269","1","0","False","C:\Users\julio\Desktop\TFM\05_LOGS\BENCHMARKS\TFM_BENCH_BASELINE_NO_VR_20260618_174022\process_samples.csv"
"TFM_BENCH_BASELINE_NO_VR_20260618_174022","BASELINE_NO_VR","2026-06-18T17:42:26.5731003+02:00","93,34","Stopped","8732","notepad.exe","EXCLUDED_NOTEPAD_FALSE_MATCH","C:\Windows\system32\NOTEPAD.EXE","""C:\Windows\system32\NOTEPAD.EXE"" C:\Users\seguridad\Desktop\TFM\Velociraptor\How_UP_server.txt","0","8,75","8,75","3,07","271","3","0","False","C:\Users\julio\Desktop\TFM\05_LOGS\BENCHMARKS\TFM_BENCH_BASELINE_NO_VR_20260618_174022\process_samples.csv"
"TFM_BENCH_BASELINE_NO_VR_20260618_174022","BASELINE_NO_VR","2026-06-18T17:42:26.5731003+02:00","93,34","Stopped","8860","notepad.exe","EXCLUDED_NOTEPAD_FALSE_MATCH","C:\Windows\system32\NOTEPAD.EXE","""C:\Windows\system32\NOTEPAD.EXE"" C:\Users\seguridad\Desktop\TFM\Velociraptor\How_UP_server.txt","0","2,42","2,42","2,91","269","1","0","False","C:\Users\julio\Desktop\TFM\05_LOGS\BENCHMARKS\TFM_BENCH_BASELINE_NO_VR_20260618_174022\process_samples.csv"
"TFM_BENCH_BASELINE_NO_VR_20260618_174022","BASELINE_NO_VR","2026-06-18T17:42:28.7449871+02:00","95,52","Stopped","8732","notepad.exe","EXCLUDED_NOTEPAD_FALSE_MATCH","C:\Windows\system32\NOTEPAD.EXE","""C:\Windows\system32\NOTEPAD.EXE"" C:\Users\seguridad\Desktop\TFM\Velociraptor\How_UP_server.txt","0","8,75","8,75","3,07","271","3","0","False","C:\Users\julio\Desktop\TFM\05_LOGS\BENCHMARKS\TFM_BENCH_BASELINE_NO_VR_20260618_174022\process_samples.csv"
"TFM_BENCH_BASELINE_NO_VR_20260618_174022","BASELINE_NO_VR","2026-06-18T17:42:28.7449871+02:00","95,52","Stopped","8860","notepad.exe","EXCLUDED_NOTEPAD_FALSE_MATCH","C:\Windows\system32\NOTEPAD.EXE","""C:\Windows\system32\NOTEPAD.EXE"" C:\Users\seguridad\Desktop\TFM\Velociraptor\How_UP_server.txt","0","2,42","2,42","2,91","269","1","0","False","C:\Users\julio\Desktop\TFM\05_LOGS\BENCHMARKS\TFM_BENCH_BASELINE_NO_VR_20260618_174022\process_samples.csv"
"TFM_BENCH_BASELINE_NO_VR_20260618_174022","BASELINE_NO_VR","2026-06-18T17:42:30.9167841+02:00","97,69","Stopped","8732","notepad.exe","EXCLUDED_NOTEPAD_FALSE_MATCH","C:\Windows\system32\NOTEPAD.EXE","""C:\Windows\system32\NOTEPAD.EXE"" C:\Users\seguridad\Desktop\TFM\Velociraptor\How_UP_server.txt","0","8,75","8,75","3,07","271","3","0","False","C:\Users\julio\Desktop\TFM\05_LOGS\BENCHMARKS\TFM_BENCH_BASELINE_NO_VR_20260618_174022\process_samples.csv"
"TFM_BENCH_BASELINE_NO_VR_20260618_174022","BASELINE_NO_VR","2026-06-18T17:42:30.9167841+02:00","97,69","Stopped","8860","notepad.exe","EXCLUDED_NOTEPAD_FALSE_MATCH","C:\Windows\system32\NOTEPAD.EXE","""C:\Windows\system32\NOTEPAD.EXE"" C:\Users\seguridad\Desktop\TFM\Velociraptor\How_UP_server.txt","0","2,42","2,42","2,91","269","1","0","False","C:\Users\julio\Desktop\TFM\05_LOGS\BENCHMARKS\TFM_BENCH_BASELINE_NO_VR_20260618_174022\process_samples.csv"
"TFM_BENCH_BASELINE_NO_VR_20260618_174022","BASELINE_NO_VR","2026-06-18T17:42:33.0889682+02:00","99,86","Stopped","8732","notepad.exe","EXCLUDED_NOTEPAD_FALSE_MATCH","C:\Windows\system32\NOTEPAD.EXE","""C:\Windows\system32\NOTEPAD.EXE"" C:\Users\seguridad\Desktop\TFM\Velociraptor\How_UP_server.txt","0","8,75","8,75","3,07","271","3","0","False","C:\Users\julio\Desktop\TFM\05_LOGS\BENCHMARKS\TFM_BENCH_BASELINE_NO_VR_20260618_174022\process_samples.csv"
"TFM_BENCH_BASELINE_NO_VR_20260618_174022","BASELINE_NO_VR","2026-06-18T17:42:33.0889682+02:00","99,86","Stopped","8860","notepad.exe","EXCLUDED_NOTEPAD_FALSE_MATCH","C:\Windows\system32\NOTEPAD.EXE","""C:\Windows\system32\NOTEPAD.EXE"" C:\Users\seguridad\Desktop\TFM\Velociraptor\How_UP_server.txt","0","2,42","2,42","2,91","269","1","0","False","C:\Users\julio\Desktop\TFM\05_LOGS\BENCHMARKS\TFM_BENCH_BASELINE_NO_VR_20260618_174022\process_samples.csv"
"TFM_BENCH_BASELINE_NO_VR_20260618_174022","BASELINE_NO_VR","2026-06-18T17:42:35.2917090+02:00","102,06","Stopped","8732","notepad.exe","EXCLUDED_NOTEPAD_FALSE_MATCH","C:\Windows\system32\NOTEPAD.EXE","""C:\Windows\system32\NOTEPAD.EXE"" C:\Users\seguridad\Desktop\TFM\Velociraptor\How_UP_server.txt","0","8,75","8,75","3,07","271","3","0","False","C:\Users\julio\Desktop\TFM\05_LOGS\BENCHMARKS\TFM_BENCH_BASELINE_NO_VR_20260618_174022\process_samples.csv"
"TFM_BENCH_BASELINE_NO_VR_20260618_174022","BASELINE_NO_VR","2026-06-18T17:42:35.2917090+02:00","102,06","Stopped","8860","notepad.exe","EXCLUDED_NOTEPAD_FALSE_MATCH","C:\Windows\system32\NOTEPAD.EXE","""C:\Windows\system32\NOTEPAD.EXE"" C:\Users\seguridad\Desktop\TFM\Velociraptor\How_UP_server.txt","0","2,42","2,42","2,91","269","1","0","False","C:\Users\julio\Desktop\TFM\05_LOGS\BENCHMARKS\TFM_BENCH_BASELINE_NO_VR_20260618_174022\process_samples.csv"
"TFM_BENCH_BASELINE_NO_VR_20260618_174022","BASELINE_NO_VR","2026-06-18T17:42:37.4949305+02:00","104,27","Stopped","8732","notepad.exe","EXCLUDED_NOTEPAD_FALSE_MATCH","C:\Windows\system32\NOTEPAD.EXE","""C:\Windows\system32\NOTEPAD.EXE"" C:\Users\seguridad\Desktop\TFM\Velociraptor\How_UP_server.txt","0","8,75","8,75","3,07","271","3","0","False","C:\Users\julio\Desktop\TFM\05_LOGS\BENCHMARKS\TFM_BENCH_BASELINE_NO_VR_20260618_174022\process_samples.csv"
"TFM_BENCH_BASELINE_NO_VR_20260618_174022","BASELINE_NO_VR","2026-06-18T17:42:37.4949305+02:00","104,27","Stopped","8860","notepad.exe","EXCLUDED_NOTEPAD_FALSE_MATCH","C:\Windows\system32\NOTEPAD.EXE","""C:\Windows\system32\NOTEPAD.EXE"" C:\Users\seguridad\Desktop\TFM\Velociraptor\How_UP_server.txt","0","2,42","2,42","2,91","269","1","0","False","C:\Users\julio\Desktop\TFM\05_LOGS\BENCHMARKS\TFM_BENCH_BASELINE_NO_VR_20260618_174022\process_samples.csv"
"TFM_BENCH_BASELINE_NO_VR_20260618_174022","BASELINE_NO_VR","2026-06-18T17:42:39.6825933+02:00","106,45","Stopped","8732","notepad.exe","EXCLUDED_NOTEPAD_FALSE_MATCH","C:\Windows\system32\NOTEPAD.EXE","""C:\Windows\system32\NOTEPAD.EXE"" C:\Users\seguridad\Desktop\TFM\Velociraptor\How_UP_server.txt","0","8,75","8,75","3,07","271","3","0","False","C:\Users\julio\Desktop\TFM\05_LOGS\BENCHMARKS\TFM_BENCH_BASELINE_NO_VR_20260618_174022\process_samples.csv"
"TFM_BENCH_BASELINE_NO_VR_20260618_174022","BASELINE_NO_VR","2026-06-18T17:42:39.6825933+02:00","106,45","Stopped","8860","notepad.exe","EXCLUDED_NOTEPAD_FALSE_MATCH","C:\Windows\system32\NOTEPAD.EXE","""C:\Windows\system32\NOTEPAD.EXE"" C:\Users\seguridad\Desktop\TFM\Velociraptor\How_UP_server.txt","0","2,42","2,42","2,91","269","1","0","False","C:\Users\julio\Desktop\TFM\05_LOGS\BENCHMARKS\TFM_BENCH_BASELINE_NO_VR_20260618_174022\process_samples.csv"
"TFM_BENCH_BASELINE_NO_VR_20260618_174022","BASELINE_NO_VR","2026-06-18T17:42:41.8697009+02:00","108,64","Stopped","8732","notepad.exe","EXCLUDED_NOTEPAD_FALSE_MATCH","C:\Windows\system32\NOTEPAD.EXE","""C:\Windows\system32\NOTEPAD.EXE"" C:\Users\seguridad\Desktop\TFM\Velociraptor\How_UP_server.txt","0","8,75","8,75","3,07","271","3","0","False","C:\Users\julio\Desktop\TFM\05_LOGS\BENCHMARKS\TFM_BENCH_BASELINE_NO_VR_20260618_174022\process_samples.csv"
"TFM_BENCH_BASELINE_NO_VR_20260618_174022","BASELINE_NO_VR","2026-06-18T17:42:41.8697009+02:00","108,64","Stopped","8860","notepad.exe","EXCLUDED_NOTEPAD_FALSE_MATCH","C:\Windows\system32\NOTEPAD.EXE","""C:\Windows\system32\NOTEPAD.EXE"" C:\Users\seguridad\Desktop\TFM\Velociraptor\How_UP_server.txt","0","2,42","2,42","2,91","269","1","0","False","C:\Users\julio\Desktop\TFM\05_LOGS\BENCHMARKS\TFM_BENCH_BASELINE_NO_VR_20260618_174022\process_samples.csv"
"TFM_BENCH_BASELINE_NO_VR_20260618_174022","BASELINE_NO_VR","2026-06-18T17:42:44.0417545+02:00","110,81","Stopped","8732","notepad.exe","EXCLUDED_NOTEPAD_FALSE_MATCH","C:\Windows\system32\NOTEPAD.EXE","""C:\Windows\system32\NOTEPAD.EXE"" C:\Users\seguridad\Desktop\TFM\Velociraptor\How_UP_server.txt","0","8,75","8,75","3,07","271","3","0","False","C:\Users\julio\Desktop\TFM\05_LOGS\BENCHMARKS\TFM_BENCH_BASELINE_NO_VR_20260618_174022\process_samples.csv"
"TFM_BENCH_BASELINE_NO_VR_20260618_174022","BASELINE_NO_VR","2026-06-18T17:42:44.0417545+02:00","110,81","Stopped","8860","notepad.exe","EXCLUDED_NOTEPAD_FALSE_MATCH","C:\Windows\system32\NOTEPAD.EXE","""C:\Windows\system32\NOTEPAD.EXE"" C:\Users\seguridad\Desktop\TFM\Velociraptor\How_UP_server.txt","0","2,42","2,42","2,91","269","1","0","False","C:\Users\julio\Desktop\TFM\05_LOGS\BENCHMARKS\TFM_BENCH_BASELINE_NO_VR_20260618_174022\process_samples.csv"
"TFM_BENCH_BASELINE_NO_VR_20260618_174022","BASELINE_NO_VR","2026-06-18T17:42:46.1977665+02:00","112,97","Stopped","8732","notepad.exe","EXCLUDED_NOTEPAD_FALSE_MATCH","C:\Windows\system32\NOTEPAD.EXE","""C:\Windows\system32\NOTEPAD.EXE"" C:\Users\seguridad\Desktop\TFM\Velociraptor\How_UP_server.txt","0","8,75","8,75","3,07","271","3","0","False","C:\Users\julio\Desktop\TFM\05_LOGS\BENCHMARKS\TFM_BENCH_BASELINE_NO_VR_20260618_174022\process_samples.csv"
"TFM_BENCH_BASELINE_NO_VR_20260618_174022","BASELINE_NO_VR","2026-06-18T17:42:46.1977665+02:00","112,97","Stopped","8860","notepad.exe","EXCLUDED_NOTEPAD_FALSE_MATCH","C:\Windows\system32\NOTEPAD.EXE","""C:\Windows\system32\NOTEPAD.EXE"" C:\Users\seguridad\Desktop\TFM\Velociraptor\How_UP_server.txt","0","2,42","2,42","2,91","269","1","0","False","C:\Users\julio\Desktop\TFM\05_LOGS\BENCHMARKS\TFM_BENCH_BASELINE_NO_VR_20260618_174022\process_samples.csv"
"TFM_BENCH_BASELINE_NO_VR_20260618_174022","BASELINE_NO_VR","2026-06-18T17:42:48.3545477+02:00","115,13","Stopped","8732","notepad.exe","EXCLUDED_NOTEPAD_FALSE_MATCH","C:\Windows\system32\NOTEPAD.EXE","""C:\Windows\system32\NOTEPAD.EXE"" C:\Users\seguridad\Desktop\TFM\Velociraptor\How_UP_server.txt","0","8,75","8,75","3,07","271","3","0","False","C:\Users\julio\Desktop\TFM\05_LOGS\BENCHMARKS\TFM_BENCH_BASELINE_NO_VR_20260618_174022\process_samples.csv"
"TFM_BENCH_BASELINE_NO_VR_20260618_174022","BASELINE_NO_VR","2026-06-18T17:42:48.3545477+02:00","115,13","Stopped","8860","notepad.exe","EXCLUDED_NOTEPAD_FALSE_MATCH","C:\Windows\system32\NOTEPAD.EXE","""C:\Windows\system32\NOTEPAD.EXE"" C:\Users\seguridad\Desktop\TFM\Velociraptor\How_UP_server.txt","0","2,42","2,42","2,91","269","1","0","False","C:\Users\julio\Desktop\TFM\05_LOGS\BENCHMARKS\TFM_BENCH_BASELINE_NO_VR_20260618_174022\process_samples.csv"
"TFM_BENCH_BASELINE_NO_VR_20260618_174022","BASELINE_NO_VR","2026-06-18T17:42:50.5577403+02:00","117,33","Stopped","8732","notepad.exe","EXCLUDED_NOTEPAD_FALSE_MATCH","C:\Windows\system32\NOTEPAD.EXE","""C:\Windows\system32\NOTEPAD.EXE"" C:\Users\seguridad\Desktop\TFM\Velociraptor\How_UP_server.txt","0","8,75","8,75","3,07","271","3","0","False","C:\Users\julio\Desktop\TFM\05_LOGS\BENCHMARKS\TFM_BENCH_BASELINE_NO_VR_20260618_174022\process_samples.csv"
"TFM_BENCH_BASELINE_NO_VR_20260618_174022","BASELINE_NO_VR","2026-06-18T17:42:50.5577403+02:00","117,33","Stopped","8860","notepad.exe","EXCLUDED_NOTEPAD_FALSE_MATCH","C:\Windows\system32\NOTEPAD.EXE","""C:\Windows\system32\NOTEPAD.EXE"" C:\Users\seguridad\Desktop\TFM\Velociraptor\How_UP_server.txt","0","2,42","2,42","2,91","269","1","0","False","C:\Users\julio\Desktop\TFM\05_LOGS\BENCHMARKS\TFM_BENCH_BASELINE_NO_VR_20260618_174022\process_samples.csv"
"TFM_BENCH_BASELINE_NO_VR_20260618_174022","BASELINE_NO_VR","2026-06-18T17:42:52.7292115+02:00","119,5","Stopped","8732","notepad.exe","EXCLUDED_NOTEPAD_FALSE_MATCH","C:\Windows\system32\NOTEPAD.EXE","""C:\Windows\system32\NOTEPAD.EXE"" C:\Users\seguridad\Desktop\TFM\Velociraptor\How_UP_server.txt","0","8,75","8,75","3,07","271","3","0","False","C:\Users\julio\Desktop\TFM\05_LOGS\BENCHMARKS\TFM_BENCH_BASELINE_NO_VR_20260618_174022\process_samples.csv"
"TFM_BENCH_BASELINE_NO_VR_20260618_174022","BASELINE_NO_VR","2026-06-18T17:42:52.7292115+02:00","119,5","Stopped","8860","notepad.exe","EXCLUDED_NOTEPAD_FALSE_MATCH","C:\Windows\system32\NOTEPAD.EXE","""C:\Windows\system32\NOTEPAD.EXE"" C:\Users\seguridad\Desktop\TFM\Velociraptor\How_UP_server.txt","0","2,42","2,42","2,91","269","1","0","False","C:\Users\julio\Desktop\TFM\05_LOGS\BENCHMARKS\TFM_BENCH_BASELINE_NO_VR_20260618_174022\process_samples.csv"
"TFM_BENCH_BASELINE_NO_VR_20260618_174022","BASELINE_NO_VR","2026-06-18T17:42:54.8699579+02:00","121,64","Stopped","8732","notepad.exe","EXCLUDED_NOTEPAD_FALSE_MATCH","C:\Windows\system32\NOTEPAD.EXE","""C:\Windows\system32\NOTEPAD.EXE"" C:\Users\seguridad\Desktop\TFM\Velociraptor\How_UP_server.txt","0","8,75","8,75","3,07","271","3","0","False","C:\Users\julio\Desktop\TFM\05_LOGS\BENCHMARKS\TFM_BENCH_BASELINE_NO_VR_20260618_174022\process_samples.csv"
"TFM_BENCH_BASELINE_NO_VR_20260618_174022","BASELINE_NO_VR","2026-06-18T17:42:54.8699579+02:00","121,64","Stopped","8860","notepad.exe","EXCLUDED_NOTEPAD_FALSE_MATCH","C:\Windows\system32\NOTEPAD.EXE","""C:\Windows\system32\NOTEPAD.EXE"" C:\Users\seguridad\Desktop\TFM\Velociraptor\How_UP_server.txt","0","2,42","2,42","2,91","269","1","0","False","C:\Users\julio\Desktop\TFM\05_LOGS\BENCHMARKS\TFM_BENCH_BASELINE_NO_VR_20260618_174022\process_samples.csv"
"TFM_BENCH_BASELINE_NO_VR_20260618_174022","BASELINE_NO_VR","2026-06-18T17:42:57.0575359+02:00","123,83","Stopped","8732","notepad.exe","EXCLUDED_NOTEPAD_FALSE_MATCH","C:\Windows\system32\NOTEPAD.EXE","""C:\Windows\system32\NOTEPAD.EXE"" C:\Users\seguridad\Desktop\TFM\Velociraptor\How_UP_server.txt","0","8,75","8,75","3,07","271","3","0","False","C:\Users\julio\Desktop\TFM\05_LOGS\BENCHMARKS\TFM_BENCH_BASELINE_NO_VR_20260618_174022\process_samples.csv"
"TFM_BENCH_BASELINE_NO_VR_20260618_174022","BASELINE_NO_VR","2026-06-18T17:42:57.0575359+02:00","123,83","Stopped","8860","notepad.exe","EXCLUDED_NOTEPAD_FALSE_MATCH","C:\Windows\system32\NOTEPAD.EXE","""C:\Windows\system32\NOTEPAD.EXE"" C:\Users\seguridad\Desktop\TFM\Velociraptor\How_UP_server.txt","0","2,42","2,42","2,91","269","1","0","False","C:\Users\julio\Desktop\TFM\05_LOGS\BENCHMARKS\TFM_BENCH_BASELINE_NO_VR_20260618_174022\process_samples.csv"
"TFM_BENCH_BASELINE_NO_VR_20260618_174022","BASELINE_NO_VR","2026-06-18T17:42:59.2291867+02:00","126","Stopped","8732","notepad.exe","EXCLUDED_NOTEPAD_FALSE_MATCH","C:\Windows\system32\NOTEPAD.EXE","""C:\Windows\system32\NOTEPAD.EXE"" C:\Users\seguridad\Desktop\TFM\Velociraptor\How_UP_server.txt","0","8,75","8,75","3,07","271","3","0","False","C:\Users\julio\Desktop\TFM\05_LOGS\BENCHMARKS\TFM_BENCH_BASELINE_NO_VR_20260618_174022\process_samples.csv"
"TFM_BENCH_BASELINE_NO_VR_20260618_174022","BASELINE_NO_VR","2026-06-18T17:42:59.2291867+02:00","126","Stopped","8860","notepad.exe","EXCLUDED_NOTEPAD_FALSE_MATCH","C:\Windows\system32\NOTEPAD.EXE","""C:\Windows\system32\NOTEPAD.EXE"" C:\Users\seguridad\Desktop\TFM\Velociraptor\How_UP_server.txt","0","2,42","2,42","2,91","269","1","0","False","C:\Users\julio\Desktop\TFM\05_LOGS\BENCHMARKS\TFM_BENCH_BASELINE_NO_VR_20260618_174022\process_samples.csv"
"TFM_BENCH_BASELINE_NO_VR_20260618_174022","BASELINE_NO_VR","2026-06-18T17:43:01.4165408+02:00","128,19","Stopped","8732","notepad.exe","EXCLUDED_NOTEPAD_FALSE_MATCH","C:\Windows\system32\NOTEPAD.EXE","""C:\Windows\system32\NOTEPAD.EXE"" C:\Users\seguridad\Desktop\TFM\Velociraptor\How_UP_server.txt","0","8,75","8,75","3,07","271","3","0","False","C:\Users\julio\Desktop\TFM\05_LOGS\BENCHMARKS\TFM_BENCH_BASELINE_NO_VR_20260618_174022\process_samples.csv"
"TFM_BENCH_BASELINE_NO_VR_20260618_174022","BASELINE_NO_VR","2026-06-18T17:43:01.4165408+02:00","128,19","Stopped","8860","notepad.exe","EXCLUDED_NOTEPAD_FALSE_MATCH","C:\Windows\system32\NOTEPAD.EXE","""C:\Windows\system32\NOTEPAD.EXE"" C:\Users\seguridad\Desktop\TFM\Velociraptor\How_UP_server.txt","0","2,42","2,42","2,91","269","1","0","False","C:\Users\julio\Desktop\TFM\05_LOGS\BENCHMARKS\TFM_BENCH_BASELINE_NO_VR_20260618_174022\process_samples.csv"
"TFM_BENCH_BASELINE_NO_VR_20260618_174022","BASELINE_NO_VR","2026-06-18T17:43:03.6513056+02:00","130,42","Stopped","8732","notepad.exe","EXCLUDED_NOTEPAD_FALSE_MATCH","C:\Windows\system32\NOTEPAD.EXE","""C:\Windows\system32\NOTEPAD.EXE"" C:\Users\seguridad\Desktop\TFM\Velociraptor\How_UP_server.txt","0","8,75","8,75","3,07","271","3","0","False","C:\Users\julio\Desktop\TFM\05_LOGS\BENCHMARKS\TFM_BENCH_BASELINE_NO_VR_20260618_174022\process_samples.csv"
"TFM_BENCH_BASELINE_NO_VR_20260618_174022","BASELINE_NO_VR","2026-06-18T17:43:03.6513056+02:00","130,42","Stopped","8860","notepad.exe","EXCLUDED_NOTEPAD_FALSE_MATCH","C:\Windows\system32\NOTEPAD.EXE","""C:\Windows\system32\NOTEPAD.EXE"" C:\Users\seguridad\Desktop\TFM\Velociraptor\How_UP_server.txt","0","2,42","2,42","2,91","269","1","0","False","C:\Users\julio\Desktop\TFM\05_LOGS\BENCHMARKS\TFM_BENCH_BASELINE_NO_VR_20260618_174022\process_samples.csv"
"TFM_BENCH_BASELINE_NO_VR_20260618_174022","BASELINE_NO_VR","2026-06-18T17:43:05.8544003+02:00","132,63","Stopped","8732","notepad.exe","EXCLUDED_NOTEPAD_FALSE_MATCH","C:\Windows\system32\NOTEPAD.EXE","""C:\Windows\system32\NOTEPAD.EXE"" C:\Users\seguridad\Desktop\TFM\Velociraptor\How_UP_server.txt","0","8,75","8,75","3,07","271","3","0","False","C:\Users\julio\Desktop\TFM\05_LOGS\BENCHMARKS\TFM_BENCH_BASELINE_NO_VR_20260618_174022\process_samples.csv"
"TFM_BENCH_BASELINE_NO_VR_20260618_174022","BASELINE_NO_VR","2026-06-18T17:43:05.8544003+02:00","132,63","Stopped","8860","notepad.exe","EXCLUDED_NOTEPAD_FALSE_MATCH","C:\Windows\system32\NOTEPAD.EXE","""C:\Windows\system32\NOTEPAD.EXE"" C:\Users\seguridad\Desktop\TFM\Velociraptor\How_UP_server.txt","0","2,42","2,42","2,91","269","1","0","False","C:\Users\julio\Desktop\TFM\05_LOGS\BENCHMARKS\TFM_BENCH_BASELINE_NO_VR_20260618_174022\process_samples.csv"
"TFM_BENCH_BASELINE_NO_VR_20260618_174022","BASELINE_NO_VR","2026-06-18T17:43:08.0268710+02:00","134,8","Stopped","8732","notepad.exe","EXCLUDED_NOTEPAD_FALSE_MATCH","C:\Windows\system32\NOTEPAD.EXE","""C:\Windows\system32\NOTEPAD.EXE"" C:\Users\seguridad\Desktop\TFM\Velociraptor\How_UP_server.txt","0","8,75","8,75","3,07","271","3","0","False","C:\Users\julio\Desktop\TFM\05_LOGS\BENCHMARKS\TFM_BENCH_BASELINE_NO_VR_20260618_174022\process_samples.csv"
"TFM_BENCH_BASELINE_NO_VR_20260618_174022","BASELINE_NO_VR","2026-06-18T17:43:08.0268710+02:00","134,8","Stopped","8860","notepad.exe","EXCLUDED_NOTEPAD_FALSE_MATCH","C:\Windows\system32\NOTEPAD.EXE","""C:\Windows\system32\NOTEPAD.EXE"" C:\Users\seguridad\Desktop\TFM\Velociraptor\How_UP_server.txt","0","2,42","2,42","2,91","269","1","0","False","C:\Users\julio\Desktop\TFM\05_LOGS\BENCHMARKS\TFM_BENCH_BASELINE_NO_VR_20260618_174022\process_samples.csv"
"TFM_BENCH_BASELINE_NO_VR_20260618_174022","BASELINE_NO_VR","2026-06-18T17:43:10.1983935+02:00","136,97","Stopped","8732","notepad.exe","EXCLUDED_NOTEPAD_FALSE_MATCH","C:\Windows\system32\NOTEPAD.EXE","""C:\Windows\system32\NOTEPAD.EXE"" C:\Users\seguridad\Desktop\TFM\Velociraptor\How_UP_server.txt","0","8,75","8,75","3,07","271","3","0","False","C:\Users\julio\Desktop\TFM\05_LOGS\BENCHMARKS\TFM_BENCH_BASELINE_NO_VR_20260618_174022\process_samples.csv"
"TFM_BENCH_BASELINE_NO_VR_20260618_174022","BASELINE_NO_VR","2026-06-18T17:43:10.1983935+02:00","136,97","Stopped","8860","notepad.exe","EXCLUDED_NOTEPAD_FALSE_MATCH","C:\Windows\system32\NOTEPAD.EXE","""C:\Windows\system32\NOTEPAD.EXE"" C:\Users\seguridad\Desktop\TFM\Velociraptor\How_UP_server.txt","0","2,42","2,42","2,91","269","1","0","False","C:\Users\julio\Desktop\TFM\05_LOGS\BENCHMARKS\TFM_BENCH_BASELINE_NO_VR_20260618_174022\process_samples.csv"
"TFM_BENCH_BASELINE_NO_VR_20260618_174022","BASELINE_NO_VR","2026-06-18T17:43:12.4009762+02:00","139,17","Stopped","8732","notepad.exe","EXCLUDED_NOTEPAD_FALSE_MATCH","C:\Windows\system32\NOTEPAD.EXE","""C:\Windows\system32\NOTEPAD.EXE"" C:\Users\seguridad\Desktop\TFM\Velociraptor\How_UP_server.txt","0","8,75","8,75","3,07","271","3","0","False","C:\Users\julio\Desktop\TFM\05_LOGS\BENCHMARKS\TFM_BENCH_BASELINE_NO_VR_20260618_174022\process_samples.csv"
"TFM_BENCH_BASELINE_NO_VR_20260618_174022","BASELINE_NO_VR","2026-06-18T17:43:12.4009762+02:00","139,17","Stopped","8860","notepad.exe","EXCLUDED_NOTEPAD_FALSE_MATCH","C:\Windows\system32\NOTEPAD.EXE","""C:\Windows\system32\NOTEPAD.EXE"" C:\Users\seguridad\Desktop\TFM\Velociraptor\How_UP_server.txt","0","2,42","2,42","2,91","269","1","0","False","C:\Users\julio\Desktop\TFM\05_LOGS\BENCHMARKS\TFM_BENCH_BASELINE_NO_VR_20260618_174022\process_samples.csv"
"TFM_BENCH_BASELINE_NO_VR_20260618_174022","BASELINE_NO_VR","2026-06-18T17:43:14.5884194+02:00","141,36","Stopped","8732","notepad.exe","EXCLUDED_NOTEPAD_FALSE_MATCH","C:\Windows\system32\NOTEPAD.EXE","""C:\Windows\system32\NOTEPAD.EXE"" C:\Users\seguridad\Desktop\TFM\Velociraptor\How_UP_server.txt","0","8,75","8,75","3,07","271","3","0","False","C:\Users\julio\Desktop\TFM\05_LOGS\BENCHMARKS\TFM_BENCH_BASELINE_NO_VR_20260618_174022\process_samples.csv"
"TFM_BENCH_BASELINE_NO_VR_20260618_174022","BASELINE_NO_VR","2026-06-18T17:43:14.5884194+02:00","141,36","Stopped","8860","notepad.exe","EXCLUDED_NOTEPAD_FALSE_MATCH","C:\Windows\system32\NOTEPAD.EXE","""C:\Windows\system32\NOTEPAD.EXE"" C:\Users\seguridad\Desktop\TFM\Velociraptor\How_UP_server.txt","0","2,42","2,42","2,91","269","1","0","False","C:\Users\julio\Desktop\TFM\05_LOGS\BENCHMARKS\TFM_BENCH_BASELINE_NO_VR_20260618_174022\process_samples.csv"
"TFM_BENCH_BASELINE_NO_VR_20260618_174022","BASELINE_NO_VR","2026-06-18T17:43:16.7603376+02:00","143,53","Stopped","8732","notepad.exe","EXCLUDED_NOTEPAD_FALSE_MATCH","C:\Windows\system32\NOTEPAD.EXE","""C:\Windows\system32\NOTEPAD.EXE"" C:\Users\seguridad\Desktop\TFM\Velociraptor\How_UP_server.txt","0","8,75","8,75","3,07","271","3","0","False","C:\Users\julio\Desktop\TFM\05_LOGS\BENCHMARKS\TFM_BENCH_BASELINE_NO_VR_20260618_174022\process_samples.csv"
"TFM_BENCH_BASELINE_NO_VR_20260618_174022","BASELINE_NO_VR","2026-06-18T17:43:16.7603376+02:00","143,53","Stopped","8860","notepad.exe","EXCLUDED_NOTEPAD_FALSE_MATCH","C:\Windows\system32\NOTEPAD.EXE","""C:\Windows\system32\NOTEPAD.EXE"" C:\Users\seguridad\Desktop\TFM\Velociraptor\How_UP_server.txt","0","2,42","2,42","2,91","269","1","0","False","C:\Users\julio\Desktop\TFM\05_LOGS\BENCHMARKS\TFM_BENCH_BASELINE_NO_VR_20260618_174022\process_samples.csv"
"TFM_BENCH_BASELINE_NO_VR_20260618_174022","BASELINE_NO_VR","2026-06-18T17:43:18.9323977+02:00","145,7","Stopped","8732","notepad.exe","EXCLUDED_NOTEPAD_FALSE_MATCH","C:\Windows\system32\NOTEPAD.EXE","""C:\Windows\system32\NOTEPAD.EXE"" C:\Users\seguridad\Desktop\TFM\Velociraptor\How_UP_server.txt","0","8,75","8,75","3,07","271","3","0","False","C:\Users\julio\Desktop\TFM\05_LOGS\BENCHMARKS\TFM_BENCH_BASELINE_NO_VR_20260618_174022\process_samples.csv"
"TFM_BENCH_BASELINE_NO_VR_20260618_174022","BASELINE_NO_VR","2026-06-18T17:43:18.9323977+02:00","145,7","Stopped","8860","notepad.exe","EXCLUDED_NOTEPAD_FALSE_MATCH","C:\Windows\system32\NOTEPAD.EXE","""C:\Windows\system32\NOTEPAD.EXE"" C:\Users\seguridad\Desktop\TFM\Velociraptor\How_UP_server.txt","0","2,42","2,42","2,91","269","1","0","False","C:\Users\julio\Desktop\TFM\05_LOGS\BENCHMARKS\TFM_BENCH_BASELINE_NO_VR_20260618_174022\process_samples.csv"
"TFM_BENCH_BASELINE_NO_VR_20260618_174022","BASELINE_NO_VR","2026-06-18T17:43:21.1041097+02:00","147,87","Stopped","8732","notepad.exe","EXCLUDED_NOTEPAD_FALSE_MATCH","C:\Windows\system32\NOTEPAD.EXE","""C:\Windows\system32\NOTEPAD.EXE"" C:\Users\seguridad\Desktop\TFM\Velociraptor\How_UP_server.txt","0","8,75","8,75","3,07","271","3","0","False","C:\Users\julio\Desktop\TFM\05_LOGS\BENCHMARKS\TFM_BENCH_BASELINE_NO_VR_20260618_174022\process_samples.csv"
"TFM_BENCH_BASELINE_NO_VR_20260618_174022","BASELINE_NO_VR","2026-06-18T17:43:21.1041097+02:00","147,87","Stopped","8860","notepad.exe","EXCLUDED_NOTEPAD_FALSE_MATCH","C:\Windows\system32\NOTEPAD.EXE","""C:\Windows\system32\NOTEPAD.EXE"" C:\Users\seguridad\Desktop\TFM\Velociraptor\How_UP_server.txt","0","2,42","2,42","2,91","269","1","0","False","C:\Users\julio\Desktop\TFM\05_LOGS\BENCHMARKS\TFM_BENCH_BASELINE_NO_VR_20260618_174022\process_samples.csv"
"TFM_BENCH_BASELINE_NO_VR_20260618_174022","BASELINE_NO_VR","2026-06-18T17:43:23.2762151+02:00","150,05","Stopped","8732","notepad.exe","EXCLUDED_NOTEPAD_FALSE_MATCH","C:\Windows\system32\NOTEPAD.EXE","""C:\Windows\system32\NOTEPAD.EXE"" C:\Users\seguridad\Desktop\TFM\Velociraptor\How_UP_server.txt","0","8,75","8,75","3,07","271","3","0","False","C:\Users\julio\Desktop\TFM\05_LOGS\BENCHMARKS\TFM_BENCH_BASELINE_NO_VR_20260618_174022\process_samples.csv"
"TFM_BENCH_BASELINE_NO_VR_20260618_174022","BASELINE_NO_VR","2026-06-18T17:43:23.2762151+02:00","150,05","Stopped","8860","notepad.exe","EXCLUDED_NOTEPAD_FALSE_MATCH","C:\Windows\system32\NOTEPAD.EXE","""C:\Windows\system32\NOTEPAD.EXE"" C:\Users\seguridad\Desktop\TFM\Velociraptor\How_UP_server.txt","0","2,42","2,42","2,91","269","1","0","False","C:\Users\julio\Desktop\TFM\05_LOGS\BENCHMARKS\TFM_BENCH_BASELINE_NO_VR_20260618_174022\process_samples.csv"
"TFM_BENCH_BASELINE_NO_VR_20260618_174022","BASELINE_NO_VR","2026-06-18T17:43:25.4493903+02:00","152,22","Stopped","8732","notepad.exe","EXCLUDED_NOTEPAD_FALSE_MATCH","C:\Windows\system32\NOTEPAD.EXE","""C:\Windows\system32\NOTEPAD.EXE"" C:\Users\seguridad\Desktop\TFM\Velociraptor\How_UP_server.txt","0","8,75","8,75","3,07","271","3","0","False","C:\Users\julio\Desktop\TFM\05_LOGS\BENCHMARKS\TFM_BENCH_BASELINE_NO_VR_20260618_174022\process_samples.csv"
"TFM_BENCH_BASELINE_NO_VR_20260618_174022","BASELINE_NO_VR","2026-06-18T17:43:25.4493903+02:00","152,22","Stopped","8860","notepad.exe","EXCLUDED_NOTEPAD_FALSE_MATCH","C:\Windows\system32\NOTEPAD.EXE","""C:\Windows\system32\NOTEPAD.EXE"" C:\Users\seguridad\Desktop\TFM\Velociraptor\How_UP_server.txt","0","2,42","2,42","2,91","269","1","0","False","C:\Users\julio\Desktop\TFM\05_LOGS\BENCHMARKS\TFM_BENCH_BASELINE_NO_VR_20260618_174022\process_samples.csv"
"TFM_BENCH_BASELINE_NO_VR_20260618_174022","BASELINE_NO_VR","2026-06-18T17:43:27.6362067+02:00","154,41","Stopped","8732","notepad.exe","EXCLUDED_NOTEPAD_FALSE_MATCH","C:\Windows\system32\NOTEPAD.EXE","""C:\Windows\system32\NOTEPAD.EXE"" C:\Users\seguridad\Desktop\TFM\Velociraptor\How_UP_server.txt","0","8,75","8,75","3,07","271","3","0","False","C:\Users\julio\Desktop\TFM\05_LOGS\BENCHMARKS\TFM_BENCH_BASELINE_NO_VR_20260618_174022\process_samples.csv"
"TFM_BENCH_BASELINE_NO_VR_20260618_174022","BASELINE_NO_VR","2026-06-18T17:43:27.6362067+02:00","154,41","Stopped","8860","notepad.exe","EXCLUDED_NOTEPAD_FALSE_MATCH","C:\Windows\system32\NOTEPAD.EXE","""C:\Windows\system32\NOTEPAD.EXE"" C:\Users\seguridad\Desktop\TFM\Velociraptor\How_UP_server.txt","0","2,42","2,42","2,91","269","1","0","False","C:\Users\julio\Desktop\TFM\05_LOGS\BENCHMARKS\TFM_BENCH_BASELINE_NO_VR_20260618_174022\process_samples.csv"
"TFM_BENCH_BASELINE_NO_VR_20260618_174022","BASELINE_NO_VR","2026-06-18T17:43:29.8227435+02:00","156,59","Stopped","8732","notepad.exe","EXCLUDED_NOTEPAD_FALSE_MATCH","C:\Windows\system32\NOTEPAD.EXE","""C:\Windows\system32\NOTEPAD.EXE"" C:\Users\seguridad\Desktop\TFM\Velociraptor\How_UP_server.txt","0","8,75","8,75","3,07","271","3","0","False","C:\Users\julio\Desktop\TFM\05_LOGS\BENCHMARKS\TFM_BENCH_BASELINE_NO_VR_20260618_174022\process_samples.csv"
"TFM_BENCH_BASELINE_NO_VR_20260618_174022","BASELINE_NO_VR","2026-06-18T17:43:29.8227435+02:00","156,59","Stopped","8860","notepad.exe","EXCLUDED_NOTEPAD_FALSE_MATCH","C:\Windows\system32\NOTEPAD.EXE","""C:\Windows\system32\NOTEPAD.EXE"" C:\Users\seguridad\Desktop\TFM\Velociraptor\How_UP_server.txt","0","2,42","2,42","2,91","269","1","0","False","C:\Users\julio\Desktop\TFM\05_LOGS\BENCHMARKS\TFM_BENCH_BASELINE_NO_VR_20260618_174022\process_samples.csv"
"TFM_BENCH_BASELINE_NO_VR_20260618_174022","BASELINE_NO_VR","2026-06-18T17:43:32.0103598+02:00","158,78","Stopped","8732","notepad.exe","EXCLUDED_NOTEPAD_FALSE_MATCH","C:\Windows\system32\NOTEPAD.EXE","""C:\Windows\system32\NOTEPAD.EXE"" C:\Users\seguridad\Desktop\TFM\Velociraptor\How_UP_server.txt","0","8,75","8,75","3,07","271","3","0","False","C:\Users\julio\Desktop\TFM\05_LOGS\BENCHMARKS\TFM_BENCH_BASELINE_NO_VR_20260618_174022\process_samples.csv"
"TFM_BENCH_BASELINE_NO_VR_20260618_174022","BASELINE_NO_VR","2026-06-18T17:43:32.0103598+02:00","158,78","Stopped","8860","notepad.exe","EXCLUDED_NOTEPAD_FALSE_MATCH","C:\Windows\system32\NOTEPAD.EXE","""C:\Windows\system32\NOTEPAD.EXE"" C:\Users\seguridad\Desktop\TFM\Velociraptor\How_UP_server.txt","0","2,42","2,42","2,91","269","1","0","False","C:\Users\julio\Desktop\TFM\05_LOGS\BENCHMARKS\TFM_BENCH_BASELINE_NO_VR_20260618_174022\process_samples.csv"
"TFM_BENCH_BASELINE_NO_VR_20260618_174022","BASELINE_NO_VR","2026-06-18T17:43:34.1671546+02:00","160,94","Stopped","8732","notepad.exe","EXCLUDED_NOTEPAD_FALSE_MATCH","C:\Windows\system32\NOTEPAD.EXE","""C:\Windows\system32\NOTEPAD.EXE"" C:\Users\seguridad\Desktop\TFM\Velociraptor\How_UP_server.txt","0","8,75","8,75","3,07","271","3","0","False","C:\Users\julio\Desktop\TFM\05_LOGS\BENCHMARKS\TFM_BENCH_BASELINE_NO_VR_20260618_174022\process_samples.csv"
"TFM_BENCH_BASELINE_NO_VR_20260618_174022","BASELINE_NO_VR","2026-06-18T17:43:34.1671546+02:00","160,94","Stopped","8860","notepad.exe","EXCLUDED_NOTEPAD_FALSE_MATCH","C:\Windows\system32\NOTEPAD.EXE","""C:\Windows\system32\NOTEPAD.EXE"" C:\Users\seguridad\Desktop\TFM\Velociraptor\How_UP_server.txt","0","2,42","2,42","2,91","269","1","0","False","C:\Users\julio\Desktop\TFM\05_LOGS\BENCHMARKS\TFM_BENCH_BASELINE_NO_VR_20260618_174022\process_samples.csv"
"TFM_BENCH_BASELINE_NO_VR_20260618_174022","BASELINE_NO_VR","2026-06-18T17:43:36.3388272+02:00","163,11","Stopped","8732","notepad.exe","EXCLUDED_NOTEPAD_FALSE_MATCH","C:\Windows\system32\NOTEPAD.EXE","""C:\Windows\system32\NOTEPAD.EXE"" C:\Users\seguridad\Desktop\TFM\Velociraptor\How_UP_server.txt","0","8,75","8,75","3,07","271","3","0","False","C:\Users\julio\Desktop\TFM\05_LOGS\BENCHMARKS\TFM_BENCH_BASELINE_NO_VR_20260618_174022\process_samples.csv"
"TFM_BENCH_BASELINE_NO_VR_20260618_174022","BASELINE_NO_VR","2026-06-18T17:43:36.3388272+02:00","163,11","Stopped","8860","notepad.exe","EXCLUDED_NOTEPAD_FALSE_MATCH","C:\Windows\system32\NOTEPAD.EXE","""C:\Windows\system32\NOTEPAD.EXE"" C:\Users\seguridad\Desktop\TFM\Velociraptor\How_UP_server.txt","0","2,42","2,42","2,91","269","1","0","False","C:\Users\julio\Desktop\TFM\05_LOGS\BENCHMARKS\TFM_BENCH_BASELINE_NO_VR_20260618_174022\process_samples.csv"
"TFM_BENCH_BASELINE_NO_VR_20260618_174022","BASELINE_NO_VR","2026-06-18T17:43:38.5579268+02:00","165,33","Stopped","8732","notepad.exe","EXCLUDED_NOTEPAD_FALSE_MATCH","C:\Windows\system32\NOTEPAD.EXE","""C:\Windows\system32\NOTEPAD.EXE"" C:\Users\seguridad\Desktop\TFM\Velociraptor\How_UP_server.txt","0","8,73","8,73","2,9","271","1","0","False","C:\Users\julio\Desktop\TFM\05_LOGS\BENCHMARKS\TFM_BENCH_BASELINE_NO_VR_20260618_174022\process_samples.csv"
"TFM_BENCH_BASELINE_NO_VR_20260618_174022","BASELINE_NO_VR","2026-06-18T17:43:38.5579268+02:00","165,33","Stopped","8860","notepad.exe","EXCLUDED_NOTEPAD_FALSE_MATCH","C:\Windows\system32\NOTEPAD.EXE","""C:\Windows\system32\NOTEPAD.EXE"" C:\Users\seguridad\Desktop\TFM\Velociraptor\How_UP_server.txt","0","2,42","2,42","2,91","269","1","0","False","C:\Users\julio\Desktop\TFM\05_LOGS\BENCHMARKS\TFM_BENCH_BASELINE_NO_VR_20260618_174022\process_samples.csv"
"TFM_BENCH_BASELINE_NO_VR_20260618_174022","BASELINE_NO_VR","2026-06-18T17:43:40.7455351+02:00","167,52","Stopped","8732","notepad.exe","EXCLUDED_NOTEPAD_FALSE_MATCH","C:\Windows\system32\NOTEPAD.EXE","""C:\Windows\system32\NOTEPAD.EXE"" C:\Users\seguridad\Desktop\TFM\Velociraptor\How_UP_server.txt","0","8,73","8,73","2,9","271","1","0","False","C:\Users\julio\Desktop\TFM\05_LOGS\BENCHMARKS\TFM_BENCH_BASELINE_NO_VR_20260618_174022\process_samples.csv"
"TFM_BENCH_BASELINE_NO_VR_20260618_174022","BASELINE_NO_VR","2026-06-18T17:43:40.7455351+02:00","167,52","Stopped","8860","notepad.exe","EXCLUDED_NOTEPAD_FALSE_MATCH","C:\Windows\system32\NOTEPAD.EXE","""C:\Windows\system32\NOTEPAD.EXE"" C:\Users\seguridad\Desktop\TFM\Velociraptor\How_UP_server.txt","0","2,42","2,42","2,91","269","1","0","False","C:\Users\julio\Desktop\TFM\05_LOGS\BENCHMARKS\TFM_BENCH_BASELINE_NO_VR_20260618_174022\process_samples.csv"
"TFM_BENCH_BASELINE_NO_VR_20260618_174022","BASELINE_NO_VR","2026-06-18T17:43:42.9947021+02:00","169,77","Stopped","8732","notepad.exe","EXCLUDED_NOTEPAD_FALSE_MATCH","C:\Windows\system32\NOTEPAD.EXE","""C:\Windows\system32\NOTEPAD.EXE"" C:\Users\seguridad\Desktop\TFM\Velociraptor\How_UP_server.txt","0","8,73","8,73","2,9","271","1","0","False","C:\Users\julio\Desktop\TFM\05_LOGS\BENCHMARKS\TFM_BENCH_BASELINE_NO_VR_20260618_174022\process_samples.csv"
"TFM_BENCH_BASELINE_NO_VR_20260618_174022","BASELINE_NO_VR","2026-06-18T17:43:42.9947021+02:00","169,77","Stopped","8860","notepad.exe","EXCLUDED_NOTEPAD_FALSE_MATCH","C:\Windows\system32\NOTEPAD.EXE","""C:\Windows\system32\NOTEPAD.EXE"" C:\Users\seguridad\Desktop\TFM\Velociraptor\How_UP_server.txt","0","2,42","2,42","2,91","269","1","0","False","C:\Users\julio\Desktop\TFM\05_LOGS\BENCHMARKS\TFM_BENCH_BASELINE_NO_VR_20260618_174022\process_samples.csv"
"TFM_BENCH_BASELINE_NO_VR_20260618_174022","BASELINE_NO_VR","2026-06-18T17:43:45.2140904+02:00","171,98","Stopped","8732","notepad.exe","EXCLUDED_NOTEPAD_FALSE_MATCH","C:\Windows\system32\NOTEPAD.EXE","""C:\Windows\system32\NOTEPAD.EXE"" C:\Users\seguridad\Desktop\TFM\Velociraptor\How_UP_server.txt","0","8,73","8,73","2,9","271","1","0","False","C:\Users\julio\Desktop\TFM\05_LOGS\BENCHMARKS\TFM_BENCH_BASELINE_NO_VR_20260618_174022\process_samples.csv"
"TFM_BENCH_BASELINE_NO_VR_20260618_174022","BASELINE_NO_VR","2026-06-18T17:43:45.2140904+02:00","171,98","Stopped","8860","notepad.exe","EXCLUDED_NOTEPAD_FALSE_MATCH","C:\Windows\system32\NOTEPAD.EXE","""C:\Windows\system32\NOTEPAD.EXE"" C:\Users\seguridad\Desktop\TFM\Velociraptor\How_UP_server.txt","0","2,42","2,42","2,91","269","1","0","False","C:\Users\julio\Desktop\TFM\05_LOGS\BENCHMARKS\TFM_BENCH_BASELINE_NO_VR_20260618_174022\process_samples.csv"
"TFM_BENCH_BASELINE_NO_VR_20260618_174022","BASELINE_NO_VR","2026-06-18T17:43:47.3857368+02:00","174,16","Stopped","8732","notepad.exe","EXCLUDED_NOTEPAD_FALSE_MATCH","C:\Windows\system32\NOTEPAD.EXE","""C:\Windows\system32\NOTEPAD.EXE"" C:\Users\seguridad\Desktop\TFM\Velociraptor\How_UP_server.txt","0","8,73","8,73","2,9","271","1","0","False","C:\Users\julio\Desktop\TFM\05_LOGS\BENCHMARKS\TFM_BENCH_BASELINE_NO_VR_20260618_174022\process_samples.csv"
"TFM_BENCH_BASELINE_NO_VR_20260618_174022","BASELINE_NO_VR","2026-06-18T17:43:47.3857368+02:00","174,16","Stopped","8860","notepad.exe","EXCLUDED_NOTEPAD_FALSE_MATCH","C:\Windows\system32\NOTEPAD.EXE","""C:\Windows\system32\NOTEPAD.EXE"" C:\Users\seguridad\Desktop\TFM\Velociraptor\How_UP_server.txt","0","2,42","2,42","2,91","269","1","0","False","C:\Users\julio\Desktop\TFM\05_LOGS\BENCHMARKS\TFM_BENCH_BASELINE_NO_VR_20260618_174022\process_samples.csv"
"TFM_BENCH_BASELINE_NO_VR_20260618_174022","BASELINE_NO_VR","2026-06-18T17:43:49.6047001+02:00","176,38","Stopped","8732","notepad.exe","EXCLUDED_NOTEPAD_FALSE_MATCH","C:\Windows\system32\NOTEPAD.EXE","""C:\Windows\system32\NOTEPAD.EXE"" C:\Users\seguridad\Desktop\TFM\Velociraptor\How_UP_server.txt","0","8,73","8,73","2,9","271","1","0","False","C:\Users\julio\Desktop\TFM\05_LOGS\BENCHMARKS\TFM_BENCH_BASELINE_NO_VR_20260618_174022\process_samples.csv"
"TFM_BENCH_BASELINE_NO_VR_20260618_174022","BASELINE_NO_VR","2026-06-18T17:43:49.6047001+02:00","176,38","Stopped","8860","notepad.exe","EXCLUDED_NOTEPAD_FALSE_MATCH","C:\Windows\system32\NOTEPAD.EXE","""C:\Windows\system32\NOTEPAD.EXE"" C:\Users\seguridad\Desktop\TFM\Velociraptor\How_UP_server.txt","0","2,42","2,42","2,91","269","1","0","False","C:\Users\julio\Desktop\TFM\05_LOGS\BENCHMARKS\TFM_BENCH_BASELINE_NO_VR_20260618_174022\process_samples.csv"
"TFM_BENCH_BASELINE_NO_VR_20260618_174022","BASELINE_NO_VR","2026-06-18T17:43:51.7452363+02:00","178,52","Stopped","8732","notepad.exe","EXCLUDED_NOTEPAD_FALSE_MATCH","C:\Windows\system32\NOTEPAD.EXE","""C:\Windows\system32\NOTEPAD.EXE"" C:\Users\seguridad\Desktop\TFM\Velociraptor\How_UP_server.txt","0","8,73","8,73","2,9","271","1","0","False","C:\Users\julio\Desktop\TFM\05_LOGS\BENCHMARKS\TFM_BENCH_BASELINE_NO_VR_20260618_174022\process_samples.csv"
"TFM_BENCH_BASELINE_NO_VR_20260618_174022","BASELINE_NO_VR","2026-06-18T17:43:51.7452363+02:00","178,52","Stopped","8860","notepad.exe","EXCLUDED_NOTEPAD_FALSE_MATCH","C:\Windows\system32\NOTEPAD.EXE","""C:\Windows\system32\NOTEPAD.EXE"" C:\Users\seguridad\Desktop\TFM\Velociraptor\How_UP_server.txt","0","2,42","2,42","2,91","269","1","0","False","C:\Users\julio\Desktop\TFM\05_LOGS\BENCHMARKS\TFM_BENCH_BASELINE_NO_VR_20260618_174022\process_samples.csv"
"TFM_BENCH_VR_IDLE_20260618_180611","VR_IDLE","2026-06-18T18:07:11.2717066+02:00","0","Stopped","8732","notepad.exe","EXCLUDED_NOTEPAD_FALSE_MATCH","C:\Windows\system32\NOTEPAD.EXE","""C:\Windows\system32\NOTEPAD.EXE"" C:\Users\seguridad\Desktop\TFM\Velociraptor\How_UP_server.txt","0","9,17","9,17","2,91","271","1","0","False","C:\Users\julio\Desktop\TFM\05_LOGS\BENCHMARKS\TFM_BENCH_VR_IDLE_20260618_180611\process_samples.csv"
"TFM_BENCH_VR_IDLE_20260618_180611","VR_IDLE","2026-06-18T18:07:11.2717066+02:00","0","Stopped","8860","notepad.exe","EXCLUDED_NOTEPAD_FALSE_MATCH","C:\Windows\system32\NOTEPAD.EXE","""C:\Windows\system32\NOTEPAD.EXE"" C:\Users\seguridad\Desktop\TFM\Velociraptor\How_UP_server.txt","0","7,51","7,51","3,01","271","2","0","False","C:\Users\julio\Desktop\TFM\05_LOGS\BENCHMARKS\TFM_BENCH_VR_IDLE_20260618_180611\process_samples.csv"
"TFM_BENCH_VR_IDLE_20260618_180611","VR_IDLE","2026-06-18T18:07:11.2717066+02:00","0","Stopped","13880","velociraptor-v0.75.6-windows-amd64.exe","SERVER_GUI_OR_LAB_BINARY","","","0","122,81","122,81","97,59","308","16","0","False","C:\Users\julio\Desktop\TFM\05_LOGS\BENCHMARKS\TFM_BENCH_VR_IDLE_20260618_180611\process_samples.csv"
"TFM_BENCH_VR_IDLE_20260618_180611","VR_IDLE","2026-06-18T18:07:13.4717612+02:00","2,2","Stopped","8732","notepad.exe","EXCLUDED_NOTEPAD_FALSE_MATCH","C:\Windows\system32\NOTEPAD.EXE","""C:\Windows\system32\NOTEPAD.EXE"" C:\Users\seguridad\Desktop\TFM\Velociraptor\How_UP_server.txt","0","9,17","9,17","2,91","271","1","0","False","C:\Users\julio\Desktop\TFM\05_LOGS\BENCHMARKS\TFM_BENCH_VR_IDLE_20260618_180611\process_samples.csv"
"TFM_BENCH_VR_IDLE_20260618_180611","VR_IDLE","2026-06-18T18:07:13.4717612+02:00","2,2","Stopped","8860","notepad.exe","EXCLUDED_NOTEPAD_FALSE_MATCH","C:\Windows\system32\NOTEPAD.EXE","""C:\Windows\system32\NOTEPAD.EXE"" C:\Users\seguridad\Desktop\TFM\Velociraptor\How_UP_server.txt","0","7,51","7,51","3,01","271","2","0","False","C:\Users\julio\Desktop\TFM\05_LOGS\BENCHMARKS\TFM_BENCH_VR_IDLE_20260618_180611\process_samples.csv"
"TFM_BENCH_VR_IDLE_20260618_180611","VR_IDLE","2026-06-18T18:07:13.4717612+02:00","2,2","Stopped","13880","velociraptor-v0.75.6-windows-amd64.exe","SERVER_GUI_OR_LAB_BINARY","","","0","119,09","119,09","93,64","308","16","0","False","C:\Users\julio\Desktop\TFM\05_LOGS\BENCHMARKS\TFM_BENCH_VR_IDLE_20260618_180611\process_samples.csv"
"TFM_BENCH_VR_IDLE_20260618_180611","VR_IDLE","2026-06-18T18:07:15.6430091+02:00","4,37","Stopped","8732","notepad.exe","EXCLUDED_NOTEPAD_FALSE_MATCH","C:\Windows\system32\NOTEPAD.EXE","""C:\Windows\system32\NOTEPAD.EXE"" C:\Users\seguridad\Desktop\TFM\Velociraptor\How_UP_server.txt","0","9,17","9,17","2,91","271","1","0","False","C:\Users\julio\Desktop\TFM\05_LOGS\BENCHMARKS\TFM_BENCH_VR_IDLE_20260618_180611\process_samples.csv"
"TFM_BENCH_VR_IDLE_20260618_180611","VR_IDLE","2026-06-18T18:07:15.6430091+02:00","4,37","Stopped","8860","notepad.exe","EXCLUDED_NOTEPAD_FALSE_MATCH","C:\Windows\system32\NOTEPAD.EXE","""C:\Windows\system32\NOTEPAD.EXE"" C:\Users\seguridad\Desktop\TFM\Velociraptor\How_UP_server.txt","0","7,51","7,51","3,01","271","2","0","False","C:\Users\julio\Desktop\TFM\05_LOGS\BENCHMARKS\TFM_BENCH_VR_IDLE_20260618_180611\process_samples.csv"
"TFM_BENCH_VR_IDLE_20260618_180611","VR_IDLE","2026-06-18T18:07:15.6430091+02:00","4,37","Stopped","13880","velociraptor-v0.75.6-windows-amd64.exe","SERVER_GUI_OR_LAB_BINARY","","","0,36","119,09","119,09","93,66","308","16","0","False","C:\Users\julio\Desktop\TFM\05_LOGS\BENCHMARKS\TFM_BENCH_VR_IDLE_20260618_180611\process_samples.csv"
"TFM_BENCH_VR_IDLE_20260618_180611","VR_IDLE","2026-06-18T18:07:17.8311262+02:00","6,56","Stopped","8732","notepad.exe","EXCLUDED_NOTEPAD_FALSE_MATCH","C:\Windows\system32\NOTEPAD.EXE","""C:\Windows\system32\NOTEPAD.EXE"" C:\Users\seguridad\Desktop\TFM\Velociraptor\How_UP_server.txt","0","9,17","9,17","2,91","271","1","0","False","C:\Users\julio\Desktop\TFM\05_LOGS\BENCHMARKS\TFM_BENCH_VR_IDLE_20260618_180611\process_samples.csv"
"TFM_BENCH_VR_IDLE_20260618_180611","VR_IDLE","2026-06-18T18:07:17.8311262+02:00","6,56","Stopped","8860","notepad.exe","EXCLUDED_NOTEPAD_FALSE_MATCH","C:\Windows\system32\NOTEPAD.EXE","""C:\Windows\system32\NOTEPAD.EXE"" C:\Users\seguridad\Desktop\TFM\Velociraptor\How_UP_server.txt","0","7,51","7,51","3,01","271","2","0","False","C:\Users\julio\Desktop\TFM\05_LOGS\BENCHMARKS\TFM_BENCH_VR_IDLE_20260618_180611\process_samples.csv"
"TFM_BENCH_VR_IDLE_20260618_180611","VR_IDLE","2026-06-18T18:07:17.8311262+02:00","6,56","Stopped","13880","velociraptor-v0.75.6-windows-amd64.exe","SERVER_GUI_OR_LAB_BINARY","","","0,36","122,07","122,07","96,82","308","16","0","False","C:\Users\julio\Desktop\TFM\05_LOGS\BENCHMARKS\TFM_BENCH_VR_IDLE_20260618_180611\process_samples.csv"
"TFM_BENCH_VR_IDLE_20260618_180611","VR_IDLE","2026-06-18T18:07:20.0215507+02:00","8,75","Stopped","8732","notepad.exe","EXCLUDED_NOTEPAD_FALSE_MATCH","C:\Windows\system32\NOTEPAD.EXE","""C:\Windows\system32\NOTEPAD.EXE"" C:\Users\seguridad\Desktop\TFM\Velociraptor\How_UP_server.txt","0","9,17","9,17","2,91","271","1","0","False","C:\Users\julio\Desktop\TFM\05_LOGS\BENCHMARKS\TFM_BENCH_VR_IDLE_20260618_180611\process_samples.csv"
"TFM_BENCH_VR_IDLE_20260618_180611","VR_IDLE","2026-06-18T18:07:20.0215507+02:00","8,75","Stopped","8860","notepad.exe","EXCLUDED_NOTEPAD_FALSE_MATCH","C:\Windows\system32\NOTEPAD.EXE","""C:\Windows\system32\NOTEPAD.EXE"" C:\Users\seguridad\Desktop\TFM\Velociraptor\How_UP_server.txt","0","7,51","7,51","3,01","271","2","0","False","C:\Users\julio\Desktop\TFM\05_LOGS\BENCHMARKS\TFM_BENCH_VR_IDLE_20260618_180611\process_samples.csv"
"TFM_BENCH_VR_IDLE_20260618_180611","VR_IDLE","2026-06-18T18:07:20.0215507+02:00","8,75","Stopped","13880","velociraptor-v0.75.6-windows-amd64.exe","SERVER_GUI_OR_LAB_BINARY","","","7,67","144,61","144,61","121,85","308","16","0","False","C:\Users\julio\Desktop\TFM\05_LOGS\BENCHMARKS\TFM_BENCH_VR_IDLE_20260618_180611\process_samples.csv"
"TFM_BENCH_VR_IDLE_20260618_180611","VR_IDLE","2026-06-18T18:07:22.2253525+02:00","10,95","Stopped","8732","notepad.exe","EXCLUDED_NOTEPAD_FALSE_MATCH","C:\Windows\system32\NOTEPAD.EXE","""C:\Windows\system32\NOTEPAD.EXE"" C:\Users\seguridad\Desktop\TFM\Velociraptor\How_UP_server.txt","0","9,17","9,17","2,91","271","1","0","False","C:\Users\julio\Desktop\TFM\05_LOGS\BENCHMARKS\TFM_BENCH_VR_IDLE_20260618_180611\process_samples.csv"
"TFM_BENCH_VR_IDLE_20260618_180611","VR_IDLE","2026-06-18T18:07:22.2253525+02:00","10,95","Stopped","8860","notepad.exe","EXCLUDED_NOTEPAD_FALSE_MATCH","C:\Windows\system32\NOTEPAD.EXE","""C:\Windows\system32\NOTEPAD.EXE"" C:\Users\seguridad\Desktop\TFM\Velociraptor\How_UP_server.txt","0","7,51","7,51","3,01","271","2","0","False","C:\Users\julio\Desktop\TFM\05_LOGS\BENCHMARKS\TFM_BENCH_VR_IDLE_20260618_180611\process_samples.csv"
"TFM_BENCH_VR_IDLE_20260618_180611","VR_IDLE","2026-06-18T18:07:22.2253525+02:00","10,95","Stopped","13880","velociraptor-v0.75.6-windows-amd64.exe","SERVER_GUI_OR_LAB_BINARY","","","0,18","118,43","118,43","95,03","308","16","0","False","C:\Users\julio\Desktop\TFM\05_LOGS\BENCHMARKS\TFM_BENCH_VR_IDLE_20260618_180611\process_samples.csv"
"TFM_BENCH_VR_IDLE_20260618_180611","VR_IDLE","2026-06-18T18:07:24.4291307+02:00","13,16","Stopped","8732","notepad.exe","EXCLUDED_NOTEPAD_FALSE_MATCH","C:\Windows\system32\NOTEPAD.EXE","""C:\Windows\system32\NOTEPAD.EXE"" C:\Users\seguridad\Desktop\TFM\Velociraptor\How_UP_server.txt","0","9,17","9,17","2,91","271","1","0","False","C:\Users\julio\Desktop\TFM\05_LOGS\BENCHMARKS\TFM_BENCH_VR_IDLE_20260618_180611\process_samples.csv"
"TFM_BENCH_VR_IDLE_20260618_180611","VR_IDLE","2026-06-18T18:07:24.4291307+02:00","13,16","Stopped","8860","notepad.exe","EXCLUDED_NOTEPAD_FALSE_MATCH","C:\Windows\system32\NOTEPAD.EXE","""C:\Windows\system32\NOTEPAD.EXE"" C:\Users\seguridad\Desktop\TFM\Velociraptor\How_UP_server.txt","0","7,51","7,51","3,01","271","2","0","False","C:\Users\julio\Desktop\TFM\05_LOGS\BENCHMARKS\TFM_BENCH_VR_IDLE_20260618_180611\process_samples.csv"
"TFM_BENCH_VR_IDLE_20260618_180611","VR_IDLE","2026-06-18T18:07:24.4291307+02:00","13,16","Stopped","13880","velociraptor-v0.75.6-windows-amd64.exe","SERVER_GUI_OR_LAB_BINARY","","","0","118,43","118,43","95,03","308","16","0","False","C:\Users\julio\Desktop\TFM\05_LOGS\BENCHMARKS\TFM_BENCH_VR_IDLE_20260618_180611\process_samples.csv"
"TFM_BENCH_VR_IDLE_20260618_180611","VR_IDLE","2026-06-18T18:07:26.6443000+02:00","15,37","Stopped","8732","notepad.exe","EXCLUDED_NOTEPAD_FALSE_MATCH","C:\Windows\system32\NOTEPAD.EXE","""C:\Windows\system32\NOTEPAD.EXE"" C:\Users\seguridad\Desktop\TFM\Velociraptor\How_UP_server.txt","0","9,17","9,17","2,91","271","1","0","False","C:\Users\julio\Desktop\TFM\05_LOGS\BENCHMARKS\TFM_BENCH_VR_IDLE_20260618_180611\process_samples.csv"
"TFM_BENCH_VR_IDLE_20260618_180611","VR_IDLE","2026-06-18T18:07:26.6443000+02:00","15,37","Stopped","8860","notepad.exe","EXCLUDED_NOTEPAD_FALSE_MATCH","C:\Windows\system32\NOTEPAD.EXE","""C:\Windows\system32\NOTEPAD.EXE"" C:\Users\seguridad\Desktop\TFM\Velociraptor\How_UP_server.txt","0","7,51","7,51","3,01","271","2","0","False","C:\Users\julio\Desktop\TFM\05_LOGS\BENCHMARKS\TFM_BENCH_VR_IDLE_20260618_180611\process_samples.csv"
"TFM_BENCH_VR_IDLE_20260618_180611","VR_IDLE","2026-06-18T18:07:26.6443000+02:00","15,37","Stopped","13880","velociraptor-v0.75.6-windows-amd64.exe","SERVER_GUI_OR_LAB_BINARY","","","0,18","118,43","118,43","95,03","308","16","0","False","C:\Users\julio\Desktop\TFM\05_LOGS\BENCHMARKS\TFM_BENCH_VR_IDLE_20260618_180611\process_samples.csv"
"TFM_BENCH_VR_IDLE_20260618_180611","VR_IDLE","2026-06-18T18:07:28.8367290+02:00","17,57","Stopped","8732","notepad.exe","EXCLUDED_NOTEPAD_FALSE_MATCH","C:\Windows\system32\NOTEPAD.EXE","""C:\Windows\system32\NOTEPAD.EXE"" C:\Users\seguridad\Desktop\TFM\Velociraptor\How_UP_server.txt","0","9,17","9,17","2,91","271","1","0","False","C:\Users\julio\Desktop\TFM\05_LOGS\BENCHMARKS\TFM_BENCH_VR_IDLE_20260618_180611\process_samples.csv"
"TFM_BENCH_VR_IDLE_20260618_180611","VR_IDLE","2026-06-18T18:07:28.8367290+02:00","17,57","Stopped","8860","notepad.exe","EXCLUDED_NOTEPAD_FALSE_MATCH","C:\Windows\system32\NOTEPAD.EXE","""C:\Windows\system32\NOTEPAD.EXE"" C:\Users\seguridad\Desktop\TFM\Velociraptor\How_UP_server.txt","0","7,51","7,51","3,01","271","2","0","False","C:\Users\julio\Desktop\TFM\05_LOGS\BENCHMARKS\TFM_BENCH_VR_IDLE_20260618_180611\process_samples.csv"
"TFM_BENCH_VR_IDLE_20260618_180611","VR_IDLE","2026-06-18T18:07:28.8367290+02:00","17,57","Stopped","13880","velociraptor-v0.75.6-windows-amd64.exe","SERVER_GUI_OR_LAB_BINARY","","","0","118,51","118,51","95,14","308","16","0","False","C:\Users\julio\Desktop\TFM\05_LOGS\BENCHMARKS\TFM_BENCH_VR_IDLE_20260618_180611\process_samples.csv"
"TFM_BENCH_VR_IDLE_20260618_180611","VR_IDLE","2026-06-18T18:07:31.0198207+02:00","19,75","Stopped","8732","notepad.exe","EXCLUDED_NOTEPAD_FALSE_MATCH","C:\Windows\system32\NOTEPAD.EXE","""C:\Windows\system32\NOTEPAD.EXE"" C:\Users\seguridad\Desktop\TFM\Velociraptor\How_UP_server.txt","0","9,17","9,17","2,91","271","1","0","False","C:\Users\julio\Desktop\TFM\05_LOGS\BENCHMARKS\TFM_BENCH_VR_IDLE_20260618_180611\process_samples.csv"
"TFM_BENCH_VR_IDLE_20260618_180611","VR_IDLE","2026-06-18T18:07:31.0198207+02:00","19,75","Stopped","8860","notepad.exe","EXCLUDED_NOTEPAD_FALSE_MATCH","C:\Windows\system32\NOTEPAD.EXE","""C:\Windows\system32\NOTEPAD.EXE"" C:\Users\seguridad\Desktop\TFM\Velociraptor\How_UP_server.txt","0","7,51","7,51","2,92","269","1","0","False","C:\Users\julio\Desktop\TFM\05_LOGS\BENCHMARKS\TFM_BENCH_VR_IDLE_20260618_180611\process_samples.csv"
"TFM_BENCH_VR_IDLE_20260618_180611","VR_IDLE","2026-06-18T18:07:31.0198207+02:00","19,75","Stopped","13880","velociraptor-v0.75.6-windows-amd64.exe","SERVER_GUI_OR_LAB_BINARY","","","0,18","118,54","118,54","95,18","308","16","0","False","C:\Users\julio\Desktop\TFM\05_LOGS\BENCHMARKS\TFM_BENCH_VR_IDLE_20260618_180611\process_samples.csv"
"TFM_BENCH_VR_IDLE_20260618_180611","VR_IDLE","2026-06-18T18:07:33.2435840+02:00","21,97","Stopped","8732","notepad.exe","EXCLUDED_NOTEPAD_FALSE_MATCH","C:\Windows\system32\NOTEPAD.EXE","""C:\Windows\system32\NOTEPAD.EXE"" C:\Users\seguridad\Desktop\TFM\Velociraptor\How_UP_server.txt","0","9,17","9,17","2,91","271","1","0","False","C:\Users\julio\Desktop\TFM\05_LOGS\BENCHMARKS\TFM_BENCH_VR_IDLE_20260618_180611\process_samples.csv"
"TFM_BENCH_VR_IDLE_20260618_180611","VR_IDLE","2026-06-18T18:07:33.2435840+02:00","21,97","Stopped","8860","notepad.exe","EXCLUDED_NOTEPAD_FALSE_MATCH","C:\Windows\system32\NOTEPAD.EXE","""C:\Windows\system32\NOTEPAD.EXE"" C:\Users\seguridad\Desktop\TFM\Velociraptor\How_UP_server.txt","0","7,51","7,51","2,92","269","1","0","False","C:\Users\julio\Desktop\TFM\05_LOGS\BENCHMARKS\TFM_BENCH_VR_IDLE_20260618_180611\process_samples.csv"
"TFM_BENCH_VR_IDLE_20260618_180611","VR_IDLE","2026-06-18T18:07:33.2435840+02:00","21,97","Stopped","13880","velociraptor-v0.75.6-windows-amd64.exe","SERVER_GUI_OR_LAB_BINARY","","","0,35","118,35","118,35","93,95","308","16","0","False","C:\Users\julio\Desktop\TFM\05_LOGS\BENCHMARKS\TFM_BENCH_VR_IDLE_20260618_180611\process_samples.csv"
"TFM_BENCH_VR_IDLE_20260618_180611","VR_IDLE","2026-06-18T18:07:35.4370017+02:00","24,17","Stopped","8732","notepad.exe","EXCLUDED_NOTEPAD_FALSE_MATCH","C:\Windows\system32\NOTEPAD.EXE","""C:\Windows\system32\NOTEPAD.EXE"" C:\Users\seguridad\Desktop\TFM\Velociraptor\How_UP_server.txt","0","9,17","9,17","2,91","271","1","0","False","C:\Users\julio\Desktop\TFM\05_LOGS\BENCHMARKS\TFM_BENCH_VR_IDLE_20260618_180611\process_samples.csv"
"TFM_BENCH_VR_IDLE_20260618_180611","VR_IDLE","2026-06-18T18:07:35.4370017+02:00","24,17","Stopped","8860","notepad.exe","EXCLUDED_NOTEPAD_FALSE_MATCH","C:\Windows\system32\NOTEPAD.EXE","""C:\Windows\system32\NOTEPAD.EXE"" C:\Users\seguridad\Desktop\TFM\Velociraptor\How_UP_server.txt","0","7,51","7,51","2,92","269","1","0","False","C:\Users\julio\Desktop\TFM\05_LOGS\BENCHMARKS\TFM_BENCH_VR_IDLE_20260618_180611\process_samples.csv"
"TFM_BENCH_VR_IDLE_20260618_180611","VR_IDLE","2026-06-18T18:07:35.4370017+02:00","24,17","Stopped","13880","velociraptor-v0.75.6-windows-amd64.exe","SERVER_GUI_OR_LAB_BINARY","","","12,29","149,09","149,09","124,54","308","16","0","False","C:\Users\julio\Desktop\TFM\05_LOGS\BENCHMARKS\TFM_BENCH_VR_IDLE_20260618_180611\process_samples.csv"
"TFM_BENCH_VR_IDLE_20260618_180611","VR_IDLE","2026-06-18T18:07:37.6222516+02:00","26,35","Stopped","8732","notepad.exe","EXCLUDED_NOTEPAD_FALSE_MATCH","C:\Windows\system32\NOTEPAD.EXE","""C:\Windows\system32\NOTEPAD.EXE"" C:\Users\seguridad\Desktop\TFM\Velociraptor\How_UP_server.txt","0","9,17","9,17","2,91","271","1","0","False","C:\Users\julio\Desktop\TFM\05_LOGS\BENCHMARKS\TFM_BENCH_VR_IDLE_20260618_180611\process_samples.csv"
"TFM_BENCH_VR_IDLE_20260618_180611","VR_IDLE","2026-06-18T18:07:37.6222516+02:00","26,35","Stopped","8860","notepad.exe","EXCLUDED_NOTEPAD_FALSE_MATCH","C:\Windows\system32\NOTEPAD.EXE","""C:\Windows\system32\NOTEPAD.EXE"" C:\Users\seguridad\Desktop\TFM\Velociraptor\How_UP_server.txt","0","7,51","7,51","2,92","269","1","0","False","C:\Users\julio\Desktop\TFM\05_LOGS\BENCHMARKS\TFM_BENCH_VR_IDLE_20260618_180611\process_samples.csv"
"TFM_BENCH_VR_IDLE_20260618_180611","VR_IDLE","2026-06-18T18:07:37.6222516+02:00","26,35","Stopped","13880","velociraptor-v0.75.6-windows-amd64.exe","SERVER_GUI_OR_LAB_BINARY","","","0,36","149,09","149,09","124,54","308","16","0","False","C:\Users\julio\Desktop\TFM\05_LOGS\BENCHMARKS\TFM_BENCH_VR_IDLE_20260618_180611\process_samples.csv"
"TFM_BENCH_VR_IDLE_20260618_180611","VR_IDLE","2026-06-18T18:07:39.8188977+02:00","28,55","Stopped","8732","notepad.exe","EXCLUDED_NOTEPAD_FALSE_MATCH","C:\Windows\system32\NOTEPAD.EXE","""C:\Windows\system32\NOTEPAD.EXE"" C:\Users\seguridad\Desktop\TFM\Velociraptor\How_UP_server.txt","0","9,17","9,17","2,91","271","1","0","False","C:\Users\julio\Desktop\TFM\05_LOGS\BENCHMARKS\TFM_BENCH_VR_IDLE_20260618_180611\process_samples.csv"
"TFM_BENCH_VR_IDLE_20260618_180611","VR_IDLE","2026-06-18T18:07:39.8188977+02:00","28,55","Stopped","8860","notepad.exe","EXCLUDED_NOTEPAD_FALSE_MATCH","C:\Windows\system32\NOTEPAD.EXE","""C:\Windows\system32\NOTEPAD.EXE"" C:\Users\seguridad\Desktop\TFM\Velociraptor\How_UP_server.txt","0","7,51","7,51","2,92","269","1","0","False","C:\Users\julio\Desktop\TFM\05_LOGS\BENCHMARKS\TFM_BENCH_VR_IDLE_20260618_180611\process_samples.csv"
"TFM_BENCH_VR_IDLE_20260618_180611","VR_IDLE","2026-06-18T18:07:39.8188977+02:00","28,55","Stopped","13880","velociraptor-v0.75.6-windows-amd64.exe","SERVER_GUI_OR_LAB_BINARY","","","0","149,09","149,09","124,54","308","16","0","False","C:\Users\julio\Desktop\TFM\05_LOGS\BENCHMARKS\TFM_BENCH_VR_IDLE_20260618_180611\process_samples.csv"
"TFM_BENCH_VR_IDLE_20260618_180611","VR_IDLE","2026-06-18T18:07:42.0094029+02:00","30,74","Stopped","8732","notepad.exe","EXCLUDED_NOTEPAD_FALSE_MATCH","C:\Windows\system32\NOTEPAD.EXE","""C:\Windows\system32\NOTEPAD.EXE"" C:\Users\seguridad\Desktop\TFM\Velociraptor\How_UP_server.txt","0","9,17","9,17","2,91","271","1","0","False","C:\Users\julio\Desktop\TFM\05_LOGS\BENCHMARKS\TFM_BENCH_VR_IDLE_20260618_180611\process_samples.csv"
"TFM_BENCH_VR_IDLE_20260618_180611","VR_IDLE","2026-06-18T18:07:42.0094029+02:00","30,74","Stopped","8860","notepad.exe","EXCLUDED_NOTEPAD_FALSE_MATCH","C:\Windows\system32\NOTEPAD.EXE","""C:\Windows\system32\NOTEPAD.EXE"" C:\Users\seguridad\Desktop\TFM\Velociraptor\How_UP_server.txt","0","7,51","7,51","2,92","269","1","0","False","C:\Users\julio\Desktop\TFM\05_LOGS\BENCHMARKS\TFM_BENCH_VR_IDLE_20260618_180611\process_samples.csv"
"TFM_BENCH_VR_IDLE_20260618_180611","VR_IDLE","2026-06-18T18:07:42.0094029+02:00","30,74","Stopped","13880","velociraptor-v0.75.6-windows-amd64.exe","SERVER_GUI_OR_LAB_BINARY","","","0","119,48","119,48","94,93","308","16","0","False","C:\Users\julio\Desktop\TFM\05_LOGS\BENCHMARKS\TFM_BENCH_VR_IDLE_20260618_180611\process_samples.csv"
"TFM_BENCH_VR_IDLE_20260618_180611","VR_IDLE","2026-06-18T18:07:44.1916130+02:00","32,92","Stopped","8732","notepad.exe","EXCLUDED_NOTEPAD_FALSE_MATCH","C:\Windows\system32\NOTEPAD.EXE","""C:\Windows\system32\NOTEPAD.EXE"" C:\Users\seguridad\Desktop\TFM\Velociraptor\How_UP_server.txt","0","9,17","9,17","2,91","271","1","0","False","C:\Users\julio\Desktop\TFM\05_LOGS\BENCHMARKS\TFM_BENCH_VR_IDLE_20260618_180611\process_samples.csv"
"TFM_BENCH_VR_IDLE_20260618_180611","VR_IDLE","2026-06-18T18:07:44.1916130+02:00","32,92","Stopped","8860","notepad.exe","EXCLUDED_NOTEPAD_FALSE_MATCH","C:\Windows\system32\NOTEPAD.EXE","""C:\Windows\system32\NOTEPAD.EXE"" C:\Users\seguridad\Desktop\TFM\Velociraptor\How_UP_server.txt","0","7,51","7,51","2,92","269","1","0","False","C:\Users\julio\Desktop\TFM\05_LOGS\BENCHMARKS\TFM_BENCH_VR_IDLE_20260618_180611\process_samples.csv"
"TFM_BENCH_VR_IDLE_20260618_180611","VR_IDLE","2026-06-18T18:07:44.1916130+02:00","32,92","Stopped","13880","velociraptor-v0.75.6-windows-amd64.exe","SERVER_GUI_OR_LAB_BINARY","","","0","119,52","119,52","94,96","308","16","0","False","C:\Users\julio\Desktop\TFM\05_LOGS\BENCHMARKS\TFM_BENCH_VR_IDLE_20260618_180611\process_samples.csv"
"TFM_BENCH_VR_IDLE_20260618_180611","VR_IDLE","2026-06-18T18:07:46.3830261+02:00","35,11","Stopped","8732","notepad.exe","EXCLUDED_NOTEPAD_FALSE_MATCH","C:\Windows\system32\NOTEPAD.EXE","""C:\Windows\system32\NOTEPAD.EXE"" C:\Users\seguridad\Desktop\TFM\Velociraptor\How_UP_server.txt","0","9,17","9,17","2,91","271","1","0","False","C:\Users\julio\Desktop\TFM\05_LOGS\BENCHMARKS\TFM_BENCH_VR_IDLE_20260618_180611\process_samples.csv"
"TFM_BENCH_VR_IDLE_20260618_180611","VR_IDLE","2026-06-18T18:07:46.3830261+02:00","35,11","Stopped","8860","notepad.exe","EXCLUDED_NOTEPAD_FALSE_MATCH","C:\Windows\system32\NOTEPAD.EXE","""C:\Windows\system32\NOTEPAD.EXE"" C:\Users\seguridad\Desktop\TFM\Velociraptor\How_UP_server.txt","0","7,51","7,51","2,92","269","1","0","False","C:\Users\julio\Desktop\TFM\05_LOGS\BENCHMARKS\TFM_BENCH_VR_IDLE_20260618_180611\process_samples.csv"
"TFM_BENCH_VR_IDLE_20260618_180611","VR_IDLE","2026-06-18T18:07:46.3830261+02:00","35,11","Stopped","13880","velociraptor-v0.75.6-windows-amd64.exe","SERVER_GUI_OR_LAB_BINARY","","","0","119,52","119,52","94,96","308","16","0","False","C:\Users\julio\Desktop\TFM\05_LOGS\BENCHMARKS\TFM_BENCH_VR_IDLE_20260618_180611\process_samples.csv"
"TFM_BENCH_VR_IDLE_20260618_180611","VR_IDLE","2026-06-18T18:07:48.5568398+02:00","37,29","Stopped","8732","notepad.exe","EXCLUDED_NOTEPAD_FALSE_MATCH","C:\Windows\system32\NOTEPAD.EXE","""C:\Windows\system32\NOTEPAD.EXE"" C:\Users\seguridad\Desktop\TFM\Velociraptor\How_UP_server.txt","0","9,17","9,17","2,91","271","1","0","False","C:\Users\julio\Desktop\TFM\05_LOGS\BENCHMARKS\TFM_BENCH_VR_IDLE_20260618_180611\process_samples.csv"
"TFM_BENCH_VR_IDLE_20260618_180611","VR_IDLE","2026-06-18T18:07:48.5568398+02:00","37,29","Stopped","8860","notepad.exe","EXCLUDED_NOTEPAD_FALSE_MATCH","C:\Windows\system32\NOTEPAD.EXE","""C:\Windows\system32\NOTEPAD.EXE"" C:\Users\seguridad\Desktop\TFM\Velociraptor\How_UP_server.txt","0","7,51","7,51","2,92","269","1","0","False","C:\Users\julio\Desktop\TFM\05_LOGS\BENCHMARKS\TFM_BENCH_VR_IDLE_20260618_180611\process_samples.csv"
"TFM_BENCH_VR_IDLE_20260618_180611","VR_IDLE","2026-06-18T18:07:48.5568398+02:00","37,29","Stopped","13880","velociraptor-v0.75.6-windows-amd64.exe","SERVER_GUI_OR_LAB_BINARY","","","0,18","119,54","119,54","94,96","308","16","0","False","C:\Users\julio\Desktop\TFM\05_LOGS\BENCHMARKS\TFM_BENCH_VR_IDLE_20260618_180611\process_samples.csv"
"TFM_BENCH_VR_IDLE_20260618_180611","VR_IDLE","2026-06-18T18:07:50.7569621+02:00","39,49","Stopped","8732","notepad.exe","EXCLUDED_NOTEPAD_FALSE_MATCH","C:\Windows\system32\NOTEPAD.EXE","""C:\Windows\system32\NOTEPAD.EXE"" C:\Users\seguridad\Desktop\TFM\Velociraptor\How_UP_server.txt","0","9,17","9,17","2,91","271","1","0","False","C:\Users\julio\Desktop\TFM\05_LOGS\BENCHMARKS\TFM_BENCH_VR_IDLE_20260618_180611\process_samples.csv"
"TFM_BENCH_VR_IDLE_20260618_180611","VR_IDLE","2026-06-18T18:07:50.7569621+02:00","39,49","Stopped","8860","notepad.exe","EXCLUDED_NOTEPAD_FALSE_MATCH","C:\Windows\system32\NOTEPAD.EXE","""C:\Windows\system32\NOTEPAD.EXE"" C:\Users\seguridad\Desktop\TFM\Velociraptor\How_UP_server.txt","0","7,51","7,51","2,92","269","1","0","False","C:\Users\julio\Desktop\TFM\05_LOGS\BENCHMARKS\TFM_BENCH_VR_IDLE_20260618_180611\process_samples.csv"
"TFM_BENCH_VR_IDLE_20260618_180611","VR_IDLE","2026-06-18T18:07:50.7569621+02:00","39,49","Stopped","13880","velociraptor-v0.75.6-windows-amd64.exe","SERVER_GUI_OR_LAB_BINARY","","","12,78","143,3","143,3","118,98","308","16","0","False","C:\Users\julio\Desktop\TFM\05_LOGS\BENCHMARKS\TFM_BENCH_VR_IDLE_20260618_180611\process_samples.csv"
"TFM_BENCH_VR_IDLE_20260618_180611","VR_IDLE","2026-06-18T18:07:52.9396675+02:00","41,67","Stopped","8732","notepad.exe","EXCLUDED_NOTEPAD_FALSE_MATCH","C:\Windows\system32\NOTEPAD.EXE","""C:\Windows\system32\NOTEPAD.EXE"" C:\Users\seguridad\Desktop\TFM\Velociraptor\How_UP_server.txt","0","9,17","9,17","2,91","271","1","0","False","C:\Users\julio\Desktop\TFM\05_LOGS\BENCHMARKS\TFM_BENCH_VR_IDLE_20260618_180611\process_samples.csv"
"TFM_BENCH_VR_IDLE_20260618_180611","VR_IDLE","2026-06-18T18:07:52.9396675+02:00","41,67","Stopped","8860","notepad.exe","EXCLUDED_NOTEPAD_FALSE_MATCH","C:\Windows\system32\NOTEPAD.EXE","""C:\Windows\system32\NOTEPAD.EXE"" C:\Users\seguridad\Desktop\TFM\Velociraptor\How_UP_server.txt","0","7,51","7,51","2,92","269","1","0","False","C:\Users\julio\Desktop\TFM\05_LOGS\BENCHMARKS\TFM_BENCH_VR_IDLE_20260618_180611\process_samples.csv"
"TFM_BENCH_VR_IDLE_20260618_180611","VR_IDLE","2026-06-18T18:07:52.9396675+02:00","41,67","Stopped","13880","velociraptor-v0.75.6-windows-amd64.exe","SERVER_GUI_OR_LAB_BINARY","","","0,72","118,73","118,73","94,39","308","16","0","False","C:\Users\julio\Desktop\TFM\05_LOGS\BENCHMARKS\TFM_BENCH_VR_IDLE_20260618_180611\process_samples.csv"
"TFM_BENCH_VR_IDLE_20260618_180611","VR_IDLE","2026-06-18T18:07:55.1220027+02:00","43,85","Stopped","8732","notepad.exe","EXCLUDED_NOTEPAD_FALSE_MATCH","C:\Windows\system32\NOTEPAD.EXE","""C:\Windows\system32\NOTEPAD.EXE"" C:\Users\seguridad\Desktop\TFM\Velociraptor\How_UP_server.txt","0","9,17","9,17","2,91","271","1","0","False","C:\Users\julio\Desktop\TFM\05_LOGS\BENCHMARKS\TFM_BENCH_VR_IDLE_20260618_180611\process_samples.csv"
"TFM_BENCH_VR_IDLE_20260618_180611","VR_IDLE","2026-06-18T18:07:55.1220027+02:00","43,85","Stopped","8860","notepad.exe","EXCLUDED_NOTEPAD_FALSE_MATCH","C:\Windows\system32\NOTEPAD.EXE","""C:\Windows\system32\NOTEPAD.EXE"" C:\Users\seguridad\Desktop\TFM\Velociraptor\How_UP_server.txt","0","7,51","7,51","2,92","269","1","0","False","C:\Users\julio\Desktop\TFM\05_LOGS\BENCHMARKS\TFM_BENCH_VR_IDLE_20260618_180611\process_samples.csv"
"TFM_BENCH_VR_IDLE_20260618_180611","VR_IDLE","2026-06-18T18:07:55.1220027+02:00","43,85","Stopped","13880","velociraptor-v0.75.6-windows-amd64.exe","SERVER_GUI_OR_LAB_BINARY","","","0","118,73","118,73","94,39","308","16","0","False","C:\Users\julio\Desktop\TFM\05_LOGS\BENCHMARKS\TFM_BENCH_VR_IDLE_20260618_180611\process_samples.csv"
"TFM_BENCH_VR_IDLE_20260618_180611","VR_IDLE","2026-06-18T18:07:57.3189506+02:00","46,05","Stopped","8732","notepad.exe","EXCLUDED_NOTEPAD_FALSE_MATCH","C:\Windows\system32\NOTEPAD.EXE","""C:\Windows\system32\NOTEPAD.EXE"" C:\Users\seguridad\Desktop\TFM\Velociraptor\How_UP_server.txt","0","9,17","9,17","2,91","271","1","0","False","C:\Users\julio\Desktop\TFM\05_LOGS\BENCHMARKS\TFM_BENCH_VR_IDLE_20260618_180611\process_samples.csv"
"TFM_BENCH_VR_IDLE_20260618_180611","VR_IDLE","2026-06-18T18:07:57.3189506+02:00","46,05","Stopped","8860","notepad.exe","EXCLUDED_NOTEPAD_FALSE_MATCH","C:\Windows\system32\NOTEPAD.EXE","""C:\Windows\system32\NOTEPAD.EXE"" C:\Users\seguridad\Desktop\TFM\Velociraptor\How_UP_server.txt","0","7,51","7,51","2,92","269","1","0","False","C:\Users\julio\Desktop\TFM\05_LOGS\BENCHMARKS\TFM_BENCH_VR_IDLE_20260618_180611\process_samples.csv"
"TFM_BENCH_VR_IDLE_20260618_180611","VR_IDLE","2026-06-18T18:07:57.3189506+02:00","46,05","Stopped","13880","velociraptor-v0.75.6-windows-amd64.exe","SERVER_GUI_OR_LAB_BINARY","","","0,18","118,91","118,91","94,61","308","16","0","False","C:\Users\julio\Desktop\TFM\05_LOGS\BENCHMARKS\TFM_BENCH_VR_IDLE_20260618_180611\process_samples.csv"
"TFM_BENCH_VR_IDLE_20260618_180611","VR_IDLE","2026-06-18T18:07:59.4995020+02:00","48,23","Stopped","8732","notepad.exe","EXCLUDED_NOTEPAD_FALSE_MATCH","C:\Windows\system32\NOTEPAD.EXE","""C:\Windows\system32\NOTEPAD.EXE"" C:\Users\seguridad\Desktop\TFM\Velociraptor\How_UP_server.txt","0","9,17","9,17","2,91","271","1","0","False","C:\Users\julio\Desktop\TFM\05_LOGS\BENCHMARKS\TFM_BENCH_VR_IDLE_20260618_180611\process_samples.csv"
"TFM_BENCH_VR_IDLE_20260618_180611","VR_IDLE","2026-06-18T18:07:59.4995020+02:00","48,23","Stopped","8860","notepad.exe","EXCLUDED_NOTEPAD_FALSE_MATCH","C:\Windows\system32\NOTEPAD.EXE","""C:\Windows\system32\NOTEPAD.EXE"" C:\Users\seguridad\Desktop\TFM\Velociraptor\How_UP_server.txt","0","7,51","7,51","2,92","269","1","0","False","C:\Users\julio\Desktop\TFM\05_LOGS\BENCHMARKS\TFM_BENCH_VR_IDLE_20260618_180611\process_samples.csv"
"TFM_BENCH_VR_IDLE_20260618_180611","VR_IDLE","2026-06-18T18:07:59.4995020+02:00","48,23","Stopped","13880","velociraptor-v0.75.6-windows-amd64.exe","SERVER_GUI_OR_LAB_BINARY","","","0","118,92","118,92","94,64","308","16","0","False","C:\Users\julio\Desktop\TFM\05_LOGS\BENCHMARKS\TFM_BENCH_VR_IDLE_20260618_180611\process_samples.csv"
"TFM_BENCH_VR_IDLE_20260618_180611","VR_IDLE","2026-06-18T18:08:01.6958677+02:00","50,42","Stopped","8732","notepad.exe","EXCLUDED_NOTEPAD_FALSE_MATCH","C:\Windows\system32\NOTEPAD.EXE","""C:\Windows\system32\NOTEPAD.EXE"" C:\Users\seguridad\Desktop\TFM\Velociraptor\How_UP_server.txt","0","9,17","9,17","2,91","271","1","0","False","C:\Users\julio\Desktop\TFM\05_LOGS\BENCHMARKS\TFM_BENCH_VR_IDLE_20260618_180611\process_samples.csv"
"TFM_BENCH_VR_IDLE_20260618_180611","VR_IDLE","2026-06-18T18:08:01.6958677+02:00","50,42","Stopped","8860","notepad.exe","EXCLUDED_NOTEPAD_FALSE_MATCH","C:\Windows\system32\NOTEPAD.EXE","""C:\Windows\system32\NOTEPAD.EXE"" C:\Users\seguridad\Desktop\TFM\Velociraptor\How_UP_server.txt","0","7,51","7,51","2,92","269","1","0","False","C:\Users\julio\Desktop\TFM\05_LOGS\BENCHMARKS\TFM_BENCH_VR_IDLE_20260618_180611\process_samples.csv"
"TFM_BENCH_VR_IDLE_20260618_180611","VR_IDLE","2026-06-18T18:08:01.6958677+02:00","50,42","Stopped","13880","velociraptor-v0.75.6-windows-amd64.exe","SERVER_GUI_OR_LAB_BINARY","","","0,18","118,55","118,55","94,22","308","16","0","False","C:\Users\julio\Desktop\TFM\05_LOGS\BENCHMARKS\TFM_BENCH_VR_IDLE_20260618_180611\process_samples.csv"
"TFM_BENCH_VR_IDLE_20260618_180611","VR_IDLE","2026-06-18T18:08:03.8919871+02:00","52,62","Stopped","8732","notepad.exe","EXCLUDED_NOTEPAD_FALSE_MATCH","C:\Windows\system32\NOTEPAD.EXE","""C:\Windows\system32\NOTEPAD.EXE"" C:\Users\seguridad\Desktop\TFM\Velociraptor\How_UP_server.txt","0","9,17","9,17","2,91","271","1","0","False","C:\Users\julio\Desktop\TFM\05_LOGS\BENCHMARKS\TFM_BENCH_VR_IDLE_20260618_180611\process_samples.csv"
"TFM_BENCH_VR_IDLE_20260618_180611","VR_IDLE","2026-06-18T18:08:03.8919871+02:00","52,62","Stopped","8860","notepad.exe","EXCLUDED_NOTEPAD_FALSE_MATCH","C:\Windows\system32\NOTEPAD.EXE","""C:\Windows\system32\NOTEPAD.EXE"" C:\Users\seguridad\Desktop\TFM\Velociraptor\How_UP_server.txt","0","7,51","7,51","2,92","269","1","0","False","C:\Users\julio\Desktop\TFM\05_LOGS\BENCHMARKS\TFM_BENCH_VR_IDLE_20260618_180611\process_samples.csv"
"TFM_BENCH_VR_IDLE_20260618_180611","VR_IDLE","2026-06-18T18:08:03.8919871+02:00","52,62","Stopped","13880","velociraptor-v0.75.6-windows-amd64.exe","SERVER_GUI_OR_LAB_BINARY","","","0,18","118,71","118,71","94,48","308","16","0","False","C:\Users\julio\Desktop\TFM\05_LOGS\BENCHMARKS\TFM_BENCH_VR_IDLE_20260618_180611\process_samples.csv"
"TFM_BENCH_VR_IDLE_20260618_180611","VR_IDLE","2026-06-18T18:08:06.0914645+02:00","54,82","Stopped","8732","notepad.exe","EXCLUDED_NOTEPAD_FALSE_MATCH","C:\Windows\system32\NOTEPAD.EXE","""C:\Windows\system32\NOTEPAD.EXE"" C:\Users\seguridad\Desktop\TFM\Velociraptor\How_UP_server.txt","0","9,17","9,17","2,91","271","1","0","False","C:\Users\julio\Desktop\TFM\05_LOGS\BENCHMARKS\TFM_BENCH_VR_IDLE_20260618_180611\process_samples.csv"
"TFM_BENCH_VR_IDLE_20260618_180611","VR_IDLE","2026-06-18T18:08:06.0914645+02:00","54,82","Stopped","8860","notepad.exe","EXCLUDED_NOTEPAD_FALSE_MATCH","C:\Windows\system32\NOTEPAD.EXE","""C:\Windows\system32\NOTEPAD.EXE"" C:\Users\seguridad\Desktop\TFM\Velociraptor\How_UP_server.txt","0","7,51","7,51","2,92","269","1","0","False","C:\Users\julio\Desktop\TFM\05_LOGS\BENCHMARKS\TFM_BENCH_VR_IDLE_20260618_180611\process_samples.csv"
"TFM_BENCH_VR_IDLE_20260618_180611","VR_IDLE","2026-06-18T18:08:06.0914645+02:00","54,82","Stopped","13880","velociraptor-v0.75.6-windows-amd64.exe","SERVER_GUI_OR_LAB_BINARY","","","11,72","150,08","150,08","125,76","304","15","0","False","C:\Users\julio\Desktop\TFM\05_LOGS\BENCHMARKS\TFM_BENCH_VR_IDLE_20260618_180611\process_samples.csv"
"TFM_BENCH_VR_IDLE_20260618_180611","VR_IDLE","2026-06-18T18:08:08.2876433+02:00","57,02","Stopped","8732","notepad.exe","EXCLUDED_NOTEPAD_FALSE_MATCH","C:\Windows\system32\NOTEPAD.EXE","""C:\Windows\system32\NOTEPAD.EXE"" C:\Users\seguridad\Desktop\TFM\Velociraptor\How_UP_server.txt","0","9,17","9,17","2,91","271","1","0","False","C:\Users\julio\Desktop\TFM\05_LOGS\BENCHMARKS\TFM_BENCH_VR_IDLE_20260618_180611\process_samples.csv"
"TFM_BENCH_VR_IDLE_20260618_180611","VR_IDLE","2026-06-18T18:08:08.2876433+02:00","57,02","Stopped","8860","notepad.exe","EXCLUDED_NOTEPAD_FALSE_MATCH","C:\Windows\system32\NOTEPAD.EXE","""C:\Windows\system32\NOTEPAD.EXE"" C:\Users\seguridad\Desktop\TFM\Velociraptor\How_UP_server.txt","0","7,51","7,51","2,92","269","1","0","False","C:\Users\julio\Desktop\TFM\05_LOGS\BENCHMARKS\TFM_BENCH_VR_IDLE_20260618_180611\process_samples.csv"
"TFM_BENCH_VR_IDLE_20260618_180611","VR_IDLE","2026-06-18T18:08:08.2876433+02:00","57,02","Stopped","13880","velociraptor-v0.75.6-windows-amd64.exe","SERVER_GUI_OR_LAB_BINARY","","","0,53","150,42","150,42","129,02","305","15","0","False","C:\Users\julio\Desktop\TFM\05_LOGS\BENCHMARKS\TFM_BENCH_VR_IDLE_20260618_180611\process_samples.csv"
"TFM_BENCH_VR_IDLE_20260618_180611","VR_IDLE","2026-06-18T18:08:10.4890234+02:00","59,22","Stopped","8732","notepad.exe","EXCLUDED_NOTEPAD_FALSE_MATCH","C:\Windows\system32\NOTEPAD.EXE","""C:\Windows\system32\NOTEPAD.EXE"" C:\Users\seguridad\Desktop\TFM\Velociraptor\How_UP_server.txt","0","9,17","9,17","2,91","271","1","0","False","C:\Users\julio\Desktop\TFM\05_LOGS\BENCHMARKS\TFM_BENCH_VR_IDLE_20260618_180611\process_samples.csv"
"TFM_BENCH_VR_IDLE_20260618_180611","VR_IDLE","2026-06-18T18:08:10.4890234+02:00","59,22","Stopped","8860","notepad.exe","EXCLUDED_NOTEPAD_FALSE_MATCH","C:\Windows\system32\NOTEPAD.EXE","""C:\Windows\system32\NOTEPAD.EXE"" C:\Users\seguridad\Desktop\TFM\Velociraptor\How_UP_server.txt","0","7,51","7,51","2,92","269","1","0","False","C:\Users\julio\Desktop\TFM\05_LOGS\BENCHMARKS\TFM_BENCH_VR_IDLE_20260618_180611\process_samples.csv"
"TFM_BENCH_VR_IDLE_20260618_180611","VR_IDLE","2026-06-18T18:08:10.4890234+02:00","59,22","Stopped","13880","velociraptor-v0.75.6-windows-amd64.exe","SERVER_GUI_OR_LAB_BINARY","","","0","150,42","150,42","129,02","305","15","0","False","C:\Users\julio\Desktop\TFM\05_LOGS\BENCHMARKS\TFM_BENCH_VR_IDLE_20260618_180611\process_samples.csv"
"TFM_BENCH_VR_IDLE_20260618_180611","VR_IDLE","2026-06-18T18:08:12.7308232+02:00","61,46","Stopped","8732","notepad.exe","EXCLUDED_NOTEPAD_FALSE_MATCH","C:\Windows\system32\NOTEPAD.EXE","""C:\Windows\system32\NOTEPAD.EXE"" C:\Users\seguridad\Desktop\TFM\Velociraptor\How_UP_server.txt","0","9,17","9,17","2,91","271","1","0","False","C:\Users\julio\Desktop\TFM\05_LOGS\BENCHMARKS\TFM_BENCH_VR_IDLE_20260618_180611\process_samples.csv"
"TFM_BENCH_VR_IDLE_20260618_180611","VR_IDLE","2026-06-18T18:08:12.7308232+02:00","61,46","Stopped","8860","notepad.exe","EXCLUDED_NOTEPAD_FALSE_MATCH","C:\Windows\system32\NOTEPAD.EXE","""C:\Windows\system32\NOTEPAD.EXE"" C:\Users\seguridad\Desktop\TFM\Velociraptor\How_UP_server.txt","0","7,51","7,51","2,92","269","1","0","False","C:\Users\julio\Desktop\TFM\05_LOGS\BENCHMARKS\TFM_BENCH_VR_IDLE_20260618_180611\process_samples.csv"
"TFM_BENCH_VR_IDLE_20260618_180611","VR_IDLE","2026-06-18T18:08:12.7308232+02:00","61,46","Stopped","13880","velociraptor-v0.75.6-windows-amd64.exe","SERVER_GUI_OR_LAB_BINARY","","","0,35","120,22","120,22","97,77","301","13","0","False","C:\Users\julio\Desktop\TFM\05_LOGS\BENCHMARKS\TFM_BENCH_VR_IDLE_20260618_180611\process_samples.csv"
"TFM_BENCH_VR_IDLE_20260618_180611","VR_IDLE","2026-06-18T18:08:14.9143983+02:00","63,64","Stopped","8732","notepad.exe","EXCLUDED_NOTEPAD_FALSE_MATCH","C:\Windows\system32\NOTEPAD.EXE","""C:\Windows\system32\NOTEPAD.EXE"" C:\Users\seguridad\Desktop\TFM\Velociraptor\How_UP_server.txt","0","9,17","9,17","2,91","271","1","0","False","C:\Users\julio\Desktop\TFM\05_LOGS\BENCHMARKS\TFM_BENCH_VR_IDLE_20260618_180611\process_samples.csv"
"TFM_BENCH_VR_IDLE_20260618_180611","VR_IDLE","2026-06-18T18:08:14.9143983+02:00","63,64","Stopped","8860","notepad.exe","EXCLUDED_NOTEPAD_FALSE_MATCH","C:\Windows\system32\NOTEPAD.EXE","""C:\Windows\system32\NOTEPAD.EXE"" C:\Users\seguridad\Desktop\TFM\Velociraptor\How_UP_server.txt","0","7,51","7,51","2,92","269","1","0","False","C:\Users\julio\Desktop\TFM\05_LOGS\BENCHMARKS\TFM_BENCH_VR_IDLE_20260618_180611\process_samples.csv"
"TFM_BENCH_VR_IDLE_20260618_180611","VR_IDLE","2026-06-18T18:08:14.9143983+02:00","63,64","Stopped","13880","velociraptor-v0.75.6-windows-amd64.exe","SERVER_GUI_OR_LAB_BINARY","","","0","120,22","120,22","97,77","301","13","0","False","C:\Users\julio\Desktop\TFM\05_LOGS\BENCHMARKS\TFM_BENCH_VR_IDLE_20260618_180611\process_samples.csv"
"TFM_BENCH_VR_IDLE_20260618_180611","VR_IDLE","2026-06-18T18:08:17.1677582+02:00","65,9","Stopped","8732","notepad.exe","EXCLUDED_NOTEPAD_FALSE_MATCH","C:\Windows\system32\NOTEPAD.EXE","""C:\Windows\system32\NOTEPAD.EXE"" C:\Users\seguridad\Desktop\TFM\Velociraptor\How_UP_server.txt","0","9,17","9,17","2,91","271","1","0","False","C:\Users\julio\Desktop\TFM\05_LOGS\BENCHMARKS\TFM_BENCH_VR_IDLE_20260618_180611\process_samples.csv"
"TFM_BENCH_VR_IDLE_20260618_180611","VR_IDLE","2026-06-18T18:08:17.1677582+02:00","65,9","Stopped","8860","notepad.exe","EXCLUDED_NOTEPAD_FALSE_MATCH","C:\Windows\system32\NOTEPAD.EXE","""C:\Windows\system32\NOTEPAD.EXE"" C:\Users\seguridad\Desktop\TFM\Velociraptor\How_UP_server.txt","0","7,51","7,51","2,92","269","1","0","False","C:\Users\julio\Desktop\TFM\05_LOGS\BENCHMARKS\TFM_BENCH_VR_IDLE_20260618_180611\process_samples.csv"
"TFM_BENCH_VR_IDLE_20260618_180611","VR_IDLE","2026-06-18T18:08:17.1677582+02:00","65,9","Stopped","13880","velociraptor-v0.75.6-windows-amd64.exe","SERVER_GUI_OR_LAB_BINARY","","","0,17","120,3","120,3","97,87","301","13","0","False","C:\Users\julio\Desktop\TFM\05_LOGS\BENCHMARKS\TFM_BENCH_VR_IDLE_20260618_180611\process_samples.csv"
"TFM_BENCH_VR_IDLE_20260618_180611","VR_IDLE","2026-06-18T18:08:19.3658999+02:00","68,09","Stopped","8732","notepad.exe","EXCLUDED_NOTEPAD_FALSE_MATCH","C:\Windows\system32\NOTEPAD.EXE","""C:\Windows\system32\NOTEPAD.EXE"" C:\Users\seguridad\Desktop\TFM\Velociraptor\How_UP_server.txt","0","9,17","9,17","2,91","271","1","0","False","C:\Users\julio\Desktop\TFM\05_LOGS\BENCHMARKS\TFM_BENCH_VR_IDLE_20260618_180611\process_samples.csv"
"TFM_BENCH_VR_IDLE_20260618_180611","VR_IDLE","2026-06-18T18:08:19.3658999+02:00","68,09","Stopped","8860","notepad.exe","EXCLUDED_NOTEPAD_FALSE_MATCH","C:\Windows\system32\NOTEPAD.EXE","""C:\Windows\system32\NOTEPAD.EXE"" C:\Users\seguridad\Desktop\TFM\Velociraptor\How_UP_server.txt","0","7,51","7,51","2,92","269","1","0","False","C:\Users\julio\Desktop\TFM\05_LOGS\BENCHMARKS\TFM_BENCH_VR_IDLE_20260618_180611\process_samples.csv"
"TFM_BENCH_VR_IDLE_20260618_180611","VR_IDLE","2026-06-18T18:08:19.3658999+02:00","68,09","Stopped","13880","velociraptor-v0.75.6-windows-amd64.exe","SERVER_GUI_OR_LAB_BINARY","","","8,71","147,93","147,93","124,22","302","13","0","False","C:\Users\julio\Desktop\TFM\05_LOGS\BENCHMARKS\TFM_BENCH_VR_IDLE_20260618_180611\process_samples.csv"
"TFM_BENCH_VR_IDLE_20260618_180611","VR_IDLE","2026-06-18T18:08:21.6933000+02:00","70,42","Stopped","8732","notepad.exe","EXCLUDED_NOTEPAD_FALSE_MATCH","C:\Windows\system32\NOTEPAD.EXE","""C:\Windows\system32\NOTEPAD.EXE"" C:\Users\seguridad\Desktop\TFM\Velociraptor\How_UP_server.txt","0","9,17","9,17","2,91","271","1","0","False","C:\Users\julio\Desktop\TFM\05_LOGS\BENCHMARKS\TFM_BENCH_VR_IDLE_20260618_180611\process_samples.csv"
"TFM_BENCH_VR_IDLE_20260618_180611","VR_IDLE","2026-06-18T18:08:21.6933000+02:00","70,42","Stopped","8860","notepad.exe","EXCLUDED_NOTEPAD_FALSE_MATCH","C:\Windows\system32\NOTEPAD.EXE","""C:\Windows\system32\NOTEPAD.EXE"" C:\Users\seguridad\Desktop\TFM\Velociraptor\How_UP_server.txt","0","7,51","7,51","2,92","269","1","0","False","C:\Users\julio\Desktop\TFM\05_LOGS\BENCHMARKS\TFM_BENCH_VR_IDLE_20260618_180611\process_samples.csv"
"TFM_BENCH_VR_IDLE_20260618_180611","VR_IDLE","2026-06-18T18:08:21.6933000+02:00","70,42","Stopped","13880","velociraptor-v0.75.6-windows-amd64.exe","SERVER_GUI_OR_LAB_BINARY","","","7,72","119,56","119,56","95,07","301","13","0","False","C:\Users\julio\Desktop\TFM\05_LOGS\BENCHMARKS\TFM_BENCH_VR_IDLE_20260618_180611\process_samples.csv"
"TFM_BENCH_VR_IDLE_20260618_180611","VR_IDLE","2026-06-18T18:08:23.9145728+02:00","72,64","Stopped","8732","notepad.exe","EXCLUDED_NOTEPAD_FALSE_MATCH","C:\Windows\system32\NOTEPAD.EXE","""C:\Windows\system32\NOTEPAD.EXE"" C:\Users\seguridad\Desktop\TFM\Velociraptor\How_UP_server.txt","0","9,17","9,17","2,91","271","1","0","False","C:\Users\julio\Desktop\TFM\05_LOGS\BENCHMARKS\TFM_BENCH_VR_IDLE_20260618_180611\process_samples.csv"
"TFM_BENCH_VR_IDLE_20260618_180611","VR_IDLE","2026-06-18T18:08:23.9145728+02:00","72,64","Stopped","8860","notepad.exe","EXCLUDED_NOTEPAD_FALSE_MATCH","C:\Windows\system32\NOTEPAD.EXE","""C:\Windows\system32\NOTEPAD.EXE"" C:\Users\seguridad\Desktop\TFM\Velociraptor\How_UP_server.txt","0","7,51","7,51","2,92","269","1","0","False","C:\Users\julio\Desktop\TFM\05_LOGS\BENCHMARKS\TFM_BENCH_VR_IDLE_20260618_180611\process_samples.csv"
"TFM_BENCH_VR_IDLE_20260618_180611","VR_IDLE","2026-06-18T18:08:23.9145728+02:00","72,64","Stopped","13880","velociraptor-v0.75.6-windows-amd64.exe","SERVER_GUI_OR_LAB_BINARY","","","0","119,58","119,58","95,09","301","13","0","False","C:\Users\julio\Desktop\TFM\05_LOGS\BENCHMARKS\TFM_BENCH_VR_IDLE_20260618_180611\process_samples.csv"
"TFM_BENCH_VR_IDLE_20260618_180611","VR_IDLE","2026-06-18T18:08:26.1635343+02:00","74,89","Stopped","8732","notepad.exe","EXCLUDED_NOTEPAD_FALSE_MATCH","C:\Windows\system32\NOTEPAD.EXE","""C:\Windows\system32\NOTEPAD.EXE"" C:\Users\seguridad\Desktop\TFM\Velociraptor\How_UP_server.txt","0","9,17","9,17","2,91","271","1","0","False","C:\Users\julio\Desktop\TFM\05_LOGS\BENCHMARKS\TFM_BENCH_VR_IDLE_20260618_180611\process_samples.csv"
"TFM_BENCH_VR_IDLE_20260618_180611","VR_IDLE","2026-06-18T18:08:26.1635343+02:00","74,89","Stopped","8860","notepad.exe","EXCLUDED_NOTEPAD_FALSE_MATCH","C:\Windows\system32\NOTEPAD.EXE","""C:\Windows\system32\NOTEPAD.EXE"" C:\Users\seguridad\Desktop\TFM\Velociraptor\How_UP_server.txt","0","7,51","7,51","2,92","269","1","0","False","C:\Users\julio\Desktop\TFM\05_LOGS\BENCHMARKS\TFM_BENCH_VR_IDLE_20260618_180611\process_samples.csv"
"TFM_BENCH_VR_IDLE_20260618_180611","VR_IDLE","2026-06-18T18:08:26.1635343+02:00","74,89","Stopped","13880","velociraptor-v0.75.6-windows-amd64.exe","SERVER_GUI_OR_LAB_BINARY","","","0","119,6","119,6","95,12","301","13","0","False","C:\Users\julio\Desktop\TFM\05_LOGS\BENCHMARKS\TFM_BENCH_VR_IDLE_20260618_180611\process_samples.csv"
"TFM_BENCH_VR_IDLE_20260618_180611","VR_IDLE","2026-06-18T18:08:28.4014007+02:00","77,13","Stopped","8732","notepad.exe","EXCLUDED_NOTEPAD_FALSE_MATCH","C:\Windows\system32\NOTEPAD.EXE","""C:\Windows\system32\NOTEPAD.EXE"" C:\Users\seguridad\Desktop\TFM\Velociraptor\How_UP_server.txt","0","9,17","9,17","2,91","271","1","0","False","C:\Users\julio\Desktop\TFM\05_LOGS\BENCHMARKS\TFM_BENCH_VR_IDLE_20260618_180611\process_samples.csv"
"TFM_BENCH_VR_IDLE_20260618_180611","VR_IDLE","2026-06-18T18:08:28.4014007+02:00","77,13","Stopped","8860","notepad.exe","EXCLUDED_NOTEPAD_FALSE_MATCH","C:\Windows\system32\NOTEPAD.EXE","""C:\Windows\system32\NOTEPAD.EXE"" C:\Users\seguridad\Desktop\TFM\Velociraptor\How_UP_server.txt","0","7,51","7,51","2,92","269","1","0","False","C:\Users\julio\Desktop\TFM\05_LOGS\BENCHMARKS\TFM_BENCH_VR_IDLE_20260618_180611\process_samples.csv"
"TFM_BENCH_VR_IDLE_20260618_180611","VR_IDLE","2026-06-18T18:08:28.4014007+02:00","77,13","Stopped","13880","velociraptor-v0.75.6-windows-amd64.exe","SERVER_GUI_OR_LAB_BINARY","","","0","119,64","119,64","95,16","301","13","0","False","C:\Users\julio\Desktop\TFM\05_LOGS\BENCHMARKS\TFM_BENCH_VR_IDLE_20260618_180611\process_samples.csv"
"TFM_BENCH_VR_IDLE_20260618_180611","VR_IDLE","2026-06-18T18:08:30.6339773+02:00","79,36","Stopped","8732","notepad.exe","EXCLUDED_NOTEPAD_FALSE_MATCH","C:\Windows\system32\NOTEPAD.EXE","""C:\Windows\system32\NOTEPAD.EXE"" C:\Users\seguridad\Desktop\TFM\Velociraptor\How_UP_server.txt","0","9,17","9,17","2,91","271","1","0","False","C:\Users\julio\Desktop\TFM\05_LOGS\BENCHMARKS\TFM_BENCH_VR_IDLE_20260618_180611\process_samples.csv"
"TFM_BENCH_VR_IDLE_20260618_180611","VR_IDLE","2026-06-18T18:08:30.6339773+02:00","79,36","Stopped","8860","notepad.exe","EXCLUDED_NOTEPAD_FALSE_MATCH","C:\Windows\system32\NOTEPAD.EXE","""C:\Windows\system32\NOTEPAD.EXE"" C:\Users\seguridad\Desktop\TFM\Velociraptor\How_UP_server.txt","0","7,51","7,51","2,92","269","1","0","False","C:\Users\julio\Desktop\TFM\05_LOGS\BENCHMARKS\TFM_BENCH_VR_IDLE_20260618_180611\process_samples.csv"
"TFM_BENCH_VR_IDLE_20260618_180611","VR_IDLE","2026-06-18T18:08:30.6339773+02:00","79,36","Stopped","13880","velociraptor-v0.75.6-windows-amd64.exe","SERVER_GUI_OR_LAB_BINARY","","","0,17","119,68","119,68","95,22","301","13","0","False","C:\Users\julio\Desktop\TFM\05_LOGS\BENCHMARKS\TFM_BENCH_VR_IDLE_20260618_180611\process_samples.csv"
"TFM_BENCH_VR_IDLE_20260618_180611","VR_IDLE","2026-06-18T18:08:32.8686694+02:00","81,6","Stopped","8732","notepad.exe","EXCLUDED_NOTEPAD_FALSE_MATCH","C:\Windows\system32\NOTEPAD.EXE","""C:\Windows\system32\NOTEPAD.EXE"" C:\Users\seguridad\Desktop\TFM\Velociraptor\How_UP_server.txt","0","9,17","9,17","2,91","271","1","0","False","C:\Users\julio\Desktop\TFM\05_LOGS\BENCHMARKS\TFM_BENCH_VR_IDLE_20260618_180611\process_samples.csv"
"TFM_BENCH_VR_IDLE_20260618_180611","VR_IDLE","2026-06-18T18:08:32.8686694+02:00","81,6","Stopped","8860","notepad.exe","EXCLUDED_NOTEPAD_FALSE_MATCH","C:\Windows\system32\NOTEPAD.EXE","""C:\Windows\system32\NOTEPAD.EXE"" C:\Users\seguridad\Desktop\TFM\Velociraptor\How_UP_server.txt","0","7,51","7,51","2,92","269","1","0","False","C:\Users\julio\Desktop\TFM\05_LOGS\BENCHMARKS\TFM_BENCH_VR_IDLE_20260618_180611\process_samples.csv"
"TFM_BENCH_VR_IDLE_20260618_180611","VR_IDLE","2026-06-18T18:08:32.8686694+02:00","81,6","Stopped","13880","velociraptor-v0.75.6-windows-amd64.exe","SERVER_GUI_OR_LAB_BINARY","","","0","119,3","119,3","94,79","301","13","0","False","C:\Users\julio\Desktop\TFM\05_LOGS\BENCHMARKS\TFM_BENCH_VR_IDLE_20260618_180611\process_samples.csv"
"TFM_BENCH_VR_IDLE_20260618_180611","VR_IDLE","2026-06-18T18:08:35.0826975+02:00","83,81","Stopped","8732","notepad.exe","EXCLUDED_NOTEPAD_FALSE_MATCH","C:\Windows\system32\NOTEPAD.EXE","""C:\Windows\system32\NOTEPAD.EXE"" C:\Users\seguridad\Desktop\TFM\Velociraptor\How_UP_server.txt","0","9,17","9,17","2,91","271","1","0","False","C:\Users\julio\Desktop\TFM\05_LOGS\BENCHMARKS\TFM_BENCH_VR_IDLE_20260618_180611\process_samples.csv"
"TFM_BENCH_VR_IDLE_20260618_180611","VR_IDLE","2026-06-18T18:08:35.0826975+02:00","83,81","Stopped","8860","notepad.exe","EXCLUDED_NOTEPAD_FALSE_MATCH","C:\Windows\system32\NOTEPAD.EXE","""C:\Windows\system32\NOTEPAD.EXE"" C:\Users\seguridad\Desktop\TFM\Velociraptor\How_UP_server.txt","0","7,51","7,51","2,92","269","1","0","False","C:\Users\julio\Desktop\TFM\05_LOGS\BENCHMARKS\TFM_BENCH_VR_IDLE_20260618_180611\process_samples.csv"
"TFM_BENCH_VR_IDLE_20260618_180611","VR_IDLE","2026-06-18T18:08:35.0826975+02:00","83,81","Stopped","13880","velociraptor-v0.75.6-windows-amd64.exe","SERVER_GUI_OR_LAB_BINARY","","","10,76","148,29","148,29","123,79","301","13","0","False","C:\Users\julio\Desktop\TFM\05_LOGS\BENCHMARKS\TFM_BENCH_VR_IDLE_20260618_180611\process_samples.csv"
"TFM_BENCH_VR_IDLE_20260618_180611","VR_IDLE","2026-06-18T18:08:37.3159022+02:00","86,04","Stopped","8732","notepad.exe","EXCLUDED_NOTEPAD_FALSE_MATCH","C:\Windows\system32\NOTEPAD.EXE","""C:\Windows\system32\NOTEPAD.EXE"" C:\Users\seguridad\Desktop\TFM\Velociraptor\How_UP_server.txt","0","9,17","9,17","2,91","271","1","0","False","C:\Users\julio\Desktop\TFM\05_LOGS\BENCHMARKS\TFM_BENCH_VR_IDLE_20260618_180611\process_samples.csv"
"TFM_BENCH_VR_IDLE_20260618_180611","VR_IDLE","2026-06-18T18:08:37.3159022+02:00","86,04","Stopped","8860","notepad.exe","EXCLUDED_NOTEPAD_FALSE_MATCH","C:\Windows\system32\NOTEPAD.EXE","""C:\Windows\system32\NOTEPAD.EXE"" C:\Users\seguridad\Desktop\TFM\Velociraptor\How_UP_server.txt","0","7,51","7,51","2,92","269","1","0","False","C:\Users\julio\Desktop\TFM\05_LOGS\BENCHMARKS\TFM_BENCH_VR_IDLE_20260618_180611\process_samples.csv"
"TFM_BENCH_VR_IDLE_20260618_180611","VR_IDLE","2026-06-18T18:08:37.3159022+02:00","86,04","Stopped","13880","velociraptor-v0.75.6-windows-amd64.exe","SERVER_GUI_OR_LAB_BINARY","","","0,17","148,29","148,29","123,79","301","13","0","False","C:\Users\julio\Desktop\TFM\05_LOGS\BENCHMARKS\TFM_BENCH_VR_IDLE_20260618_180611\process_samples.csv"
"TFM_BENCH_VR_IDLE_20260618_180611","VR_IDLE","2026-06-18T18:08:39.5167741+02:00","88,25","Stopped","8732","notepad.exe","EXCLUDED_NOTEPAD_FALSE_MATCH","C:\Windows\system32\NOTEPAD.EXE","""C:\Windows\system32\NOTEPAD.EXE"" C:\Users\seguridad\Desktop\TFM\Velociraptor\How_UP_server.txt","0","9,17","9,17","2,91","271","1","0","False","C:\Users\julio\Desktop\TFM\05_LOGS\BENCHMARKS\TFM_BENCH_VR_IDLE_20260618_180611\process_samples.csv"
"TFM_BENCH_VR_IDLE_20260618_180611","VR_IDLE","2026-06-18T18:08:39.5167741+02:00","88,25","Stopped","8860","notepad.exe","EXCLUDED_NOTEPAD_FALSE_MATCH","C:\Windows\system32\NOTEPAD.EXE","""C:\Windows\system32\NOTEPAD.EXE"" C:\Users\seguridad\Desktop\TFM\Velociraptor\How_UP_server.txt","0","7,51","7,51","2,92","269","1","0","False","C:\Users\julio\Desktop\TFM\05_LOGS\BENCHMARKS\TFM_BENCH_VR_IDLE_20260618_180611\process_samples.csv"
"TFM_BENCH_VR_IDLE_20260618_180611","VR_IDLE","2026-06-18T18:08:39.5167741+02:00","88,25","Stopped","13880","velociraptor-v0.75.6-windows-amd64.exe","SERVER_GUI_OR_LAB_BINARY","","","0","148,29","148,29","123,79","301","13","0","False","C:\Users\julio\Desktop\TFM\05_LOGS\BENCHMARKS\TFM_BENCH_VR_IDLE_20260618_180611\process_samples.csv"
"TFM_BENCH_VR_IDLE_20260618_180611","VR_IDLE","2026-06-18T18:08:41.7207991+02:00","90,45","Stopped","8732","notepad.exe","EXCLUDED_NOTEPAD_FALSE_MATCH","C:\Windows\system32\NOTEPAD.EXE","""C:\Windows\system32\NOTEPAD.EXE"" C:\Users\seguridad\Desktop\TFM\Velociraptor\How_UP_server.txt","0","9,17","9,17","2,91","271","1","0","False","C:\Users\julio\Desktop\TFM\05_LOGS\BENCHMARKS\TFM_BENCH_VR_IDLE_20260618_180611\process_samples.csv"
"TFM_BENCH_VR_IDLE_20260618_180611","VR_IDLE","2026-06-18T18:08:41.7207991+02:00","90,45","Stopped","8860","notepad.exe","EXCLUDED_NOTEPAD_FALSE_MATCH","C:\Windows\system32\NOTEPAD.EXE","""C:\Windows\system32\NOTEPAD.EXE"" C:\Users\seguridad\Desktop\TFM\Velociraptor\How_UP_server.txt","0","7,51","7,51","2,92","269","1","0","False","C:\Users\julio\Desktop\TFM\05_LOGS\BENCHMARKS\TFM_BENCH_VR_IDLE_20260618_180611\process_samples.csv"
"TFM_BENCH_VR_IDLE_20260618_180611","VR_IDLE","2026-06-18T18:08:41.7207991+02:00","90,45","Stopped","13880","velociraptor-v0.75.6-windows-amd64.exe","SERVER_GUI_OR_LAB_BINARY","","","0,53","119,73","119,73","95,21","301","13","0","False","C:\Users\julio\Desktop\TFM\05_LOGS\BENCHMARKS\TFM_BENCH_VR_IDLE_20260618_180611\process_samples.csv"
"TFM_BENCH_VR_IDLE_20260618_180611","VR_IDLE","2026-06-18T18:08:43.9711481+02:00","92,7","Stopped","8732","notepad.exe","EXCLUDED_NOTEPAD_FALSE_MATCH","C:\Windows\system32\NOTEPAD.EXE","""C:\Windows\system32\NOTEPAD.EXE"" C:\Users\seguridad\Desktop\TFM\Velociraptor\How_UP_server.txt","0","9,17","9,17","2,91","271","1","0","False","C:\Users\julio\Desktop\TFM\05_LOGS\BENCHMARKS\TFM_BENCH_VR_IDLE_20260618_180611\process_samples.csv"
"TFM_BENCH_VR_IDLE_20260618_180611","VR_IDLE","2026-06-18T18:08:43.9711481+02:00","92,7","Stopped","8860","notepad.exe","EXCLUDED_NOTEPAD_FALSE_MATCH","C:\Windows\system32\NOTEPAD.EXE","""C:\Windows\system32\NOTEPAD.EXE"" C:\Users\seguridad\Desktop\TFM\Velociraptor\How_UP_server.txt","0","7,51","7,51","2,92","269","1","0","False","C:\Users\julio\Desktop\TFM\05_LOGS\BENCHMARKS\TFM_BENCH_VR_IDLE_20260618_180611\process_samples.csv"
"TFM_BENCH_VR_IDLE_20260618_180611","VR_IDLE","2026-06-18T18:08:43.9711481+02:00","92,7","Stopped","13880","velociraptor-v0.75.6-windows-amd64.exe","SERVER_GUI_OR_LAB_BINARY","","","0","119,75","119,75","95,23","301","13","0","False","C:\Users\julio\Desktop\TFM\05_LOGS\BENCHMARKS\TFM_BENCH_VR_IDLE_20260618_180611\process_samples.csv"
"TFM_BENCH_VR_IDLE_20260618_180611","VR_IDLE","2026-06-18T18:08:46.1884947+02:00","94,92","Stopped","8732","notepad.exe","EXCLUDED_NOTEPAD_FALSE_MATCH","C:\Windows\system32\NOTEPAD.EXE","""C:\Windows\system32\NOTEPAD.EXE"" C:\Users\seguridad\Desktop\TFM\Velociraptor\How_UP_server.txt","0","9,17","9,17","2,91","271","1","0","False","C:\Users\julio\Desktop\TFM\05_LOGS\BENCHMARKS\TFM_BENCH_VR_IDLE_20260618_180611\process_samples.csv"
"TFM_BENCH_VR_IDLE_20260618_180611","VR_IDLE","2026-06-18T18:08:46.1884947+02:00","94,92","Stopped","8860","notepad.exe","EXCLUDED_NOTEPAD_FALSE_MATCH","C:\Windows\system32\NOTEPAD.EXE","""C:\Windows\system32\NOTEPAD.EXE"" C:\Users\seguridad\Desktop\TFM\Velociraptor\How_UP_server.txt","0","7,51","7,51","2,92","269","1","0","False","C:\Users\julio\Desktop\TFM\05_LOGS\BENCHMARKS\TFM_BENCH_VR_IDLE_20260618_180611\process_samples.csv"
"TFM_BENCH_VR_IDLE_20260618_180611","VR_IDLE","2026-06-18T18:08:46.1884947+02:00","94,92","Stopped","13880","velociraptor-v0.75.6-windows-amd64.exe","SERVER_GUI_OR_LAB_BINARY","","","0","119,75","119,75","95,23","301","13","0","False","C:\Users\julio\Desktop\TFM\05_LOGS\BENCHMARKS\TFM_BENCH_VR_IDLE_20260618_180611\process_samples.csv"
"TFM_BENCH_VR_IDLE_20260618_180611","VR_IDLE","2026-06-18T18:08:48.3877479+02:00","97,12","Stopped","8732","notepad.exe","EXCLUDED_NOTEPAD_FALSE_MATCH","C:\Windows\system32\NOTEPAD.EXE","""C:\Windows\system32\NOTEPAD.EXE"" C:\Users\seguridad\Desktop\TFM\Velociraptor\How_UP_server.txt","0","9,17","9,17","2,91","271","1","0","False","C:\Users\julio\Desktop\TFM\05_LOGS\BENCHMARKS\TFM_BENCH_VR_IDLE_20260618_180611\process_samples.csv"
"TFM_BENCH_VR_IDLE_20260618_180611","VR_IDLE","2026-06-18T18:08:48.3877479+02:00","97,12","Stopped","8860","notepad.exe","EXCLUDED_NOTEPAD_FALSE_MATCH","C:\Windows\system32\NOTEPAD.EXE","""C:\Windows\system32\NOTEPAD.EXE"" C:\Users\seguridad\Desktop\TFM\Velociraptor\How_UP_server.txt","0","7,51","7,51","2,92","269","1","0","False","C:\Users\julio\Desktop\TFM\05_LOGS\BENCHMARKS\TFM_BENCH_VR_IDLE_20260618_180611\process_samples.csv"
"TFM_BENCH_VR_IDLE_20260618_180611","VR_IDLE","2026-06-18T18:08:48.3877479+02:00","97,12","Stopped","13880","velociraptor-v0.75.6-windows-amd64.exe","SERVER_GUI_OR_LAB_BINARY","","","0,18","123,01","123,01","98,51","301","13","0","False","C:\Users\julio\Desktop\TFM\05_LOGS\BENCHMARKS\TFM_BENCH_VR_IDLE_20260618_180611\process_samples.csv"
"TFM_BENCH_VR_IDLE_20260618_180611","VR_IDLE","2026-06-18T18:08:50.5935527+02:00","99,32","Stopped","8732","notepad.exe","EXCLUDED_NOTEPAD_FALSE_MATCH","C:\Windows\system32\NOTEPAD.EXE","""C:\Windows\system32\NOTEPAD.EXE"" C:\Users\seguridad\Desktop\TFM\Velociraptor\How_UP_server.txt","0","9,17","9,17","2,91","271","1","0","False","C:\Users\julio\Desktop\TFM\05_LOGS\BENCHMARKS\TFM_BENCH_VR_IDLE_20260618_180611\process_samples.csv"
"TFM_BENCH_VR_IDLE_20260618_180611","VR_IDLE","2026-06-18T18:08:50.5935527+02:00","99,32","Stopped","8860","notepad.exe","EXCLUDED_NOTEPAD_FALSE_MATCH","C:\Windows\system32\NOTEPAD.EXE","""C:\Windows\system32\NOTEPAD.EXE"" C:\Users\seguridad\Desktop\TFM\Velociraptor\How_UP_server.txt","0","7,51","7,51","2,92","269","1","0","False","C:\Users\julio\Desktop\TFM\05_LOGS\BENCHMARKS\TFM_BENCH_VR_IDLE_20260618_180611\process_samples.csv"
"TFM_BENCH_VR_IDLE_20260618_180611","VR_IDLE","2026-06-18T18:08:50.5935527+02:00","99,32","Stopped","13880","velociraptor-v0.75.6-windows-amd64.exe","SERVER_GUI_OR_LAB_BINARY","","","0,18","123,07","123,07","98,61","301","13","0","False","C:\Users\julio\Desktop\TFM\05_LOGS\BENCHMARKS\TFM_BENCH_VR_IDLE_20260618_180611\process_samples.csv"
"TFM_BENCH_VR_IDLE_20260618_180611","VR_IDLE","2026-06-18T18:08:52.7828912+02:00","101,51","Stopped","8732","notepad.exe","EXCLUDED_NOTEPAD_FALSE_MATCH","C:\Windows\system32\NOTEPAD.EXE","""C:\Windows\system32\NOTEPAD.EXE"" C:\Users\seguridad\Desktop\TFM\Velociraptor\How_UP_server.txt","0","9,17","9,17","2,91","271","1","0","False","C:\Users\julio\Desktop\TFM\05_LOGS\BENCHMARKS\TFM_BENCH_VR_IDLE_20260618_180611\process_samples.csv"
"TFM_BENCH_VR_IDLE_20260618_180611","VR_IDLE","2026-06-18T18:08:52.7828912+02:00","101,51","Stopped","8860","notepad.exe","EXCLUDED_NOTEPAD_FALSE_MATCH","C:\Windows\system32\NOTEPAD.EXE","""C:\Windows\system32\NOTEPAD.EXE"" C:\Users\seguridad\Desktop\TFM\Velociraptor\How_UP_server.txt","0","7,51","7,51","2,92","269","1","0","False","C:\Users\julio\Desktop\TFM\05_LOGS\BENCHMARKS\TFM_BENCH_VR_IDLE_20260618_180611\process_samples.csv"
"TFM_BENCH_VR_IDLE_20260618_180611","VR_IDLE","2026-06-18T18:08:52.7828912+02:00","101,51","Stopped","13880","velociraptor-v0.75.6-windows-amd64.exe","SERVER_GUI_OR_LAB_BINARY","","","12,67","149,77","149,77","124,29","301","13","0","False","C:\Users\julio\Desktop\TFM\05_LOGS\BENCHMARKS\TFM_BENCH_VR_IDLE_20260618_180611\process_samples.csv"
"TFM_BENCH_VR_IDLE_20260618_180611","VR_IDLE","2026-06-18T18:08:55.0189006+02:00","103,75","Stopped","8732","notepad.exe","EXCLUDED_NOTEPAD_FALSE_MATCH","C:\Windows\system32\NOTEPAD.EXE","""C:\Windows\system32\NOTEPAD.EXE"" C:\Users\seguridad\Desktop\TFM\Velociraptor\How_UP_server.txt","0","9,17","9,17","2,91","271","1","0","False","C:\Users\julio\Desktop\TFM\05_LOGS\BENCHMARKS\TFM_BENCH_VR_IDLE_20260618_180611\process_samples.csv"
"TFM_BENCH_VR_IDLE_20260618_180611","VR_IDLE","2026-06-18T18:08:55.0189006+02:00","103,75","Stopped","8860","notepad.exe","EXCLUDED_NOTEPAD_FALSE_MATCH","C:\Windows\system32\NOTEPAD.EXE","""C:\Windows\system32\NOTEPAD.EXE"" C:\Users\seguridad\Desktop\TFM\Velociraptor\How_UP_server.txt","0","7,51","7,51","2,92","269","1","0","False","C:\Users\julio\Desktop\TFM\05_LOGS\BENCHMARKS\TFM_BENCH_VR_IDLE_20260618_180611\process_samples.csv"
"TFM_BENCH_VR_IDLE_20260618_180611","VR_IDLE","2026-06-18T18:08:55.0189006+02:00","103,75","Stopped","13880","velociraptor-v0.75.6-windows-amd64.exe","SERVER_GUI_OR_LAB_BINARY","","","0","149,77","149,77","124,29","301","13","0","False","C:\Users\julio\Desktop\TFM\05_LOGS\BENCHMARKS\TFM_BENCH_VR_IDLE_20260618_180611\process_samples.csv"
"TFM_BENCH_VR_IDLE_20260618_180611","VR_IDLE","2026-06-18T18:08:57.2213012+02:00","105,95","Stopped","8732","notepad.exe","EXCLUDED_NOTEPAD_FALSE_MATCH","C:\Windows\system32\NOTEPAD.EXE","""C:\Windows\system32\NOTEPAD.EXE"" C:\Users\seguridad\Desktop\TFM\Velociraptor\How_UP_server.txt","0","9,17","9,17","2,91","271","1","0","False","C:\Users\julio\Desktop\TFM\05_LOGS\BENCHMARKS\TFM_BENCH_VR_IDLE_20260618_180611\process_samples.csv"
"TFM_BENCH_VR_IDLE_20260618_180611","VR_IDLE","2026-06-18T18:08:57.2213012+02:00","105,95","Stopped","8860","notepad.exe","EXCLUDED_NOTEPAD_FALSE_MATCH","C:\Windows\system32\NOTEPAD.EXE","""C:\Windows\system32\NOTEPAD.EXE"" C:\Users\seguridad\Desktop\TFM\Velociraptor\How_UP_server.txt","0","7,51","7,51","2,92","269","1","0","False","C:\Users\julio\Desktop\TFM\05_LOGS\BENCHMARKS\TFM_BENCH_VR_IDLE_20260618_180611\process_samples.csv"
"TFM_BENCH_VR_IDLE_20260618_180611","VR_IDLE","2026-06-18T18:08:57.2213012+02:00","105,95","Stopped","13880","velociraptor-v0.75.6-windows-amd64.exe","SERVER_GUI_OR_LAB_BINARY","","","0,18","149,77","149,77","124,29","301","13","0","False","C:\Users\julio\Desktop\TFM\05_LOGS\BENCHMARKS\TFM_BENCH_VR_IDLE_20260618_180611\process_samples.csv"
"TFM_BENCH_VR_IDLE_20260618_180611","VR_IDLE","2026-06-18T18:08:59.4533367+02:00","108,18","Stopped","8732","notepad.exe","EXCLUDED_NOTEPAD_FALSE_MATCH","C:\Windows\system32\NOTEPAD.EXE","""C:\Windows\system32\NOTEPAD.EXE"" C:\Users\seguridad\Desktop\TFM\Velociraptor\How_UP_server.txt","0","9,17","9,17","2,91","271","1","0","False","C:\Users\julio\Desktop\TFM\05_LOGS\BENCHMARKS\TFM_BENCH_VR_IDLE_20260618_180611\process_samples.csv"
"TFM_BENCH_VR_IDLE_20260618_180611","VR_IDLE","2026-06-18T18:08:59.4533367+02:00","108,18","Stopped","8860","notepad.exe","EXCLUDED_NOTEPAD_FALSE_MATCH","C:\Windows\system32\NOTEPAD.EXE","""C:\Windows\system32\NOTEPAD.EXE"" C:\Users\seguridad\Desktop\TFM\Velociraptor\How_UP_server.txt","0","7,51","7,51","2,92","269","1","0","False","C:\Users\julio\Desktop\TFM\05_LOGS\BENCHMARKS\TFM_BENCH_VR_IDLE_20260618_180611\process_samples.csv"
"TFM_BENCH_VR_IDLE_20260618_180611","VR_IDLE","2026-06-18T18:08:59.4533367+02:00","108,18","Stopped","13880","velociraptor-v0.75.6-windows-amd64.exe","SERVER_GUI_OR_LAB_BINARY","","","0","149,77","149,77","124,29","301","13","0","False","C:\Users\julio\Desktop\TFM\05_LOGS\BENCHMARKS\TFM_BENCH_VR_IDLE_20260618_180611\process_samples.csv"
"TFM_BENCH_VR_IDLE_20260618_180611","VR_IDLE","2026-06-18T18:09:01.6413831+02:00","110,37","Stopped","8732","notepad.exe","EXCLUDED_NOTEPAD_FALSE_MATCH","C:\Windows\system32\NOTEPAD.EXE","""C:\Windows\system32\NOTEPAD.EXE"" C:\Users\seguridad\Desktop\TFM\Velociraptor\How_UP_server.txt","0","9,17","9,17","2,91","271","1","0","False","C:\Users\julio\Desktop\TFM\05_LOGS\BENCHMARKS\TFM_BENCH_VR_IDLE_20260618_180611\process_samples.csv"
"TFM_BENCH_VR_IDLE_20260618_180611","VR_IDLE","2026-06-18T18:09:01.6413831+02:00","110,37","Stopped","8860","notepad.exe","EXCLUDED_NOTEPAD_FALSE_MATCH","C:\Windows\system32\NOTEPAD.EXE","""C:\Windows\system32\NOTEPAD.EXE"" C:\Users\seguridad\Desktop\TFM\Velociraptor\How_UP_server.txt","0","7,51","7,51","2,92","269","1","0","False","C:\Users\julio\Desktop\TFM\05_LOGS\BENCHMARKS\TFM_BENCH_VR_IDLE_20260618_180611\process_samples.csv"
"TFM_BENCH_VR_IDLE_20260618_180611","VR_IDLE","2026-06-18T18:09:01.6413831+02:00","110,37","Stopped","13880","velociraptor-v0.75.6-windows-amd64.exe","SERVER_GUI_OR_LAB_BINARY","","","0,36","120,68","120,68","95,17","301","13","0","False","C:\Users\julio\Desktop\TFM\05_LOGS\BENCHMARKS\TFM_BENCH_VR_IDLE_20260618_180611\process_samples.csv"
"TFM_BENCH_VR_IDLE_20260618_180611","VR_IDLE","2026-06-18T18:09:03.8431476+02:00","112,57","Stopped","8732","notepad.exe","EXCLUDED_NOTEPAD_FALSE_MATCH","C:\Windows\system32\NOTEPAD.EXE","""C:\Windows\system32\NOTEPAD.EXE"" C:\Users\seguridad\Desktop\TFM\Velociraptor\How_UP_server.txt","0","9,17","9,17","2,91","271","1","0","False","C:\Users\julio\Desktop\TFM\05_LOGS\BENCHMARKS\TFM_BENCH_VR_IDLE_20260618_180611\process_samples.csv"
"TFM_BENCH_VR_IDLE_20260618_180611","VR_IDLE","2026-06-18T18:09:03.8431476+02:00","112,57","Stopped","8860","notepad.exe","EXCLUDED_NOTEPAD_FALSE_MATCH","C:\Windows\system32\NOTEPAD.EXE","""C:\Windows\system32\NOTEPAD.EXE"" C:\Users\seguridad\Desktop\TFM\Velociraptor\How_UP_server.txt","0","7,51","7,51","2,92","269","1","0","False","C:\Users\julio\Desktop\TFM\05_LOGS\BENCHMARKS\TFM_BENCH_VR_IDLE_20260618_180611\process_samples.csv"
"TFM_BENCH_VR_IDLE_20260618_180611","VR_IDLE","2026-06-18T18:09:03.8431476+02:00","112,57","Stopped","13880","velociraptor-v0.75.6-windows-amd64.exe","SERVER_GUI_OR_LAB_BINARY","","","0","120,68","120,68","95,17","301","13","0","False","C:\Users\julio\Desktop\TFM\05_LOGS\BENCHMARKS\TFM_BENCH_VR_IDLE_20260618_180611\process_samples.csv"
"TFM_BENCH_VR_IDLE_20260618_180611","VR_IDLE","2026-06-18T18:09:06.0410224+02:00","114,77","Stopped","8732","notepad.exe","EXCLUDED_NOTEPAD_FALSE_MATCH","C:\Windows\system32\NOTEPAD.EXE","""C:\Windows\system32\NOTEPAD.EXE"" C:\Users\seguridad\Desktop\TFM\Velociraptor\How_UP_server.txt","0","9,17","9,17","2,91","271","1","0","False","C:\Users\julio\Desktop\TFM\05_LOGS\BENCHMARKS\TFM_BENCH_VR_IDLE_20260618_180611\process_samples.csv"
"TFM_BENCH_VR_IDLE_20260618_180611","VR_IDLE","2026-06-18T18:09:06.0410224+02:00","114,77","Stopped","8860","notepad.exe","EXCLUDED_NOTEPAD_FALSE_MATCH","C:\Windows\system32\NOTEPAD.EXE","""C:\Windows\system32\NOTEPAD.EXE"" C:\Users\seguridad\Desktop\TFM\Velociraptor\How_UP_server.txt","0","7,51","7,51","2,92","269","1","0","False","C:\Users\julio\Desktop\TFM\05_LOGS\BENCHMARKS\TFM_BENCH_VR_IDLE_20260618_180611\process_samples.csv"
"TFM_BENCH_VR_IDLE_20260618_180611","VR_IDLE","2026-06-18T18:09:06.0410224+02:00","114,77","Stopped","13880","velociraptor-v0.75.6-windows-amd64.exe","SERVER_GUI_OR_LAB_BINARY","","","0,18","120,88","120,88","95,41","301","13","0","False","C:\Users\julio\Desktop\TFM\05_LOGS\BENCHMARKS\TFM_BENCH_VR_IDLE_20260618_180611\process_samples.csv"
"TFM_BENCH_VR_IDLE_20260618_180611","VR_IDLE","2026-06-18T18:09:08.2504463+02:00","116,98","Stopped","8732","notepad.exe","EXCLUDED_NOTEPAD_FALSE_MATCH","C:\Windows\system32\NOTEPAD.EXE","""C:\Windows\system32\NOTEPAD.EXE"" C:\Users\seguridad\Desktop\TFM\Velociraptor\How_UP_server.txt","0","9,17","9,17","2,91","271","1","0","False","C:\Users\julio\Desktop\TFM\05_LOGS\BENCHMARKS\TFM_BENCH_VR_IDLE_20260618_180611\process_samples.csv"
"TFM_BENCH_VR_IDLE_20260618_180611","VR_IDLE","2026-06-18T18:09:08.2504463+02:00","116,98","Stopped","8860","notepad.exe","EXCLUDED_NOTEPAD_FALSE_MATCH","C:\Windows\system32\NOTEPAD.EXE","""C:\Windows\system32\NOTEPAD.EXE"" C:\Users\seguridad\Desktop\TFM\Velociraptor\How_UP_server.txt","0","7,51","7,51","2,92","269","1","0","False","C:\Users\julio\Desktop\TFM\05_LOGS\BENCHMARKS\TFM_BENCH_VR_IDLE_20260618_180611\process_samples.csv"
"TFM_BENCH_VR_IDLE_20260618_180611","VR_IDLE","2026-06-18T18:09:08.2504463+02:00","116,98","Stopped","13880","velociraptor-v0.75.6-windows-amd64.exe","SERVER_GUI_OR_LAB_BINARY","","","11,85","150,97","150,97","125,48","301","13","0","False","C:\Users\julio\Desktop\TFM\05_LOGS\BENCHMARKS\TFM_BENCH_VR_IDLE_20260618_180611\process_samples.csv"
"TFM_BENCH_VR_IDLE_20260618_180611","VR_IDLE","2026-06-18T18:09:10.4641897+02:00","119,19","Stopped","8732","notepad.exe","EXCLUDED_NOTEPAD_FALSE_MATCH","C:\Windows\system32\NOTEPAD.EXE","""C:\Windows\system32\NOTEPAD.EXE"" C:\Users\seguridad\Desktop\TFM\Velociraptor\How_UP_server.txt","0","9,17","9,17","2,91","271","1","0","False","C:\Users\julio\Desktop\TFM\05_LOGS\BENCHMARKS\TFM_BENCH_VR_IDLE_20260618_180611\process_samples.csv"
"TFM_BENCH_VR_IDLE_20260618_180611","VR_IDLE","2026-06-18T18:09:10.4641897+02:00","119,19","Stopped","8860","notepad.exe","EXCLUDED_NOTEPAD_FALSE_MATCH","C:\Windows\system32\NOTEPAD.EXE","""C:\Windows\system32\NOTEPAD.EXE"" C:\Users\seguridad\Desktop\TFM\Velociraptor\How_UP_server.txt","0","7,51","7,51","2,92","269","1","0","False","C:\Users\julio\Desktop\TFM\05_LOGS\BENCHMARKS\TFM_BENCH_VR_IDLE_20260618_180611\process_samples.csv"
"TFM_BENCH_VR_IDLE_20260618_180611","VR_IDLE","2026-06-18T18:09:10.4641897+02:00","119,19","Stopped","13880","velociraptor-v0.75.6-windows-amd64.exe","SERVER_GUI_OR_LAB_BINARY","","","0","150,97","150,97","125,48","301","13","0","False","C:\Users\julio\Desktop\TFM\05_LOGS\BENCHMARKS\TFM_BENCH_VR_IDLE_20260618_180611\process_samples.csv"
"TFM_BENCH_VR_IDLE_20260618_180611","VR_IDLE","2026-06-18T18:09:12.6644531+02:00","121,39","Stopped","8732","notepad.exe","EXCLUDED_NOTEPAD_FALSE_MATCH","C:\Windows\system32\NOTEPAD.EXE","""C:\Windows\system32\NOTEPAD.EXE"" C:\Users\seguridad\Desktop\TFM\Velociraptor\How_UP_server.txt","0","9,17","9,17","2,91","271","1","0","False","C:\Users\julio\Desktop\TFM\05_LOGS\BENCHMARKS\TFM_BENCH_VR_IDLE_20260618_180611\process_samples.csv"
"TFM_BENCH_VR_IDLE_20260618_180611","VR_IDLE","2026-06-18T18:09:12.6644531+02:00","121,39","Stopped","8860","notepad.exe","EXCLUDED_NOTEPAD_FALSE_MATCH","C:\Windows\system32\NOTEPAD.EXE","""C:\Windows\system32\NOTEPAD.EXE"" C:\Users\seguridad\Desktop\TFM\Velociraptor\How_UP_server.txt","0","7,51","7,51","2,92","269","1","0","False","C:\Users\julio\Desktop\TFM\05_LOGS\BENCHMARKS\TFM_BENCH_VR_IDLE_20260618_180611\process_samples.csv"
"TFM_BENCH_VR_IDLE_20260618_180611","VR_IDLE","2026-06-18T18:09:12.6644531+02:00","121,39","Stopped","13880","velociraptor-v0.75.6-windows-amd64.exe","SERVER_GUI_OR_LAB_BINARY","","","0","120,48","120,48","94,96","301","13","0","False","C:\Users\julio\Desktop\TFM\05_LOGS\BENCHMARKS\TFM_BENCH_VR_IDLE_20260618_180611\process_samples.csv"
"TFM_BENCH_VR_IDLE_20260618_180611","VR_IDLE","2026-06-18T18:09:14.8659888+02:00","123,59","Stopped","8732","notepad.exe","EXCLUDED_NOTEPAD_FALSE_MATCH","C:\Windows\system32\NOTEPAD.EXE","""C:\Windows\system32\NOTEPAD.EXE"" C:\Users\seguridad\Desktop\TFM\Velociraptor\How_UP_server.txt","0","9,17","9,17","2,91","271","1","0","False","C:\Users\julio\Desktop\TFM\05_LOGS\BENCHMARKS\TFM_BENCH_VR_IDLE_20260618_180611\process_samples.csv"
"TFM_BENCH_VR_IDLE_20260618_180611","VR_IDLE","2026-06-18T18:09:14.8659888+02:00","123,59","Stopped","8860","notepad.exe","EXCLUDED_NOTEPAD_FALSE_MATCH","C:\Windows\system32\NOTEPAD.EXE","""C:\Windows\system32\NOTEPAD.EXE"" C:\Users\seguridad\Desktop\TFM\Velociraptor\How_UP_server.txt","0","7,51","7,51","2,92","269","1","0","False","C:\Users\julio\Desktop\TFM\05_LOGS\BENCHMARKS\TFM_BENCH_VR_IDLE_20260618_180611\process_samples.csv"
"TFM_BENCH_VR_IDLE_20260618_180611","VR_IDLE","2026-06-18T18:09:14.8659888+02:00","123,59","Stopped","13880","velociraptor-v0.75.6-windows-amd64.exe","SERVER_GUI_OR_LAB_BINARY","","","0","120,48","120,48","94,96","301","13","0","False","C:\Users\julio\Desktop\TFM\05_LOGS\BENCHMARKS\TFM_BENCH_VR_IDLE_20260618_180611\process_samples.csv"
"TFM_BENCH_VR_IDLE_20260618_180611","VR_IDLE","2026-06-18T18:09:17.0844166+02:00","125,81","Stopped","8732","notepad.exe","EXCLUDED_NOTEPAD_FALSE_MATCH","C:\Windows\system32\NOTEPAD.EXE","""C:\Windows\system32\NOTEPAD.EXE"" C:\Users\seguridad\Desktop\TFM\Velociraptor\How_UP_server.txt","0","9,17","9,17","2,91","271","1","0","False","C:\Users\julio\Desktop\TFM\05_LOGS\BENCHMARKS\TFM_BENCH_VR_IDLE_20260618_180611\process_samples.csv"
"TFM_BENCH_VR_IDLE_20260618_180611","VR_IDLE","2026-06-18T18:09:17.0844166+02:00","125,81","Stopped","8860","notepad.exe","EXCLUDED_NOTEPAD_FALSE_MATCH","C:\Windows\system32\NOTEPAD.EXE","""C:\Windows\system32\NOTEPAD.EXE"" C:\Users\seguridad\Desktop\TFM\Velociraptor\How_UP_server.txt","0","7,51","7,51","2,92","269","1","0","False","C:\Users\julio\Desktop\TFM\05_LOGS\BENCHMARKS\TFM_BENCH_VR_IDLE_20260618_180611\process_samples.csv"
"TFM_BENCH_VR_IDLE_20260618_180611","VR_IDLE","2026-06-18T18:09:17.0844166+02:00","125,81","Stopped","13880","velociraptor-v0.75.6-windows-amd64.exe","SERVER_GUI_OR_LAB_BINARY","","","0,53","120,52","120,52","95","301","13","0","False","C:\Users\julio\Desktop\TFM\05_LOGS\BENCHMARKS\TFM_BENCH_VR_IDLE_20260618_180611\process_samples.csv"
"TFM_BENCH_VR_IDLE_20260618_180611","VR_IDLE","2026-06-18T18:09:19.2868743+02:00","128,02","Stopped","8732","notepad.exe","EXCLUDED_NOTEPAD_FALSE_MATCH","C:\Windows\system32\NOTEPAD.EXE","""C:\Windows\system32\NOTEPAD.EXE"" C:\Users\seguridad\Desktop\TFM\Velociraptor\How_UP_server.txt","0","9,17","9,17","2,91","271","1","0","False","C:\Users\julio\Desktop\TFM\05_LOGS\BENCHMARKS\TFM_BENCH_VR_IDLE_20260618_180611\process_samples.csv"
"TFM_BENCH_VR_IDLE_20260618_180611","VR_IDLE","2026-06-18T18:09:19.2868743+02:00","128,02","Stopped","8860","notepad.exe","EXCLUDED_NOTEPAD_FALSE_MATCH","C:\Windows\system32\NOTEPAD.EXE","""C:\Windows\system32\NOTEPAD.EXE"" C:\Users\seguridad\Desktop\TFM\Velociraptor\How_UP_server.txt","0","7,51","7,51","2,92","269","1","0","False","C:\Users\julio\Desktop\TFM\05_LOGS\BENCHMARKS\TFM_BENCH_VR_IDLE_20260618_180611\process_samples.csv"
"TFM_BENCH_VR_IDLE_20260618_180611","VR_IDLE","2026-06-18T18:09:19.2868743+02:00","128,02","Stopped","13880","velociraptor-v0.75.6-windows-amd64.exe","SERVER_GUI_OR_LAB_BINARY","","","0,71","123,11","123,11","97,78","301","13","0","False","C:\Users\julio\Desktop\TFM\05_LOGS\BENCHMARKS\TFM_BENCH_VR_IDLE_20260618_180611\process_samples.csv"
"TFM_BENCH_VR_IDLE_20260618_180611","VR_IDLE","2026-06-18T18:09:21.4889773+02:00","130,22","Stopped","8732","notepad.exe","EXCLUDED_NOTEPAD_FALSE_MATCH","C:\Windows\system32\NOTEPAD.EXE","""C:\Windows\system32\NOTEPAD.EXE"" C:\Users\seguridad\Desktop\TFM\Velociraptor\How_UP_server.txt","0","9,17","9,17","2,91","271","1","0","False","C:\Users\julio\Desktop\TFM\05_LOGS\BENCHMARKS\TFM_BENCH_VR_IDLE_20260618_180611\process_samples.csv"
"TFM_BENCH_VR_IDLE_20260618_180611","VR_IDLE","2026-06-18T18:09:21.4889773+02:00","130,22","Stopped","8860","notepad.exe","EXCLUDED_NOTEPAD_FALSE_MATCH","C:\Windows\system32\NOTEPAD.EXE","""C:\Windows\system32\NOTEPAD.EXE"" C:\Users\seguridad\Desktop\TFM\Velociraptor\How_UP_server.txt","0","7,51","7,51","2,92","269","1","0","False","C:\Users\julio\Desktop\TFM\05_LOGS\BENCHMARKS\TFM_BENCH_VR_IDLE_20260618_180611\process_samples.csv"
"TFM_BENCH_VR_IDLE_20260618_180611","VR_IDLE","2026-06-18T18:09:21.4889773+02:00","130,22","Stopped","13880","velociraptor-v0.75.6-windows-amd64.exe","SERVER_GUI_OR_LAB_BINARY","","","10,29","150,94","150,94","125,45","301","13","0","False","C:\Users\julio\Desktop\TFM\05_LOGS\BENCHMARKS\TFM_BENCH_VR_IDLE_20260618_180611\process_samples.csv"
"TFM_BENCH_VR_IDLE_20260618_180611","VR_IDLE","2026-06-18T18:09:23.7041224+02:00","132,43","Stopped","8732","notepad.exe","EXCLUDED_NOTEPAD_FALSE_MATCH","C:\Windows\system32\NOTEPAD.EXE","""C:\Windows\system32\NOTEPAD.EXE"" C:\Users\seguridad\Desktop\TFM\Velociraptor\How_UP_server.txt","0","9,17","9,17","2,91","271","1","0","False","C:\Users\julio\Desktop\TFM\05_LOGS\BENCHMARKS\TFM_BENCH_VR_IDLE_20260618_180611\process_samples.csv"
"TFM_BENCH_VR_IDLE_20260618_180611","VR_IDLE","2026-06-18T18:09:23.7041224+02:00","132,43","Stopped","8860","notepad.exe","EXCLUDED_NOTEPAD_FALSE_MATCH","C:\Windows\system32\NOTEPAD.EXE","""C:\Windows\system32\NOTEPAD.EXE"" C:\Users\seguridad\Desktop\TFM\Velociraptor\How_UP_server.txt","0","7,51","7,51","2,92","269","1","0","False","C:\Users\julio\Desktop\TFM\05_LOGS\BENCHMARKS\TFM_BENCH_VR_IDLE_20260618_180611\process_samples.csv"
"TFM_BENCH_VR_IDLE_20260618_180611","VR_IDLE","2026-06-18T18:09:23.7041224+02:00","132,43","Stopped","13880","velociraptor-v0.75.6-windows-amd64.exe","SERVER_GUI_OR_LAB_BINARY","","","0","120,17","120,17","94,64","301","13","0","False","C:\Users\julio\Desktop\TFM\05_LOGS\BENCHMARKS\TFM_BENCH_VR_IDLE_20260618_180611\process_samples.csv"
"TFM_BENCH_VR_IDLE_20260618_180611","VR_IDLE","2026-06-18T18:09:25.9211647+02:00","134,65","Stopped","8732","notepad.exe","EXCLUDED_NOTEPAD_FALSE_MATCH","C:\Windows\system32\NOTEPAD.EXE","""C:\Windows\system32\NOTEPAD.EXE"" C:\Users\seguridad\Desktop\TFM\Velociraptor\How_UP_server.txt","0","9,17","9,17","2,91","271","1","0","False","C:\Users\julio\Desktop\TFM\05_LOGS\BENCHMARKS\TFM_BENCH_VR_IDLE_20260618_180611\process_samples.csv"
"TFM_BENCH_VR_IDLE_20260618_180611","VR_IDLE","2026-06-18T18:09:25.9211647+02:00","134,65","Stopped","8860","notepad.exe","EXCLUDED_NOTEPAD_FALSE_MATCH","C:\Windows\system32\NOTEPAD.EXE","""C:\Windows\system32\NOTEPAD.EXE"" C:\Users\seguridad\Desktop\TFM\Velociraptor\How_UP_server.txt","0","7,51","7,51","2,92","269","1","0","False","C:\Users\julio\Desktop\TFM\05_LOGS\BENCHMARKS\TFM_BENCH_VR_IDLE_20260618_180611\process_samples.csv"
"TFM_BENCH_VR_IDLE_20260618_180611","VR_IDLE","2026-06-18T18:09:25.9211647+02:00","134,65","Stopped","13880","velociraptor-v0.75.6-windows-amd64.exe","SERVER_GUI_OR_LAB_BINARY","","","0","120,17","120,17","94,66","301","13","0","False","C:\Users\julio\Desktop\TFM\05_LOGS\BENCHMARKS\TFM_BENCH_VR_IDLE_20260618_180611\process_samples.csv"
"TFM_BENCH_VR_IDLE_20260618_180611","VR_IDLE","2026-06-18T18:09:28.1343905+02:00","136,86","Stopped","8732","notepad.exe","EXCLUDED_NOTEPAD_FALSE_MATCH","C:\Windows\system32\NOTEPAD.EXE","""C:\Windows\system32\NOTEPAD.EXE"" C:\Users\seguridad\Desktop\TFM\Velociraptor\How_UP_server.txt","0","9,17","9,17","2,91","271","1","0","False","C:\Users\julio\Desktop\TFM\05_LOGS\BENCHMARKS\TFM_BENCH_VR_IDLE_20260618_180611\process_samples.csv"
"TFM_BENCH_VR_IDLE_20260618_180611","VR_IDLE","2026-06-18T18:09:28.1343905+02:00","136,86","Stopped","8860","notepad.exe","EXCLUDED_NOTEPAD_FALSE_MATCH","C:\Windows\system32\NOTEPAD.EXE","""C:\Windows\system32\NOTEPAD.EXE"" C:\Users\seguridad\Desktop\TFM\Velociraptor\How_UP_server.txt","0","7,51","7,51","2,92","269","1","0","False","C:\Users\julio\Desktop\TFM\05_LOGS\BENCHMARKS\TFM_BENCH_VR_IDLE_20260618_180611\process_samples.csv"
"TFM_BENCH_VR_IDLE_20260618_180611","VR_IDLE","2026-06-18T18:09:28.1343905+02:00","136,86","Stopped","13880","velociraptor-v0.75.6-windows-amd64.exe","SERVER_GUI_OR_LAB_BINARY","","","0","120,27","120,27","94,79","301","13","0","False","C:\Users\julio\Desktop\TFM\05_LOGS\BENCHMARKS\TFM_BENCH_VR_IDLE_20260618_180611\process_samples.csv"
"TFM_BENCH_VR_IDLE_20260618_180611","VR_IDLE","2026-06-18T18:09:30.3551000+02:00","139,08","Stopped","8732","notepad.exe","EXCLUDED_NOTEPAD_FALSE_MATCH","C:\Windows\system32\NOTEPAD.EXE","""C:\Windows\system32\NOTEPAD.EXE"" C:\Users\seguridad\Desktop\TFM\Velociraptor\How_UP_server.txt","0","9,17","9,17","2,91","271","1","0","False","C:\Users\julio\Desktop\TFM\05_LOGS\BENCHMARKS\TFM_BENCH_VR_IDLE_20260618_180611\process_samples.csv"
"TFM_BENCH_VR_IDLE_20260618_180611","VR_IDLE","2026-06-18T18:09:30.3551000+02:00","139,08","Stopped","8860","notepad.exe","EXCLUDED_NOTEPAD_FALSE_MATCH","C:\Windows\system32\NOTEPAD.EXE","""C:\Windows\system32\NOTEPAD.EXE"" C:\Users\seguridad\Desktop\TFM\Velociraptor\How_UP_server.txt","0","7,51","7,51","2,92","269","1","0","False","C:\Users\julio\Desktop\TFM\05_LOGS\BENCHMARKS\TFM_BENCH_VR_IDLE_20260618_180611\process_samples.csv"
"TFM_BENCH_VR_IDLE_20260618_180611","VR_IDLE","2026-06-18T18:09:30.3551000+02:00","139,08","Stopped","13880","velociraptor-v0.75.6-windows-amd64.exe","SERVER_GUI_OR_LAB_BINARY","","","0","120,27","120,27","94,79","301","13","0","False","C:\Users\julio\Desktop\TFM\05_LOGS\BENCHMARKS\TFM_BENCH_VR_IDLE_20260618_180611\process_samples.csv"
"TFM_BENCH_VR_IDLE_20260618_180611","VR_IDLE","2026-06-18T18:09:32.5180228+02:00","141,25","Stopped","8732","notepad.exe","EXCLUDED_NOTEPAD_FALSE_MATCH","C:\Windows\system32\NOTEPAD.EXE","""C:\Windows\system32\NOTEPAD.EXE"" C:\Users\seguridad\Desktop\TFM\Velociraptor\How_UP_server.txt","0","9,17","9,17","2,91","271","1","0","False","C:\Users\julio\Desktop\TFM\05_LOGS\BENCHMARKS\TFM_BENCH_VR_IDLE_20260618_180611\process_samples.csv"
"TFM_BENCH_VR_IDLE_20260618_180611","VR_IDLE","2026-06-18T18:09:32.5180228+02:00","141,25","Stopped","8860","notepad.exe","EXCLUDED_NOTEPAD_FALSE_MATCH","C:\Windows\system32\NOTEPAD.EXE","""C:\Windows\system32\NOTEPAD.EXE"" C:\Users\seguridad\Desktop\TFM\Velociraptor\How_UP_server.txt","0","7,51","7,51","2,92","269","1","0","False","C:\Users\julio\Desktop\TFM\05_LOGS\BENCHMARKS\TFM_BENCH_VR_IDLE_20260618_180611\process_samples.csv"
"TFM_BENCH_VR_IDLE_20260618_180611","VR_IDLE","2026-06-18T18:09:32.5180228+02:00","141,25","Stopped","13880","velociraptor-v0.75.6-windows-amd64.exe","SERVER_GUI_OR_LAB_BINARY","","","0","120,1","120,1","94,58","301","13","0","False","C:\Users\julio\Desktop\TFM\05_LOGS\BENCHMARKS\TFM_BENCH_VR_IDLE_20260618_180611\process_samples.csv"
"TFM_BENCH_VR_IDLE_20260618_180611","VR_IDLE","2026-06-18T18:09:34.7427328+02:00","143,47","Stopped","8732","notepad.exe","EXCLUDED_NOTEPAD_FALSE_MATCH","C:\Windows\system32\NOTEPAD.EXE","""C:\Windows\system32\NOTEPAD.EXE"" C:\Users\seguridad\Desktop\TFM\Velociraptor\How_UP_server.txt","0","9,17","9,17","2,91","271","1","0","False","C:\Users\julio\Desktop\TFM\05_LOGS\BENCHMARKS\TFM_BENCH_VR_IDLE_20260618_180611\process_samples.csv"
"TFM_BENCH_VR_IDLE_20260618_180611","VR_IDLE","2026-06-18T18:09:34.7427328+02:00","143,47","Stopped","8860","notepad.exe","EXCLUDED_NOTEPAD_FALSE_MATCH","C:\Windows\system32\NOTEPAD.EXE","""C:\Windows\system32\NOTEPAD.EXE"" C:\Users\seguridad\Desktop\TFM\Velociraptor\How_UP_server.txt","0","7,51","7,51","2,92","269","1","0","False","C:\Users\julio\Desktop\TFM\05_LOGS\BENCHMARKS\TFM_BENCH_VR_IDLE_20260618_180611\process_samples.csv"
"TFM_BENCH_VR_IDLE_20260618_180611","VR_IDLE","2026-06-18T18:09:34.7427328+02:00","143,47","Stopped","13880","velociraptor-v0.75.6-windows-amd64.exe","SERVER_GUI_OR_LAB_BINARY","","","0,18","120,11","120,11","94,59","301","13","0","False","C:\Users\julio\Desktop\TFM\05_LOGS\BENCHMARKS\TFM_BENCH_VR_IDLE_20260618_180611\process_samples.csv"
"TFM_BENCH_VR_IDLE_20260618_180611","VR_IDLE","2026-06-18T18:09:36.9492864+02:00","145,68","Stopped","8732","notepad.exe","EXCLUDED_NOTEPAD_FALSE_MATCH","C:\Windows\system32\NOTEPAD.EXE","""C:\Windows\system32\NOTEPAD.EXE"" C:\Users\seguridad\Desktop\TFM\Velociraptor\How_UP_server.txt","0","9,17","9,17","2,91","271","1","0","False","C:\Users\julio\Desktop\TFM\05_LOGS\BENCHMARKS\TFM_BENCH_VR_IDLE_20260618_180611\process_samples.csv"
"TFM_BENCH_VR_IDLE_20260618_180611","VR_IDLE","2026-06-18T18:09:36.9492864+02:00","145,68","Stopped","8860","notepad.exe","EXCLUDED_NOTEPAD_FALSE_MATCH","C:\Windows\system32\NOTEPAD.EXE","""C:\Windows\system32\NOTEPAD.EXE"" C:\Users\seguridad\Desktop\TFM\Velociraptor\How_UP_server.txt","0","7,51","7,51","2,92","269","1","0","False","C:\Users\julio\Desktop\TFM\05_LOGS\BENCHMARKS\TFM_BENCH_VR_IDLE_20260618_180611\process_samples.csv"
"TFM_BENCH_VR_IDLE_20260618_180611","VR_IDLE","2026-06-18T18:09:36.9492864+02:00","145,68","Stopped","13880","velociraptor-v0.75.6-windows-amd64.exe","SERVER_GUI_OR_LAB_BINARY","","","0","120,38","120,38","94,88","301","13","0","False","C:\Users\julio\Desktop\TFM\05_LOGS\BENCHMARKS\TFM_BENCH_VR_IDLE_20260618_180611\process_samples.csv"
"TFM_BENCH_VR_IDLE_20260618_180611","VR_IDLE","2026-06-18T18:09:39.1473696+02:00","147,88","Stopped","8732","notepad.exe","EXCLUDED_NOTEPAD_FALSE_MATCH","C:\Windows\system32\NOTEPAD.EXE","""C:\Windows\system32\NOTEPAD.EXE"" C:\Users\seguridad\Desktop\TFM\Velociraptor\How_UP_server.txt","0","9,17","9,17","2,91","271","1","0","False","C:\Users\julio\Desktop\TFM\05_LOGS\BENCHMARKS\TFM_BENCH_VR_IDLE_20260618_180611\process_samples.csv"
"TFM_BENCH_VR_IDLE_20260618_180611","VR_IDLE","2026-06-18T18:09:39.1473696+02:00","147,88","Stopped","8860","notepad.exe","EXCLUDED_NOTEPAD_FALSE_MATCH","C:\Windows\system32\NOTEPAD.EXE","""C:\Windows\system32\NOTEPAD.EXE"" C:\Users\seguridad\Desktop\TFM\Velociraptor\How_UP_server.txt","0","7,51","7,51","2,92","269","1","0","False","C:\Users\julio\Desktop\TFM\05_LOGS\BENCHMARKS\TFM_BENCH_VR_IDLE_20260618_180611\process_samples.csv"
"TFM_BENCH_VR_IDLE_20260618_180611","VR_IDLE","2026-06-18T18:09:39.1473696+02:00","147,88","Stopped","13880","velociraptor-v0.75.6-windows-amd64.exe","SERVER_GUI_OR_LAB_BINARY","","","9,77","147,52","147,52","121,98","301","13","0","False","C:\Users\julio\Desktop\TFM\05_LOGS\BENCHMARKS\TFM_BENCH_VR_IDLE_20260618_180611\process_samples.csv"
"TFM_BENCH_VR_IDLE_20260618_180611","VR_IDLE","2026-06-18T18:09:41.3500796+02:00","150,08","Stopped","8732","notepad.exe","EXCLUDED_NOTEPAD_FALSE_MATCH","C:\Windows\system32\NOTEPAD.EXE","""C:\Windows\system32\NOTEPAD.EXE"" C:\Users\seguridad\Desktop\TFM\Velociraptor\How_UP_server.txt","0","9,17","9,17","2,91","271","1","0","False","C:\Users\julio\Desktop\TFM\05_LOGS\BENCHMARKS\TFM_BENCH_VR_IDLE_20260618_180611\process_samples.csv"
"TFM_BENCH_VR_IDLE_20260618_180611","VR_IDLE","2026-06-18T18:09:41.3500796+02:00","150,08","Stopped","8860","notepad.exe","EXCLUDED_NOTEPAD_FALSE_MATCH","C:\Windows\system32\NOTEPAD.EXE","""C:\Windows\system32\NOTEPAD.EXE"" C:\Users\seguridad\Desktop\TFM\Velociraptor\How_UP_server.txt","0","7,51","7,51","2,92","269","1","0","False","C:\Users\julio\Desktop\TFM\05_LOGS\BENCHMARKS\TFM_BENCH_VR_IDLE_20260618_180611\process_samples.csv"
"TFM_BENCH_VR_IDLE_20260618_180611","VR_IDLE","2026-06-18T18:09:41.3500796+02:00","150,08","Stopped","13880","velociraptor-v0.75.6-windows-amd64.exe","SERVER_GUI_OR_LAB_BINARY","","","0,18","147,52","147,52","121,98","301","13","0","False","C:\Users\julio\Desktop\TFM\05_LOGS\BENCHMARKS\TFM_BENCH_VR_IDLE_20260618_180611\process_samples.csv"
"TFM_BENCH_VR_IDLE_20260618_180611","VR_IDLE","2026-06-18T18:09:43.5546682+02:00","152,28","Stopped","8732","notepad.exe","EXCLUDED_NOTEPAD_FALSE_MATCH","C:\Windows\system32\NOTEPAD.EXE","""C:\Windows\system32\NOTEPAD.EXE"" C:\Users\seguridad\Desktop\TFM\Velociraptor\How_UP_server.txt","0","9,17","9,17","2,91","271","1","0","False","C:\Users\julio\Desktop\TFM\05_LOGS\BENCHMARKS\TFM_BENCH_VR_IDLE_20260618_180611\process_samples.csv"
"TFM_BENCH_VR_IDLE_20260618_180611","VR_IDLE","2026-06-18T18:09:43.5546682+02:00","152,28","Stopped","8860","notepad.exe","EXCLUDED_NOTEPAD_FALSE_MATCH","C:\Windows\system32\NOTEPAD.EXE","""C:\Windows\system32\NOTEPAD.EXE"" C:\Users\seguridad\Desktop\TFM\Velociraptor\How_UP_server.txt","0","7,51","7,51","2,92","269","1","0","False","C:\Users\julio\Desktop\TFM\05_LOGS\BENCHMARKS\TFM_BENCH_VR_IDLE_20260618_180611\process_samples.csv"
"TFM_BENCH_VR_IDLE_20260618_180611","VR_IDLE","2026-06-18T18:09:43.5546682+02:00","152,28","Stopped","13880","velociraptor-v0.75.6-windows-amd64.exe","SERVER_GUI_OR_LAB_BINARY","","","0,18","120,36","120,36","94,82","301","13","0","False","C:\Users\julio\Desktop\TFM\05_LOGS\BENCHMARKS\TFM_BENCH_VR_IDLE_20260618_180611\process_samples.csv"
"TFM_BENCH_VR_IDLE_20260618_180611","VR_IDLE","2026-06-18T18:09:45.7464766+02:00","154,47","Stopped","8732","notepad.exe","EXCLUDED_NOTEPAD_FALSE_MATCH","C:\Windows\system32\NOTEPAD.EXE","""C:\Windows\system32\NOTEPAD.EXE"" C:\Users\seguridad\Desktop\TFM\Velociraptor\How_UP_server.txt","0","9,17","9,17","2,91","271","1","0","False","C:\Users\julio\Desktop\TFM\05_LOGS\BENCHMARKS\TFM_BENCH_VR_IDLE_20260618_180611\process_samples.csv"
"TFM_BENCH_VR_IDLE_20260618_180611","VR_IDLE","2026-06-18T18:09:45.7464766+02:00","154,47","Stopped","8860","notepad.exe","EXCLUDED_NOTEPAD_FALSE_MATCH","C:\Windows\system32\NOTEPAD.EXE","""C:\Windows\system32\NOTEPAD.EXE"" C:\Users\seguridad\Desktop\TFM\Velociraptor\How_UP_server.txt","0","7,51","7,51","2,92","269","1","0","False","C:\Users\julio\Desktop\TFM\05_LOGS\BENCHMARKS\TFM_BENCH_VR_IDLE_20260618_180611\process_samples.csv"
"TFM_BENCH_VR_IDLE_20260618_180611","VR_IDLE","2026-06-18T18:09:45.7464766+02:00","154,47","Stopped","13880","velociraptor-v0.75.6-windows-amd64.exe","SERVER_GUI_OR_LAB_BINARY","","","0,18","120,39","120,39","94,85","301","13","0","False","C:\Users\julio\Desktop\TFM\05_LOGS\BENCHMARKS\TFM_BENCH_VR_IDLE_20260618_180611\process_samples.csv"
"TFM_BENCH_VR_IDLE_20260618_180611","VR_IDLE","2026-06-18T18:09:47.9330836+02:00","156,66","Stopped","8732","notepad.exe","EXCLUDED_NOTEPAD_FALSE_MATCH","C:\Windows\system32\NOTEPAD.EXE","""C:\Windows\system32\NOTEPAD.EXE"" C:\Users\seguridad\Desktop\TFM\Velociraptor\How_UP_server.txt","0","9,17","9,17","2,91","271","1","0","False","C:\Users\julio\Desktop\TFM\05_LOGS\BENCHMARKS\TFM_BENCH_VR_IDLE_20260618_180611\process_samples.csv"
"TFM_BENCH_VR_IDLE_20260618_180611","VR_IDLE","2026-06-18T18:09:47.9330836+02:00","156,66","Stopped","8860","notepad.exe","EXCLUDED_NOTEPAD_FALSE_MATCH","C:\Windows\system32\NOTEPAD.EXE","""C:\Windows\system32\NOTEPAD.EXE"" C:\Users\seguridad\Desktop\TFM\Velociraptor\How_UP_server.txt","0","7,51","7,51","2,92","269","1","0","False","C:\Users\julio\Desktop\TFM\05_LOGS\BENCHMARKS\TFM_BENCH_VR_IDLE_20260618_180611\process_samples.csv"
"TFM_BENCH_VR_IDLE_20260618_180611","VR_IDLE","2026-06-18T18:09:47.9330836+02:00","156,66","Stopped","13880","velociraptor-v0.75.6-windows-amd64.exe","SERVER_GUI_OR_LAB_BINARY","","","0,54","120,47","120,47","94,98","301","13","0","False","C:\Users\julio\Desktop\TFM\05_LOGS\BENCHMARKS\TFM_BENCH_VR_IDLE_20260618_180611\process_samples.csv"
"TFM_BENCH_VR_IDLE_20260618_180611","VR_IDLE","2026-06-18T18:09:50.1389458+02:00","158,87","Stopped","8732","notepad.exe","EXCLUDED_NOTEPAD_FALSE_MATCH","C:\Windows\system32\NOTEPAD.EXE","""C:\Windows\system32\NOTEPAD.EXE"" C:\Users\seguridad\Desktop\TFM\Velociraptor\How_UP_server.txt","0","9,17","9,17","2,91","271","1","0","False","C:\Users\julio\Desktop\TFM\05_LOGS\BENCHMARKS\TFM_BENCH_VR_IDLE_20260618_180611\process_samples.csv"
"TFM_BENCH_VR_IDLE_20260618_180611","VR_IDLE","2026-06-18T18:09:50.1389458+02:00","158,87","Stopped","8860","notepad.exe","EXCLUDED_NOTEPAD_FALSE_MATCH","C:\Windows\system32\NOTEPAD.EXE","""C:\Windows\system32\NOTEPAD.EXE"" C:\Users\seguridad\Desktop\TFM\Velociraptor\How_UP_server.txt","0","7,51","7,51","2,92","269","1","0","False","C:\Users\julio\Desktop\TFM\05_LOGS\BENCHMARKS\TFM_BENCH_VR_IDLE_20260618_180611\process_samples.csv"
"TFM_BENCH_VR_IDLE_20260618_180611","VR_IDLE","2026-06-18T18:09:50.1389458+02:00","158,87","Stopped","13880","velociraptor-v0.75.6-windows-amd64.exe","SERVER_GUI_OR_LAB_BINARY","","","0,53","121,25","121,25","95,89","301","13","0","False","C:\Users\julio\Desktop\TFM\05_LOGS\BENCHMARKS\TFM_BENCH_VR_IDLE_20260618_180611\process_samples.csv"
"TFM_BENCH_VR_IDLE_20260618_180611","VR_IDLE","2026-06-18T18:09:52.3345941+02:00","161,06","Stopped","8732","notepad.exe","EXCLUDED_NOTEPAD_FALSE_MATCH","C:\Windows\system32\NOTEPAD.EXE","""C:\Windows\system32\NOTEPAD.EXE"" C:\Users\seguridad\Desktop\TFM\Velociraptor\How_UP_server.txt","0","9,17","9,17","2,91","271","1","0","False","C:\Users\julio\Desktop\TFM\05_LOGS\BENCHMARKS\TFM_BENCH_VR_IDLE_20260618_180611\process_samples.csv"
"TFM_BENCH_VR_IDLE_20260618_180611","VR_IDLE","2026-06-18T18:09:52.3345941+02:00","161,06","Stopped","8860","notepad.exe","EXCLUDED_NOTEPAD_FALSE_MATCH","C:\Windows\system32\NOTEPAD.EXE","""C:\Windows\system32\NOTEPAD.EXE"" C:\Users\seguridad\Desktop\TFM\Velociraptor\How_UP_server.txt","0","7,51","7,51","2,92","269","1","0","False","C:\Users\julio\Desktop\TFM\05_LOGS\BENCHMARKS\TFM_BENCH_VR_IDLE_20260618_180611\process_samples.csv"
"TFM_BENCH_VR_IDLE_20260618_180611","VR_IDLE","2026-06-18T18:09:52.3345941+02:00","161,06","Stopped","13880","velociraptor-v0.75.6-windows-amd64.exe","SERVER_GUI_OR_LAB_BINARY","","","0","120,18","120,18","94,64","301","13","0","False","C:\Users\julio\Desktop\TFM\05_LOGS\BENCHMARKS\TFM_BENCH_VR_IDLE_20260618_180611\process_samples.csv"
"TFM_BENCH_VR_IDLE_20260618_180611","VR_IDLE","2026-06-18T18:09:54.5366851+02:00","163,26","Stopped","8732","notepad.exe","EXCLUDED_NOTEPAD_FALSE_MATCH","C:\Windows\system32\NOTEPAD.EXE","""C:\Windows\system32\NOTEPAD.EXE"" C:\Users\seguridad\Desktop\TFM\Velociraptor\How_UP_server.txt","0","9,17","9,17","2,91","271","1","0","False","C:\Users\julio\Desktop\TFM\05_LOGS\BENCHMARKS\TFM_BENCH_VR_IDLE_20260618_180611\process_samples.csv"
"TFM_BENCH_VR_IDLE_20260618_180611","VR_IDLE","2026-06-18T18:09:54.5366851+02:00","163,26","Stopped","8860","notepad.exe","EXCLUDED_NOTEPAD_FALSE_MATCH","C:\Windows\system32\NOTEPAD.EXE","""C:\Windows\system32\NOTEPAD.EXE"" C:\Users\seguridad\Desktop\TFM\Velociraptor\How_UP_server.txt","0","7,51","7,51","2,92","269","1","0","False","C:\Users\julio\Desktop\TFM\05_LOGS\BENCHMARKS\TFM_BENCH_VR_IDLE_20260618_180611\process_samples.csv"
"TFM_BENCH_VR_IDLE_20260618_180611","VR_IDLE","2026-06-18T18:09:54.5366851+02:00","163,26","Stopped","13880","velociraptor-v0.75.6-windows-amd64.exe","SERVER_GUI_OR_LAB_BINARY","","","10,64","149,85","149,85","124,32","301","13","0","False","C:\Users\julio\Desktop\TFM\05_LOGS\BENCHMARKS\TFM_BENCH_VR_IDLE_20260618_180611\process_samples.csv"
"TFM_BENCH_VR_IDLE_20260618_180611","VR_IDLE","2026-06-18T18:09:56.7456651+02:00","165,47","Stopped","8732","notepad.exe","EXCLUDED_NOTEPAD_FALSE_MATCH","C:\Windows\system32\NOTEPAD.EXE","""C:\Windows\system32\NOTEPAD.EXE"" C:\Users\seguridad\Desktop\TFM\Velociraptor\How_UP_server.txt","0","9,17","9,17","2,91","271","1","0","False","C:\Users\julio\Desktop\TFM\05_LOGS\BENCHMARKS\TFM_BENCH_VR_IDLE_20260618_180611\process_samples.csv"
"TFM_BENCH_VR_IDLE_20260618_180611","VR_IDLE","2026-06-18T18:09:56.7456651+02:00","165,47","Stopped","8860","notepad.exe","EXCLUDED_NOTEPAD_FALSE_MATCH","C:\Windows\system32\NOTEPAD.EXE","""C:\Windows\system32\NOTEPAD.EXE"" C:\Users\seguridad\Desktop\TFM\Velociraptor\How_UP_server.txt","0","7,51","7,51","2,92","269","1","0","False","C:\Users\julio\Desktop\TFM\05_LOGS\BENCHMARKS\TFM_BENCH_VR_IDLE_20260618_180611\process_samples.csv"
"TFM_BENCH_VR_IDLE_20260618_180611","VR_IDLE","2026-06-18T18:09:56.7456651+02:00","165,47","Stopped","13880","velociraptor-v0.75.6-windows-amd64.exe","SERVER_GUI_OR_LAB_BINARY","","","0,18","151,55","151,55","126,02","301","13","0","False","C:\Users\julio\Desktop\TFM\05_LOGS\BENCHMARKS\TFM_BENCH_VR_IDLE_20260618_180611\process_samples.csv"
"TFM_BENCH_VR_IDLE_20260618_180611","VR_IDLE","2026-06-18T18:09:58.9417290+02:00","167,67","Stopped","8732","notepad.exe","EXCLUDED_NOTEPAD_FALSE_MATCH","C:\Windows\system32\NOTEPAD.EXE","""C:\Windows\system32\NOTEPAD.EXE"" C:\Users\seguridad\Desktop\TFM\Velociraptor\How_UP_server.txt","0","9,17","9,17","2,91","271","1","0","False","C:\Users\julio\Desktop\TFM\05_LOGS\BENCHMARKS\TFM_BENCH_VR_IDLE_20260618_180611\process_samples.csv"
"TFM_BENCH_VR_IDLE_20260618_180611","VR_IDLE","2026-06-18T18:09:58.9417290+02:00","167,67","Stopped","8860","notepad.exe","EXCLUDED_NOTEPAD_FALSE_MATCH","C:\Windows\system32\NOTEPAD.EXE","""C:\Windows\system32\NOTEPAD.EXE"" C:\Users\seguridad\Desktop\TFM\Velociraptor\How_UP_server.txt","0","7,51","7,51","2,92","269","1","0","False","C:\Users\julio\Desktop\TFM\05_LOGS\BENCHMARKS\TFM_BENCH_VR_IDLE_20260618_180611\process_samples.csv"
"TFM_BENCH_VR_IDLE_20260618_180611","VR_IDLE","2026-06-18T18:09:58.9417290+02:00","167,67","Stopped","13880","velociraptor-v0.75.6-windows-amd64.exe","SERVER_GUI_OR_LAB_BINARY","","","0","151,55","151,55","126,02","301","13","0","False","C:\Users\julio\Desktop\TFM\05_LOGS\BENCHMARKS\TFM_BENCH_VR_IDLE_20260618_180611\process_samples.csv"
"TFM_BENCH_VR_IDLE_20260618_180611","VR_IDLE","2026-06-18T18:10:01.1306874+02:00","169,86","Stopped","8732","notepad.exe","EXCLUDED_NOTEPAD_FALSE_MATCH","C:\Windows\system32\NOTEPAD.EXE","""C:\Windows\system32\NOTEPAD.EXE"" C:\Users\seguridad\Desktop\TFM\Velociraptor\How_UP_server.txt","0","9,17","9,17","2,91","271","1","0","False","C:\Users\julio\Desktop\TFM\05_LOGS\BENCHMARKS\TFM_BENCH_VR_IDLE_20260618_180611\process_samples.csv"
"TFM_BENCH_VR_IDLE_20260618_180611","VR_IDLE","2026-06-18T18:10:01.1306874+02:00","169,86","Stopped","8860","notepad.exe","EXCLUDED_NOTEPAD_FALSE_MATCH","C:\Windows\system32\NOTEPAD.EXE","""C:\Windows\system32\NOTEPAD.EXE"" C:\Users\seguridad\Desktop\TFM\Velociraptor\How_UP_server.txt","0","7,51","7,51","2,92","269","1","0","False","C:\Users\julio\Desktop\TFM\05_LOGS\BENCHMARKS\TFM_BENCH_VR_IDLE_20260618_180611\process_samples.csv"
"TFM_BENCH_VR_IDLE_20260618_180611","VR_IDLE","2026-06-18T18:10:01.1306874+02:00","169,86","Stopped","13880","velociraptor-v0.75.6-windows-amd64.exe","SERVER_GUI_OR_LAB_BINARY","","","0","151,55","151,55","126,02","301","13","0","False","C:\Users\julio\Desktop\TFM\05_LOGS\BENCHMARKS\TFM_BENCH_VR_IDLE_20260618_180611\process_samples.csv"
"TFM_BENCH_VR_IDLE_20260618_180611","VR_IDLE","2026-06-18T18:10:03.3340520+02:00","172,06","Stopped","8732","notepad.exe","EXCLUDED_NOTEPAD_FALSE_MATCH","C:\Windows\system32\NOTEPAD.EXE","""C:\Windows\system32\NOTEPAD.EXE"" C:\Users\seguridad\Desktop\TFM\Velociraptor\How_UP_server.txt","0","9,17","9,17","2,91","271","1","0","False","C:\Users\julio\Desktop\TFM\05_LOGS\BENCHMARKS\TFM_BENCH_VR_IDLE_20260618_180611\process_samples.csv"
"TFM_BENCH_VR_IDLE_20260618_180611","VR_IDLE","2026-06-18T18:10:03.3340520+02:00","172,06","Stopped","8860","notepad.exe","EXCLUDED_NOTEPAD_FALSE_MATCH","C:\Windows\system32\NOTEPAD.EXE","""C:\Windows\system32\NOTEPAD.EXE"" C:\Users\seguridad\Desktop\TFM\Velociraptor\How_UP_server.txt","0","7,51","7,51","2,92","269","1","0","False","C:\Users\julio\Desktop\TFM\05_LOGS\BENCHMARKS\TFM_BENCH_VR_IDLE_20260618_180611\process_samples.csv"
"TFM_BENCH_VR_IDLE_20260618_180611","VR_IDLE","2026-06-18T18:10:03.3340520+02:00","172,06","Stopped","13880","velociraptor-v0.75.6-windows-amd64.exe","SERVER_GUI_OR_LAB_BINARY","","","0,71","122,34","122,34","96,84","301","13","0","False","C:\Users\julio\Desktop\TFM\05_LOGS\BENCHMARKS\TFM_BENCH_VR_IDLE_20260618_180611\process_samples.csv"
"TFM_BENCH_VR_IDLE_20260618_180611","VR_IDLE","2026-06-18T18:10:05.5245878+02:00","174,25","Stopped","8732","notepad.exe","EXCLUDED_NOTEPAD_FALSE_MATCH","C:\Windows\system32\NOTEPAD.EXE","""C:\Windows\system32\NOTEPAD.EXE"" C:\Users\seguridad\Desktop\TFM\Velociraptor\How_UP_server.txt","0","9,17","9,17","2,91","271","1","0","False","C:\Users\julio\Desktop\TFM\05_LOGS\BENCHMARKS\TFM_BENCH_VR_IDLE_20260618_180611\process_samples.csv"
"TFM_BENCH_VR_IDLE_20260618_180611","VR_IDLE","2026-06-18T18:10:05.5245878+02:00","174,25","Stopped","8860","notepad.exe","EXCLUDED_NOTEPAD_FALSE_MATCH","C:\Windows\system32\NOTEPAD.EXE","""C:\Windows\system32\NOTEPAD.EXE"" C:\Users\seguridad\Desktop\TFM\Velociraptor\How_UP_server.txt","0","7,51","7,51","2,92","269","1","0","False","C:\Users\julio\Desktop\TFM\05_LOGS\BENCHMARKS\TFM_BENCH_VR_IDLE_20260618_180611\process_samples.csv"
"TFM_BENCH_VR_IDLE_20260618_180611","VR_IDLE","2026-06-18T18:10:05.5245878+02:00","174,25","Stopped","13880","velociraptor-v0.75.6-windows-amd64.exe","SERVER_GUI_OR_LAB_BINARY","","","0,53","122,55","122,55","97,06","301","13","0","False","C:\Users\julio\Desktop\TFM\05_LOGS\BENCHMARKS\TFM_BENCH_VR_IDLE_20260618_180611\process_samples.csv"
"TFM_BENCH_VR_IDLE_20260618_180611","VR_IDLE","2026-06-18T18:10:07.7362173+02:00","176,46","Stopped","8732","notepad.exe","EXCLUDED_NOTEPAD_FALSE_MATCH","C:\Windows\system32\NOTEPAD.EXE","""C:\Windows\system32\NOTEPAD.EXE"" C:\Users\seguridad\Desktop\TFM\Velociraptor\How_UP_server.txt","0","9,17","9,17","2,91","271","1","0","False","C:\Users\julio\Desktop\TFM\05_LOGS\BENCHMARKS\TFM_BENCH_VR_IDLE_20260618_180611\process_samples.csv"
"TFM_BENCH_VR_IDLE_20260618_180611","VR_IDLE","2026-06-18T18:10:07.7362173+02:00","176,46","Stopped","8860","notepad.exe","EXCLUDED_NOTEPAD_FALSE_MATCH","C:\Windows\system32\NOTEPAD.EXE","""C:\Windows\system32\NOTEPAD.EXE"" C:\Users\seguridad\Desktop\TFM\Velociraptor\How_UP_server.txt","0","7,51","7,51","2,92","269","1","0","False","C:\Users\julio\Desktop\TFM\05_LOGS\BENCHMARKS\TFM_BENCH_VR_IDLE_20260618_180611\process_samples.csv"
"TFM_BENCH_VR_IDLE_20260618_180611","VR_IDLE","2026-06-18T18:10:07.7362173+02:00","176,46","Stopped","13880","velociraptor-v0.75.6-windows-amd64.exe","SERVER_GUI_OR_LAB_BINARY","","","0","122,69","122,69","97,26","301","13","0","False","C:\Users\julio\Desktop\TFM\05_LOGS\BENCHMARKS\TFM_BENCH_VR_IDLE_20260618_180611\process_samples.csv"
"TFM_BENCH_VR_IDLE_20260618_180611","VR_IDLE","2026-06-18T18:10:09.9746014+02:00","178,7","Stopped","8732","notepad.exe","EXCLUDED_NOTEPAD_FALSE_MATCH","C:\Windows\system32\NOTEPAD.EXE","""C:\Windows\system32\NOTEPAD.EXE"" C:\Users\seguridad\Desktop\TFM\Velociraptor\How_UP_server.txt","0","9,17","9,17","2,91","271","1","0","False","C:\Users\julio\Desktop\TFM\05_LOGS\BENCHMARKS\TFM_BENCH_VR_IDLE_20260618_180611\process_samples.csv"
"TFM_BENCH_VR_IDLE_20260618_180611","VR_IDLE","2026-06-18T18:10:09.9746014+02:00","178,7","Stopped","8860","notepad.exe","EXCLUDED_NOTEPAD_FALSE_MATCH","C:\Windows\system32\NOTEPAD.EXE","""C:\Windows\system32\NOTEPAD.EXE"" C:\Users\seguridad\Desktop\TFM\Velociraptor\How_UP_server.txt","0","7,51","7,51","2,92","269","1","0","False","C:\Users\julio\Desktop\TFM\05_LOGS\BENCHMARKS\TFM_BENCH_VR_IDLE_20260618_180611\process_samples.csv"
"TFM_BENCH_VR_IDLE_20260618_180611","VR_IDLE","2026-06-18T18:10:09.9746014+02:00","178,7","Stopped","13880","velociraptor-v0.75.6-windows-amd64.exe","SERVER_GUI_OR_LAB_BINARY","","","10,47","146,48","146,48","120,94","301","13","0","False","C:\Users\julio\Desktop\TFM\05_LOGS\BENCHMARKS\TFM_BENCH_VR_IDLE_20260618_180611\process_samples.csv"
"TFM_BENCH_VR_TEC_RUNNER_20260618_181218","VR_TEC_RUNNER","2026-06-18T18:12:52.0333587+02:00","0","Stopped","8732","notepad.exe","EXCLUDED_NOTEPAD_FALSE_MATCH","C:\Windows\system32\NOTEPAD.EXE","""C:\Windows\system32\NOTEPAD.EXE"" C:\Users\seguridad\Desktop\TFM\Velociraptor\How_UP_server.txt","0","9,17","9,17","2,91","271","1","0","True","C:\Users\julio\Desktop\TFM\05_LOGS\BENCHMARKS\TFM_BENCH_VR_TEC_RUNNER_20260618_181218\process_samples.csv"
"TFM_BENCH_VR_TEC_RUNNER_20260618_181218","VR_TEC_RUNNER","2026-06-18T18:12:52.0333587+02:00","0","Stopped","8860","notepad.exe","EXCLUDED_NOTEPAD_FALSE_MATCH","C:\Windows\system32\NOTEPAD.EXE","""C:\Windows\system32\NOTEPAD.EXE"" C:\Users\seguridad\Desktop\TFM\Velociraptor\How_UP_server.txt","0","7,59","7,59","2,92","269","1","0","True","C:\Users\julio\Desktop\TFM\05_LOGS\BENCHMARKS\TFM_BENCH_VR_TEC_RUNNER_20260618_181218\process_samples.csv"
"TFM_BENCH_VR_TEC_RUNNER_20260618_181218","VR_TEC_RUNNER","2026-06-18T18:12:52.0333587+02:00","0","Stopped","13880","velociraptor-v0.75.6-windows-amd64.exe","SERVER_GUI_OR_LAB_BINARY","","","0","127,99","127,99","102,71","301","13","0","True","C:\Users\julio\Desktop\TFM\05_LOGS\BENCHMARKS\TFM_BENCH_VR_TEC_RUNNER_20260618_181218\process_samples.csv"
"TFM_BENCH_VR_TEC_RUNNER_20260618_181218","VR_TEC_RUNNER","2026-06-18T18:12:54.3145589+02:00","2,28","Stopped","8732","notepad.exe","EXCLUDED_NOTEPAD_FALSE_MATCH","C:\Windows\system32\NOTEPAD.EXE","""C:\Windows\system32\NOTEPAD.EXE"" C:\Users\seguridad\Desktop\TFM\Velociraptor\How_UP_server.txt","0","9,17","9,17","2,91","271","1","0","False","C:\Users\julio\Desktop\TFM\05_LOGS\BENCHMARKS\TFM_BENCH_VR_TEC_RUNNER_20260618_181218\process_samples.csv"
"TFM_BENCH_VR_TEC_RUNNER_20260618_181218","VR_TEC_RUNNER","2026-06-18T18:12:54.3145589+02:00","2,28","Stopped","8860","notepad.exe","EXCLUDED_NOTEPAD_FALSE_MATCH","C:\Windows\system32\NOTEPAD.EXE","""C:\Windows\system32\NOTEPAD.EXE"" C:\Users\seguridad\Desktop\TFM\Velociraptor\How_UP_server.txt","0","7,59","7,59","2,92","269","1","0","False","C:\Users\julio\Desktop\TFM\05_LOGS\BENCHMARKS\TFM_BENCH_VR_TEC_RUNNER_20260618_181218\process_samples.csv"
"TFM_BENCH_VR_TEC_RUNNER_20260618_181218","VR_TEC_RUNNER","2026-06-18T18:12:54.3145589+02:00","2,28","Stopped","13880","velociraptor-v0.75.6-windows-amd64.exe","SERVER_GUI_OR_LAB_BINARY","","","0,51","122,7","122,7","97,04","301","13","0","False","C:\Users\julio\Desktop\TFM\05_LOGS\BENCHMARKS\TFM_BENCH_VR_TEC_RUNNER_20260618_181218\process_samples.csv"
"TFM_BENCH_VR_TEC_RUNNER_20260618_181218","VR_TEC_RUNNER","2026-06-18T18:12:56.5626969+02:00","4,53","Stopped","8732","notepad.exe","EXCLUDED_NOTEPAD_FALSE_MATCH","C:\Windows\system32\NOTEPAD.EXE","""C:\Windows\system32\NOTEPAD.EXE"" C:\Users\seguridad\Desktop\TFM\Velociraptor\How_UP_server.txt","0","9,17","9,17","2,91","271","1","0","False","C:\Users\julio\Desktop\TFM\05_LOGS\BENCHMARKS\TFM_BENCH_VR_TEC_RUNNER_20260618_181218\process_samples.csv"
"TFM_BENCH_VR_TEC_RUNNER_20260618_181218","VR_TEC_RUNNER","2026-06-18T18:12:56.5626969+02:00","4,53","Stopped","8860","notepad.exe","EXCLUDED_NOTEPAD_FALSE_MATCH","C:\Windows\system32\NOTEPAD.EXE","""C:\Windows\system32\NOTEPAD.EXE"" C:\Users\seguridad\Desktop\TFM\Velociraptor\How_UP_server.txt","0","7,59","7,59","2,92","269","1","0","False","C:\Users\julio\Desktop\TFM\05_LOGS\BENCHMARKS\TFM_BENCH_VR_TEC_RUNNER_20260618_181218\process_samples.csv"
"TFM_BENCH_VR_TEC_RUNNER_20260618_181218","VR_TEC_RUNNER","2026-06-18T18:12:56.5626969+02:00","4,53","Stopped","13880","velociraptor-v0.75.6-windows-amd64.exe","SERVER_GUI_OR_LAB_BINARY","","","5,39","144,27","144,27","118,67","302","13","0","False","C:\Users\julio\Desktop\TFM\05_LOGS\BENCHMARKS\TFM_BENCH_VR_TEC_RUNNER_20260618_181218\process_samples.csv"
"TFM_BENCH_VR_TEC_RUNNER_20260618_181218","VR_TEC_RUNNER","2026-06-18T18:12:58.8340324+02:00","6,8","Stopped","8732","notepad.exe","EXCLUDED_NOTEPAD_FALSE_MATCH","C:\Windows\system32\NOTEPAD.EXE","""C:\Windows\system32\NOTEPAD.EXE"" C:\Users\seguridad\Desktop\TFM\Velociraptor\How_UP_server.txt","0","9,17","9,17","2,91","271","1","0","False","C:\Users\julio\Desktop\TFM\05_LOGS\BENCHMARKS\TFM_BENCH_VR_TEC_RUNNER_20260618_181218\process_samples.csv"
"TFM_BENCH_VR_TEC_RUNNER_20260618_181218","VR_TEC_RUNNER","2026-06-18T18:12:58.8340324+02:00","6,8","Stopped","8860","notepad.exe","EXCLUDED_NOTEPAD_FALSE_MATCH","C:\Windows\system32\NOTEPAD.EXE","""C:\Windows\system32\NOTEPAD.EXE"" C:\Users\seguridad\Desktop\TFM\Velociraptor\How_UP_server.txt","0","7,59","7,59","2,92","269","1","0","False","C:\Users\julio\Desktop\TFM\05_LOGS\BENCHMARKS\TFM_BENCH_VR_TEC_RUNNER_20260618_181218\process_samples.csv"
"TFM_BENCH_VR_TEC_RUNNER_20260618_181218","VR_TEC_RUNNER","2026-06-18T18:12:58.8340324+02:00","6,8","Stopped","13880","velociraptor-v0.75.6-windows-amd64.exe","SERVER_GUI_OR_LAB_BINARY","","","9,63","149,62","149,62","123,95","301","13","0","False","C:\Users\julio\Desktop\TFM\05_LOGS\BENCHMARKS\TFM_BENCH_VR_TEC_RUNNER_20260618_181218\process_samples.csv"
"TFM_BENCH_VR_TEC_RUNNER_20260618_181218","VR_TEC_RUNNER","2026-06-18T18:13:01.0977473+02:00","9,06","Stopped","8732","notepad.exe","EXCLUDED_NOTEPAD_FALSE_MATCH","C:\Windows\system32\NOTEPAD.EXE","""C:\Windows\system32\NOTEPAD.EXE"" C:\Users\seguridad\Desktop\TFM\Velociraptor\How_UP_server.txt","0","9,17","9,17","2,91","271","1","0","False","C:\Users\julio\Desktop\TFM\05_LOGS\BENCHMARKS\TFM_BENCH_VR_TEC_RUNNER_20260618_181218\process_samples.csv"
"TFM_BENCH_VR_TEC_RUNNER_20260618_181218","VR_TEC_RUNNER","2026-06-18T18:13:01.0977473+02:00","9,06","Stopped","8860","notepad.exe","EXCLUDED_NOTEPAD_FALSE_MATCH","C:\Windows\system32\NOTEPAD.EXE","""C:\Windows\system32\NOTEPAD.EXE"" C:\Users\seguridad\Desktop\TFM\Velociraptor\How_UP_server.txt","0","7,59","7,59","2,92","269","1","0","False","C:\Users\julio\Desktop\TFM\05_LOGS\BENCHMARKS\TFM_BENCH_VR_TEC_RUNNER_20260618_181218\process_samples.csv"
"TFM_BENCH_VR_TEC_RUNNER_20260618_181218","VR_TEC_RUNNER","2026-06-18T18:13:01.0977473+02:00","9,06","Stopped","13880","velociraptor-v0.75.6-windows-amd64.exe","SERVER_GUI_OR_LAB_BINARY","","","0,17","149,62","149,62","123,95","301","13","0","False","C:\Users\julio\Desktop\TFM\05_LOGS\BENCHMARKS\TFM_BENCH_VR_TEC_RUNNER_20260618_181218\process_samples.csv"
"TFM_BENCH_VR_TEC_RUNNER_20260618_181218","VR_TEC_RUNNER","2026-06-18T18:13:03.3423556+02:00","11,31","Stopped","8732","notepad.exe","EXCLUDED_NOTEPAD_FALSE_MATCH","C:\Windows\system32\NOTEPAD.EXE","""C:\Windows\system32\NOTEPAD.EXE"" C:\Users\seguridad\Desktop\TFM\Velociraptor\How_UP_server.txt","0","9,17","9,17","2,91","271","1","0","False","C:\Users\julio\Desktop\TFM\05_LOGS\BENCHMARKS\TFM_BENCH_VR_TEC_RUNNER_20260618_181218\process_samples.csv"
"TFM_BENCH_VR_TEC_RUNNER_20260618_181218","VR_TEC_RUNNER","2026-06-18T18:13:03.3423556+02:00","11,31","Stopped","8860","notepad.exe","EXCLUDED_NOTEPAD_FALSE_MATCH","C:\Windows\system32\NOTEPAD.EXE","""C:\Windows\system32\NOTEPAD.EXE"" C:\Users\seguridad\Desktop\TFM\Velociraptor\How_UP_server.txt","0","7,59","7,59","2,92","269","1","0","False","C:\Users\julio\Desktop\TFM\05_LOGS\BENCHMARKS\TFM_BENCH_VR_TEC_RUNNER_20260618_181218\process_samples.csv"
"TFM_BENCH_VR_TEC_RUNNER_20260618_181218","VR_TEC_RUNNER","2026-06-18T18:13:03.3423556+02:00","11,31","Stopped","13880","velociraptor-v0.75.6-windows-amd64.exe","SERVER_GUI_OR_LAB_BINARY","","","0,35","149,62","149,62","123,96","301","13","0","False","C:\Users\julio\Desktop\TFM\05_LOGS\BENCHMARKS\TFM_BENCH_VR_TEC_RUNNER_20260618_181218\process_samples.csv"
"TFM_BENCH_VR_TEC_RUNNER_20260618_181218","VR_TEC_RUNNER","2026-06-18T18:13:05.5919998+02:00","13,56","Stopped","8732","notepad.exe","EXCLUDED_NOTEPAD_FALSE_MATCH","C:\Windows\system32\NOTEPAD.EXE","""C:\Windows\system32\NOTEPAD.EXE"" C:\Users\seguridad\Desktop\TFM\Velociraptor\How_UP_server.txt","0","9,17","9,17","2,91","271","1","0","False","C:\Users\julio\Desktop\TFM\05_LOGS\BENCHMARKS\TFM_BENCH_VR_TEC_RUNNER_20260618_181218\process_samples.csv"
"TFM_BENCH_VR_TEC_RUNNER_20260618_181218","VR_TEC_RUNNER","2026-06-18T18:13:05.5919998+02:00","13,56","Stopped","8860","notepad.exe","EXCLUDED_NOTEPAD_FALSE_MATCH","C:\Windows\system32\NOTEPAD.EXE","""C:\Windows\system32\NOTEPAD.EXE"" C:\Users\seguridad\Desktop\TFM\Velociraptor\How_UP_server.txt","0","7,59","7,59","2,92","269","1","0","False","C:\Users\julio\Desktop\TFM\05_LOGS\BENCHMARKS\TFM_BENCH_VR_TEC_RUNNER_20260618_181218\process_samples.csv"
"TFM_BENCH_VR_TEC_RUNNER_20260618_181218","VR_TEC_RUNNER","2026-06-18T18:13:05.5919998+02:00","13,56","Stopped","13880","velociraptor-v0.75.6-windows-amd64.exe","SERVER_GUI_OR_LAB_BINARY","","","0,35","122,67","122,67","97,03","301","13","0","False","C:\Users\julio\Desktop\TFM\05_LOGS\BENCHMARKS\TFM_BENCH_VR_TEC_RUNNER_20260618_181218\process_samples.csv"
"TFM_BENCH_VR_TEC_RUNNER_20260618_181218","VR_TEC_RUNNER","2026-06-18T18:13:07.8511499+02:00","15,82","Stopped","8732","notepad.exe","EXCLUDED_NOTEPAD_FALSE_MATCH","C:\Windows\system32\NOTEPAD.EXE","""C:\Windows\system32\NOTEPAD.EXE"" C:\Users\seguridad\Desktop\TFM\Velociraptor\How_UP_server.txt","0","9,17","9,17","2,91","271","1","0","False","C:\Users\julio\Desktop\TFM\05_LOGS\BENCHMARKS\TFM_BENCH_VR_TEC_RUNNER_20260618_181218\process_samples.csv"
"TFM_BENCH_VR_TEC_RUNNER_20260618_181218","VR_TEC_RUNNER","2026-06-18T18:13:07.8511499+02:00","15,82","Stopped","8860","notepad.exe","EXCLUDED_NOTEPAD_FALSE_MATCH","C:\Windows\system32\NOTEPAD.EXE","""C:\Windows\system32\NOTEPAD.EXE"" C:\Users\seguridad\Desktop\TFM\Velociraptor\How_UP_server.txt","0","7,59","7,59","2,92","269","1","0","False","C:\Users\julio\Desktop\TFM\05_LOGS\BENCHMARKS\TFM_BENCH_VR_TEC_RUNNER_20260618_181218\process_samples.csv"
"TFM_BENCH_VR_TEC_RUNNER_20260618_181218","VR_TEC_RUNNER","2026-06-18T18:13:07.8511499+02:00","15,82","Stopped","13880","velociraptor-v0.75.6-windows-amd64.exe","SERVER_GUI_OR_LAB_BINARY","","","0,17","126,96","126,96","101,36","301","13","0","False","C:\Users\julio\Desktop\TFM\05_LOGS\BENCHMARKS\TFM_BENCH_VR_TEC_RUNNER_20260618_181218\process_samples.csv"
"TFM_BENCH_VR_TEC_RUNNER_20260618_181218","VR_TEC_RUNNER","2026-06-18T18:13:10.0975449+02:00","18,06","Stopped","8732","notepad.exe","EXCLUDED_NOTEPAD_FALSE_MATCH","C:\Windows\system32\NOTEPAD.EXE","""C:\Windows\system32\NOTEPAD.EXE"" C:\Users\seguridad\Desktop\TFM\Velociraptor\How_UP_server.txt","0","9,17","9,17","2,91","271","1","0","False","C:\Users\julio\Desktop\TFM\05_LOGS\BENCHMARKS\TFM_BENCH_VR_TEC_RUNNER_20260618_181218\process_samples.csv"
"TFM_BENCH_VR_TEC_RUNNER_20260618_181218","VR_TEC_RUNNER","2026-06-18T18:13:10.0975449+02:00","18,06","Stopped","8860","notepad.exe","EXCLUDED_NOTEPAD_FALSE_MATCH","C:\Windows\system32\NOTEPAD.EXE","""C:\Windows\system32\NOTEPAD.EXE"" C:\Users\seguridad\Desktop\TFM\Velociraptor\How_UP_server.txt","0","7,59","7,59","2,92","269","1","0","False","C:\Users\julio\Desktop\TFM\05_LOGS\BENCHMARKS\TFM_BENCH_VR_TEC_RUNNER_20260618_181218\process_samples.csv"
"TFM_BENCH_VR_TEC_RUNNER_20260618_181218","VR_TEC_RUNNER","2026-06-18T18:13:10.0975449+02:00","18,06","Stopped","13880","velociraptor-v0.75.6-windows-amd64.exe","SERVER_GUI_OR_LAB_BINARY","","","0","126,96","126,96","101,36","301","13","0","False","C:\Users\julio\Desktop\TFM\05_LOGS\BENCHMARKS\TFM_BENCH_VR_TEC_RUNNER_20260618_181218\process_samples.csv"
"TFM_BENCH_VR_TEC_RUNNER_20260618_181218","VR_TEC_RUNNER","2026-06-18T18:13:12.3474581+02:00","20,31","Stopped","8732","notepad.exe","EXCLUDED_NOTEPAD_FALSE_MATCH","C:\Windows\system32\NOTEPAD.EXE","""C:\Windows\system32\NOTEPAD.EXE"" C:\Users\seguridad\Desktop\TFM\Velociraptor\How_UP_server.txt","0","9,17","9,17","2,91","271","1","0","False","C:\Users\julio\Desktop\TFM\05_LOGS\BENCHMARKS\TFM_BENCH_VR_TEC_RUNNER_20260618_181218\process_samples.csv"
"TFM_BENCH_VR_TEC_RUNNER_20260618_181218","VR_TEC_RUNNER","2026-06-18T18:13:12.3474581+02:00","20,31","Stopped","8860","notepad.exe","EXCLUDED_NOTEPAD_FALSE_MATCH","C:\Windows\system32\NOTEPAD.EXE","""C:\Windows\system32\NOTEPAD.EXE"" C:\Users\seguridad\Desktop\TFM\Velociraptor\How_UP_server.txt","0","7,59","7,59","2,92","269","1","0","False","C:\Users\julio\Desktop\TFM\05_LOGS\BENCHMARKS\TFM_BENCH_VR_TEC_RUNNER_20260618_181218\process_samples.csv"
"TFM_BENCH_VR_TEC_RUNNER_20260618_181218","VR_TEC_RUNNER","2026-06-18T18:13:12.3474581+02:00","20,31","Stopped","13880","velociraptor-v0.75.6-windows-amd64.exe","SERVER_GUI_OR_LAB_BINARY","","","0,35","127,06","127,06","101,47","301","13","0","False","C:\Users\julio\Desktop\TFM\05_LOGS\BENCHMARKS\TFM_BENCH_VR_TEC_RUNNER_20260618_181218\process_samples.csv"
"TFM_BENCH_VR_TEC_RUNNER_20260618_181218","VR_TEC_RUNNER","2026-06-18T18:13:14.5698887+02:00","22,54","Stopped","8732","notepad.exe","EXCLUDED_NOTEPAD_FALSE_MATCH","C:\Windows\system32\NOTEPAD.EXE","""C:\Windows\system32\NOTEPAD.EXE"" C:\Users\seguridad\Desktop\TFM\Velociraptor\How_UP_server.txt","0","9,17","9,17","2,91","271","1","0","False","C:\Users\julio\Desktop\TFM\05_LOGS\BENCHMARKS\TFM_BENCH_VR_TEC_RUNNER_20260618_181218\process_samples.csv"
"TFM_BENCH_VR_TEC_RUNNER_20260618_181218","VR_TEC_RUNNER","2026-06-18T18:13:14.5698887+02:00","22,54","Stopped","8860","notepad.exe","EXCLUDED_NOTEPAD_FALSE_MATCH","C:\Windows\system32\NOTEPAD.EXE","""C:\Windows\system32\NOTEPAD.EXE"" C:\Users\seguridad\Desktop\TFM\Velociraptor\How_UP_server.txt","0","7,59","7,59","2,92","269","1","0","False","C:\Users\julio\Desktop\TFM\05_LOGS\BENCHMARKS\TFM_BENCH_VR_TEC_RUNNER_20260618_181218\process_samples.csv"
"TFM_BENCH_VR_TEC_RUNNER_20260618_181218","VR_TEC_RUNNER","2026-06-18T18:13:14.5698887+02:00","22,54","Stopped","13880","velociraptor-v0.75.6-windows-amd64.exe","SERVER_GUI_OR_LAB_BINARY","","","15,47","122,83","122,83","97,12","301","13","0","False","C:\Users\julio\Desktop\TFM\05_LOGS\BENCHMARKS\TFM_BENCH_VR_TEC_RUNNER_20260618_181218\process_samples.csv"
"TFM_BENCH_VR_TEC_RUNNER_20260618_181218","VR_TEC_RUNNER","2026-06-18T18:13:16.7905909+02:00","24,76","Stopped","8732","notepad.exe","EXCLUDED_NOTEPAD_FALSE_MATCH","C:\Windows\system32\NOTEPAD.EXE","""C:\Windows\system32\NOTEPAD.EXE"" C:\Users\seguridad\Desktop\TFM\Velociraptor\How_UP_server.txt","0","9,17","9,17","2,91","271","1","0","False","C:\Users\julio\Desktop\TFM\05_LOGS\BENCHMARKS\TFM_BENCH_VR_TEC_RUNNER_20260618_181218\process_samples.csv"
"TFM_BENCH_VR_TEC_RUNNER_20260618_181218","VR_TEC_RUNNER","2026-06-18T18:13:16.7905909+02:00","24,76","Stopped","8860","notepad.exe","EXCLUDED_NOTEPAD_FALSE_MATCH","C:\Windows\system32\NOTEPAD.EXE","""C:\Windows\system32\NOTEPAD.EXE"" C:\Users\seguridad\Desktop\TFM\Velociraptor\How_UP_server.txt","0","7,59","7,59","2,92","269","1","0","False","C:\Users\julio\Desktop\TFM\05_LOGS\BENCHMARKS\TFM_BENCH_VR_TEC_RUNNER_20260618_181218\process_samples.csv"
"TFM_BENCH_VR_TEC_RUNNER_20260618_181218","VR_TEC_RUNNER","2026-06-18T18:13:16.7905909+02:00","24,76","Stopped","13880","velociraptor-v0.75.6-windows-amd64.exe","SERVER_GUI_OR_LAB_BINARY","","","0,35","122,83","122,83","97,12","301","13","0","False","C:\Users\julio\Desktop\TFM\05_LOGS\BENCHMARKS\TFM_BENCH_VR_TEC_RUNNER_20260618_181218\process_samples.csv"
"TFM_BENCH_VR_TEC_RUNNER_20260618_181218","VR_TEC_RUNNER","2026-06-18T18:13:19.0697400+02:00","27,04","Stopped","8732","notepad.exe","EXCLUDED_NOTEPAD_FALSE_MATCH","C:\Windows\system32\NOTEPAD.EXE","""C:\Windows\system32\NOTEPAD.EXE"" C:\Users\seguridad\Desktop\TFM\Velociraptor\How_UP_server.txt","0","9,17","9,17","2,91","271","1","0","False","C:\Users\julio\Desktop\TFM\05_LOGS\BENCHMARKS\TFM_BENCH_VR_TEC_RUNNER_20260618_181218\process_samples.csv"
"TFM_BENCH_VR_TEC_RUNNER_20260618_181218","VR_TEC_RUNNER","2026-06-18T18:13:19.0697400+02:00","27,04","Stopped","8860","notepad.exe","EXCLUDED_NOTEPAD_FALSE_MATCH","C:\Windows\system32\NOTEPAD.EXE","""C:\Windows\system32\NOTEPAD.EXE"" C:\Users\seguridad\Desktop\TFM\Velociraptor\How_UP_server.txt","0","7,59","7,59","2,92","269","1","0","False","C:\Users\julio\Desktop\TFM\05_LOGS\BENCHMARKS\TFM_BENCH_VR_TEC_RUNNER_20260618_181218\process_samples.csv"
"TFM_BENCH_VR_TEC_RUNNER_20260618_181218","VR_TEC_RUNNER","2026-06-18T18:13:19.0697400+02:00","27,04","Stopped","13880","velociraptor-v0.75.6-windows-amd64.exe","SERVER_GUI_OR_LAB_BINARY","","","0,86","125,81","125,81","100,31","301","13","0","False","C:\Users\julio\Desktop\TFM\05_LOGS\BENCHMARKS\TFM_BENCH_VR_TEC_RUNNER_20260618_181218\process_samples.csv"
"TFM_BENCH_VR_TEC_RUNNER_20260618_181218","VR_TEC_RUNNER","2026-06-18T18:13:21.3211862+02:00","29,29","Stopped","8732","notepad.exe","EXCLUDED_NOTEPAD_FALSE_MATCH","C:\Windows\system32\NOTEPAD.EXE","""C:\Windows\system32\NOTEPAD.EXE"" C:\Users\seguridad\Desktop\TFM\Velociraptor\How_UP_server.txt","0","9,17","9,17","2,91","271","1","0","False","C:\Users\julio\Desktop\TFM\05_LOGS\BENCHMARKS\TFM_BENCH_VR_TEC_RUNNER_20260618_181218\process_samples.csv"
"TFM_BENCH_VR_TEC_RUNNER_20260618_181218","VR_TEC_RUNNER","2026-06-18T18:13:21.3211862+02:00","29,29","Stopped","8860","notepad.exe","EXCLUDED_NOTEPAD_FALSE_MATCH","C:\Windows\system32\NOTEPAD.EXE","""C:\Windows\system32\NOTEPAD.EXE"" C:\Users\seguridad\Desktop\TFM\Velociraptor\How_UP_server.txt","0","7,59","7,59","2,92","269","1","0","False","C:\Users\julio\Desktop\TFM\05_LOGS\BENCHMARKS\TFM_BENCH_VR_TEC_RUNNER_20260618_181218\process_samples.csv"
"TFM_BENCH_VR_TEC_RUNNER_20260618_181218","VR_TEC_RUNNER","2026-06-18T18:13:21.3211862+02:00","29,29","Stopped","13880","velociraptor-v0.75.6-windows-amd64.exe","SERVER_GUI_OR_LAB_BINARY","","","0","126,02","126,02","100,55","301","13","0","False","C:\Users\julio\Desktop\TFM\05_LOGS\BENCHMARKS\TFM_BENCH_VR_TEC_RUNNER_20260618_181218\process_samples.csv"
"TFM_BENCH_VR_TEC_RUNNER_20260618_181218","VR_TEC_RUNNER","2026-06-18T18:13:23.5377742+02:00","31,5","Stopped","8732","notepad.exe","EXCLUDED_NOTEPAD_FALSE_MATCH","C:\Windows\system32\NOTEPAD.EXE","""C:\Windows\system32\NOTEPAD.EXE"" C:\Users\seguridad\Desktop\TFM\Velociraptor\How_UP_server.txt","0","9,17","9,17","2,91","271","1","0","False","C:\Users\julio\Desktop\TFM\05_LOGS\BENCHMARKS\TFM_BENCH_VR_TEC_RUNNER_20260618_181218\process_samples.csv"
"TFM_BENCH_VR_TEC_RUNNER_20260618_181218","VR_TEC_RUNNER","2026-06-18T18:13:23.5377742+02:00","31,5","Stopped","8860","notepad.exe","EXCLUDED_NOTEPAD_FALSE_MATCH","C:\Windows\system32\NOTEPAD.EXE","""C:\Windows\system32\NOTEPAD.EXE"" C:\Users\seguridad\Desktop\TFM\Velociraptor\How_UP_server.txt","0","7,59","7,59","2,92","269","1","0","False","C:\Users\julio\Desktop\TFM\05_LOGS\BENCHMARKS\TFM_BENCH_VR_TEC_RUNNER_20260618_181218\process_samples.csv"
"TFM_BENCH_VR_TEC_RUNNER_20260618_181218","VR_TEC_RUNNER","2026-06-18T18:13:23.5377742+02:00","31,5","Stopped","13880","velociraptor-v0.75.6-windows-amd64.exe","SERVER_GUI_OR_LAB_BINARY","","","0,18","126,09","126,09","100,66","301","13","0","False","C:\Users\julio\Desktop\TFM\05_LOGS\BENCHMARKS\TFM_BENCH_VR_TEC_RUNNER_20260618_181218\process_samples.csv"
"TFM_BENCH_VR_TEC_RUNNER_20260618_181218","VR_TEC_RUNNER","2026-06-18T18:13:25.7876392+02:00","33,75","Stopped","8732","notepad.exe","EXCLUDED_NOTEPAD_FALSE_MATCH","C:\Windows\system32\NOTEPAD.EXE","""C:\Windows\system32\NOTEPAD.EXE"" C:\Users\seguridad\Desktop\TFM\Velociraptor\How_UP_server.txt","0","9,17","9,17","2,91","271","1","0","False","C:\Users\julio\Desktop\TFM\05_LOGS\BENCHMARKS\TFM_BENCH_VR_TEC_RUNNER_20260618_181218\process_samples.csv"
"TFM_BENCH_VR_TEC_RUNNER_20260618_181218","VR_TEC_RUNNER","2026-06-18T18:13:25.7876392+02:00","33,75","Stopped","8860","notepad.exe","EXCLUDED_NOTEPAD_FALSE_MATCH","C:\Windows\system32\NOTEPAD.EXE","""C:\Windows\system32\NOTEPAD.EXE"" C:\Users\seguridad\Desktop\TFM\Velociraptor\How_UP_server.txt","0","7,59","7,59","2,92","269","1","0","False","C:\Users\julio\Desktop\TFM\05_LOGS\BENCHMARKS\TFM_BENCH_VR_TEC_RUNNER_20260618_181218\process_samples.csv"
"TFM_BENCH_VR_TEC_RUNNER_20260618_181218","VR_TEC_RUNNER","2026-06-18T18:13:25.7876392+02:00","33,75","Stopped","13880","velociraptor-v0.75.6-windows-amd64.exe","SERVER_GUI_OR_LAB_BINARY","","","0,52","122,83","122,83","97,12","301","13","0","False","C:\Users\julio\Desktop\TFM\05_LOGS\BENCHMARKS\TFM_BENCH_VR_TEC_RUNNER_20260618_181218\process_samples.csv"
"TFM_BENCH_VR_TEC_RUNNER_20260618_181218","VR_TEC_RUNNER","2026-06-18T18:13:28.0462253+02:00","36,01","Stopped","8732","notepad.exe","EXCLUDED_NOTEPAD_FALSE_MATCH","C:\Windows\system32\NOTEPAD.EXE","""C:\Windows\system32\NOTEPAD.EXE"" C:\Users\seguridad\Desktop\TFM\Velociraptor\How_UP_server.txt","0","9,17","9,17","2,91","271","1","0","False","C:\Users\julio\Desktop\TFM\05_LOGS\BENCHMARKS\TFM_BENCH_VR_TEC_RUNNER_20260618_181218\process_samples.csv"
"TFM_BENCH_VR_TEC_RUNNER_20260618_181218","VR_TEC_RUNNER","2026-06-18T18:13:28.0462253+02:00","36,01","Stopped","8860","notepad.exe","EXCLUDED_NOTEPAD_FALSE_MATCH","C:\Windows\system32\NOTEPAD.EXE","""C:\Windows\system32\NOTEPAD.EXE"" C:\Users\seguridad\Desktop\TFM\Velociraptor\How_UP_server.txt","0","7,59","7,59","2,92","269","1","0","False","C:\Users\julio\Desktop\TFM\05_LOGS\BENCHMARKS\TFM_BENCH_VR_TEC_RUNNER_20260618_181218\process_samples.csv"
"TFM_BENCH_VR_TEC_RUNNER_20260618_181218","VR_TEC_RUNNER","2026-06-18T18:13:28.0462253+02:00","36,01","Stopped","13880","velociraptor-v0.75.6-windows-amd64.exe","SERVER_GUI_OR_LAB_BINARY","","","0","122,89","122,89","97,21","301","13","0","False","C:\Users\julio\Desktop\TFM\05_LOGS\BENCHMARKS\TFM_BENCH_VR_TEC_RUNNER_20260618_181218\process_samples.csv"
"TFM_BENCH_VR_TEC_RUNNER_20260618_181218","VR_TEC_RUNNER","2026-06-18T18:13:30.2887795+02:00","38,26","Stopped","8732","notepad.exe","EXCLUDED_NOTEPAD_FALSE_MATCH","C:\Windows\system32\NOTEPAD.EXE","""C:\Windows\system32\NOTEPAD.EXE"" C:\Users\seguridad\Desktop\TFM\Velociraptor\How_UP_server.txt","0","9,17","9,17","2,91","271","1","0","False","C:\Users\julio\Desktop\TFM\05_LOGS\BENCHMARKS\TFM_BENCH_VR_TEC_RUNNER_20260618_181218\process_samples.csv"
"TFM_BENCH_VR_TEC_RUNNER_20260618_181218","VR_TEC_RUNNER","2026-06-18T18:13:30.2887795+02:00","38,26","Stopped","8860","notepad.exe","EXCLUDED_NOTEPAD_FALSE_MATCH","C:\Windows\system32\NOTEPAD.EXE","""C:\Windows\system32\NOTEPAD.EXE"" C:\Users\seguridad\Desktop\TFM\Velociraptor\How_UP_server.txt","0","7,59","7,59","2,92","269","1","0","False","C:\Users\julio\Desktop\TFM\05_LOGS\BENCHMARKS\TFM_BENCH_VR_TEC_RUNNER_20260618_181218\process_samples.csv"
"TFM_BENCH_VR_TEC_RUNNER_20260618_181218","VR_TEC_RUNNER","2026-06-18T18:13:30.2887795+02:00","38,26","Stopped","13880","velociraptor-v0.75.6-windows-amd64.exe","SERVER_GUI_OR_LAB_BINARY","","","13,24","151,97","151,97","126,27","301","13","0","False","C:\Users\julio\Desktop\TFM\05_LOGS\BENCHMARKS\TFM_BENCH_VR_TEC_RUNNER_20260618_181218\process_samples.csv"
"TFM_BENCH_VR_TEC_RUNNER_20260618_181218","VR_TEC_RUNNER","2026-06-18T18:13:32.5338085+02:00","40,5","Stopped","8732","notepad.exe","EXCLUDED_NOTEPAD_FALSE_MATCH","C:\Windows\system32\NOTEPAD.EXE","""C:\Windows\system32\NOTEPAD.EXE"" C:\Users\seguridad\Desktop\TFM\Velociraptor\How_UP_server.txt","0","9,17","9,17","2,91","271","1","0","False","C:\Users\julio\Desktop\TFM\05_LOGS\BENCHMARKS\TFM_BENCH_VR_TEC_RUNNER_20260618_181218\process_samples.csv"
"TFM_BENCH_VR_TEC_RUNNER_20260618_181218","VR_TEC_RUNNER","2026-06-18T18:13:32.5338085+02:00","40,5","Stopped","8860","notepad.exe","EXCLUDED_NOTEPAD_FALSE_MATCH","C:\Windows\system32\NOTEPAD.EXE","""C:\Windows\system32\NOTEPAD.EXE"" C:\Users\seguridad\Desktop\TFM\Velociraptor\How_UP_server.txt","0","7,59","7,59","2,92","269","1","0","False","C:\Users\julio\Desktop\TFM\05_LOGS\BENCHMARKS\TFM_BENCH_VR_TEC_RUNNER_20260618_181218\process_samples.csv"
"TFM_BENCH_VR_TEC_RUNNER_20260618_181218","VR_TEC_RUNNER","2026-06-18T18:13:32.5338085+02:00","40,5","Stopped","13880","velociraptor-v0.75.6-windows-amd64.exe","SERVER_GUI_OR_LAB_BINARY","","","0,35","152,26","152,26","126,56","301","13","0","False","C:\Users\julio\Desktop\TFM\05_LOGS\BENCHMARKS\TFM_BENCH_VR_TEC_RUNNER_20260618_181218\process_samples.csv"
"TFM_BENCH_VR_TEC_RUNNER_20260618_181218","VR_TEC_RUNNER","2026-06-18T18:13:34.7737475+02:00","42,74","Stopped","8732","notepad.exe","EXCLUDED_NOTEPAD_FALSE_MATCH","C:\Windows\system32\NOTEPAD.EXE","""C:\Windows\system32\NOTEPAD.EXE"" C:\Users\seguridad\Desktop\TFM\Velociraptor\How_UP_server.txt","0","9,17","9,17","2,91","271","1","0","False","C:\Users\julio\Desktop\TFM\05_LOGS\BENCHMARKS\TFM_BENCH_VR_TEC_RUNNER_20260618_181218\process_samples.csv"
"TFM_BENCH_VR_TEC_RUNNER_20260618_181218","VR_TEC_RUNNER","2026-06-18T18:13:34.7737475+02:00","42,74","Stopped","8860","notepad.exe","EXCLUDED_NOTEPAD_FALSE_MATCH","C:\Windows\system32\NOTEPAD.EXE","""C:\Windows\system32\NOTEPAD.EXE"" C:\Users\seguridad\Desktop\TFM\Velociraptor\How_UP_server.txt","0","7,59","7,59","2,92","269","1","0","False","C:\Users\julio\Desktop\TFM\05_LOGS\BENCHMARKS\TFM_BENCH_VR_TEC_RUNNER_20260618_181218\process_samples.csv"
"TFM_BENCH_VR_TEC_RUNNER_20260618_181218","VR_TEC_RUNNER","2026-06-18T18:13:34.7737475+02:00","42,74","Stopped","13880","velociraptor-v0.75.6-windows-amd64.exe","SERVER_GUI_OR_LAB_BINARY","","","0,52","123,94","123,94","98,23","301","13","0","False","C:\Users\julio\Desktop\TFM\05_LOGS\BENCHMARKS\TFM_BENCH_VR_TEC_RUNNER_20260618_181218\process_samples.csv"
"TFM_BENCH_VR_TEC_RUNNER_20260618_181218","VR_TEC_RUNNER","2026-06-18T18:13:37.0137446+02:00","44,98","Stopped","8732","notepad.exe","EXCLUDED_NOTEPAD_FALSE_MATCH","C:\Windows\system32\NOTEPAD.EXE","""C:\Windows\system32\NOTEPAD.EXE"" C:\Users\seguridad\Desktop\TFM\Velociraptor\How_UP_server.txt","0","9,17","9,17","2,91","271","1","0","False","C:\Users\julio\Desktop\TFM\05_LOGS\BENCHMARKS\TFM_BENCH_VR_TEC_RUNNER_20260618_181218\process_samples.csv"
"TFM_BENCH_VR_TEC_RUNNER_20260618_181218","VR_TEC_RUNNER","2026-06-18T18:13:37.0137446+02:00","44,98","Stopped","8860","notepad.exe","EXCLUDED_NOTEPAD_FALSE_MATCH","C:\Windows\system32\NOTEPAD.EXE","""C:\Windows\system32\NOTEPAD.EXE"" C:\Users\seguridad\Desktop\TFM\Velociraptor\How_UP_server.txt","0","7,59","7,59","2,92","269","1","0","False","C:\Users\julio\Desktop\TFM\05_LOGS\BENCHMARKS\TFM_BENCH_VR_TEC_RUNNER_20260618_181218\process_samples.csv"
"TFM_BENCH_VR_TEC_RUNNER_20260618_181218","VR_TEC_RUNNER","2026-06-18T18:13:37.0137446+02:00","44,98","Stopped","13880","velociraptor-v0.75.6-windows-amd64.exe","SERVER_GUI_OR_LAB_BINARY","","","0,35","123,94","123,94","98,23","301","13","0","False","C:\Users\julio\Desktop\TFM\05_LOGS\BENCHMARKS\TFM_BENCH_VR_TEC_RUNNER_20260618_181218\process_samples.csv"
"TFM_BENCH_VR_TEC_RUNNER_20260618_181218","VR_TEC_RUNNER","2026-06-18T18:13:39.3034260+02:00","47,27","Stopped","8732","notepad.exe","EXCLUDED_NOTEPAD_FALSE_MATCH","C:\Windows\system32\NOTEPAD.EXE","""C:\Windows\system32\NOTEPAD.EXE"" C:\Users\seguridad\Desktop\TFM\Velociraptor\How_UP_server.txt","0","9,17","9,17","2,91","271","1","0","False","C:\Users\julio\Desktop\TFM\05_LOGS\BENCHMARKS\TFM_BENCH_VR_TEC_RUNNER_20260618_181218\process_samples.csv"
"TFM_BENCH_VR_TEC_RUNNER_20260618_181218","VR_TEC_RUNNER","2026-06-18T18:13:39.3034260+02:00","47,27","Stopped","8860","notepad.exe","EXCLUDED_NOTEPAD_FALSE_MATCH","C:\Windows\system32\NOTEPAD.EXE","""C:\Windows\system32\NOTEPAD.EXE"" C:\Users\seguridad\Desktop\TFM\Velociraptor\How_UP_server.txt","0","7,59","7,59","2,92","269","1","0","False","C:\Users\julio\Desktop\TFM\05_LOGS\BENCHMARKS\TFM_BENCH_VR_TEC_RUNNER_20260618_181218\process_samples.csv"
"TFM_BENCH_VR_TEC_RUNNER_20260618_181218","VR_TEC_RUNNER","2026-06-18T18:13:39.3034260+02:00","47,27","Stopped","13880","velociraptor-v0.75.6-windows-amd64.exe","SERVER_GUI_OR_LAB_BINARY","","","0,17","124,01","124,01","98,3","301","13","0","False","C:\Users\julio\Desktop\TFM\05_LOGS\BENCHMARKS\TFM_BENCH_VR_TEC_RUNNER_20260618_181218\process_samples.csv"
"TFM_BENCH_VR_TEC_RUNNER_20260618_181218","VR_TEC_RUNNER","2026-06-18T18:13:41.5603542+02:00","49,53","Stopped","8732","notepad.exe","EXCLUDED_NOTEPAD_FALSE_MATCH","C:\Windows\system32\NOTEPAD.EXE","""C:\Windows\system32\NOTEPAD.EXE"" C:\Users\seguridad\Desktop\TFM\Velociraptor\How_UP_server.txt","0","9,17","9,17","2,91","271","1","0","False","C:\Users\julio\Desktop\TFM\05_LOGS\BENCHMARKS\TFM_BENCH_VR_TEC_RUNNER_20260618_181218\process_samples.csv"
"TFM_BENCH_VR_TEC_RUNNER_20260618_181218","VR_TEC_RUNNER","2026-06-18T18:13:41.5603542+02:00","49,53","Stopped","8860","notepad.exe","EXCLUDED_NOTEPAD_FALSE_MATCH","C:\Windows\system32\NOTEPAD.EXE","""C:\Windows\system32\NOTEPAD.EXE"" C:\Users\seguridad\Desktop\TFM\Velociraptor\How_UP_server.txt","0","7,59","7,59","2,92","269","1","0","False","C:\Users\julio\Desktop\TFM\05_LOGS\BENCHMARKS\TFM_BENCH_VR_TEC_RUNNER_20260618_181218\process_samples.csv"
"TFM_BENCH_VR_TEC_RUNNER_20260618_181218","VR_TEC_RUNNER","2026-06-18T18:13:41.5603542+02:00","49,53","Stopped","13880","velociraptor-v0.75.6-windows-amd64.exe","SERVER_GUI_OR_LAB_BINARY","","","0,17","124,04","124,04","98,37","301","13","0","False","C:\Users\julio\Desktop\TFM\05_LOGS\BENCHMARKS\TFM_BENCH_VR_TEC_RUNNER_20260618_181218\process_samples.csv"
"TFM_BENCH_VR_TEC_RUNNER_20260618_181218","VR_TEC_RUNNER","2026-06-18T18:13:43.7944413+02:00","51,76","Stopped","8732","notepad.exe","EXCLUDED_NOTEPAD_FALSE_MATCH","C:\Windows\system32\NOTEPAD.EXE","""C:\Windows\system32\NOTEPAD.EXE"" C:\Users\seguridad\Desktop\TFM\Velociraptor\How_UP_server.txt","0","9,17","9,17","2,91","271","1","0","False","C:\Users\julio\Desktop\TFM\05_LOGS\BENCHMARKS\TFM_BENCH_VR_TEC_RUNNER_20260618_181218\process_samples.csv"
"TFM_BENCH_VR_TEC_RUNNER_20260618_181218","VR_TEC_RUNNER","2026-06-18T18:13:43.7944413+02:00","51,76","Stopped","8860","notepad.exe","EXCLUDED_NOTEPAD_FALSE_MATCH","C:\Windows\system32\NOTEPAD.EXE","""C:\Windows\system32\NOTEPAD.EXE"" C:\Users\seguridad\Desktop\TFM\Velociraptor\How_UP_server.txt","0","7,59","7,59","2,92","269","1","0","False","C:\Users\julio\Desktop\TFM\05_LOGS\BENCHMARKS\TFM_BENCH_VR_TEC_RUNNER_20260618_181218\process_samples.csv"
"TFM_BENCH_VR_TEC_RUNNER_20260618_181218","VR_TEC_RUNNER","2026-06-18T18:13:43.7944413+02:00","51,76","Stopped","13880","velociraptor-v0.75.6-windows-amd64.exe","SERVER_GUI_OR_LAB_BINARY","","","0,35","122,77","122,77","97,05","301","13","0","False","C:\Users\julio\Desktop\TFM\05_LOGS\BENCHMARKS\TFM_BENCH_VR_TEC_RUNNER_20260618_181218\process_samples.csv"
"TFM_BENCH_VR_TEC_RUNNER_20260618_181218","VR_TEC_RUNNER","2026-06-18T18:13:46.0419883+02:00","54,01","Stopped","8732","notepad.exe","EXCLUDED_NOTEPAD_FALSE_MATCH","C:\Windows\system32\NOTEPAD.EXE","""C:\Windows\system32\NOTEPAD.EXE"" C:\Users\seguridad\Desktop\TFM\Velociraptor\How_UP_server.txt","0","9,17","9,17","2,91","271","1","0","False","C:\Users\julio\Desktop\TFM\05_LOGS\BENCHMARKS\TFM_BENCH_VR_TEC_RUNNER_20260618_181218\process_samples.csv"
"TFM_BENCH_VR_TEC_RUNNER_20260618_181218","VR_TEC_RUNNER","2026-06-18T18:13:46.0419883+02:00","54,01","Stopped","8860","notepad.exe","EXCLUDED_NOTEPAD_FALSE_MATCH","C:\Windows\system32\NOTEPAD.EXE","""C:\Windows\system32\NOTEPAD.EXE"" C:\Users\seguridad\Desktop\TFM\Velociraptor\How_UP_server.txt","0","7,59","7,59","2,92","269","1","0","False","C:\Users\julio\Desktop\TFM\05_LOGS\BENCHMARKS\TFM_BENCH_VR_TEC_RUNNER_20260618_181218\process_samples.csv"
"TFM_BENCH_VR_TEC_RUNNER_20260618_181218","VR_TEC_RUNNER","2026-06-18T18:13:46.0419883+02:00","54,01","Stopped","13880","velociraptor-v0.75.6-windows-amd64.exe","SERVER_GUI_OR_LAB_BINARY","","","12,69","151,97","151,97","126,27","301","13","0","False","C:\Users\julio\Desktop\TFM\05_LOGS\BENCHMARKS\TFM_BENCH_VR_TEC_RUNNER_20260618_181218\process_samples.csv"
"TFM_BENCH_VR_TEC_RUNNER_20260618_181218","VR_TEC_RUNNER","2026-06-18T18:13:48.2880305+02:00","56,25","Stopped","8732","notepad.exe","EXCLUDED_NOTEPAD_FALSE_MATCH","C:\Windows\system32\NOTEPAD.EXE","""C:\Windows\system32\NOTEPAD.EXE"" C:\Users\seguridad\Desktop\TFM\Velociraptor\How_UP_server.txt","0","9,17","9,17","2,91","271","1","0","False","C:\Users\julio\Desktop\TFM\05_LOGS\BENCHMARKS\TFM_BENCH_VR_TEC_RUNNER_20260618_181218\process_samples.csv"
"TFM_BENCH_VR_TEC_RUNNER_20260618_181218","VR_TEC_RUNNER","2026-06-18T18:13:48.2880305+02:00","56,25","Stopped","8860","notepad.exe","EXCLUDED_NOTEPAD_FALSE_MATCH","C:\Windows\system32\NOTEPAD.EXE","""C:\Windows\system32\NOTEPAD.EXE"" C:\Users\seguridad\Desktop\TFM\Velociraptor\How_UP_server.txt","0","7,59","7,59","2,92","269","1","0","False","C:\Users\julio\Desktop\TFM\05_LOGS\BENCHMARKS\TFM_BENCH_VR_TEC_RUNNER_20260618_181218\process_samples.csv"
"TFM_BENCH_VR_TEC_RUNNER_20260618_181218","VR_TEC_RUNNER","2026-06-18T18:13:48.2880305+02:00","56,25","Stopped","13880","velociraptor-v0.75.6-windows-amd64.exe","SERVER_GUI_OR_LAB_BINARY","","","1,22","154,62","154,62","128,9","301","13","0","False","C:\Users\julio\Desktop\TFM\05_LOGS\BENCHMARKS\TFM_BENCH_VR_TEC_RUNNER_20260618_181218\process_samples.csv"
"TFM_BENCH_VR_TEC_RUNNER_20260618_181218","VR_TEC_RUNNER","2026-06-18T18:13:50.4919652+02:00","58,46","Stopped","8732","notepad.exe","EXCLUDED_NOTEPAD_FALSE_MATCH","C:\Windows\system32\NOTEPAD.EXE","""C:\Windows\system32\NOTEPAD.EXE"" C:\Users\seguridad\Desktop\TFM\Velociraptor\How_UP_server.txt","0","9,17","9,17","2,91","271","1","0","False","C:\Users\julio\Desktop\TFM\05_LOGS\BENCHMARKS\TFM_BENCH_VR_TEC_RUNNER_20260618_181218\process_samples.csv"
"TFM_BENCH_VR_TEC_RUNNER_20260618_181218","VR_TEC_RUNNER","2026-06-18T18:13:50.4919652+02:00","58,46","Stopped","8860","notepad.exe","EXCLUDED_NOTEPAD_FALSE_MATCH","C:\Windows\system32\NOTEPAD.EXE","""C:\Windows\system32\NOTEPAD.EXE"" C:\Users\seguridad\Desktop\TFM\Velociraptor\How_UP_server.txt","0","7,59","7,59","2,92","269","1","0","False","C:\Users\julio\Desktop\TFM\05_LOGS\BENCHMARKS\TFM_BENCH_VR_TEC_RUNNER_20260618_181218\process_samples.csv"
"TFM_BENCH_VR_TEC_RUNNER_20260618_181218","VR_TEC_RUNNER","2026-06-18T18:13:50.4919652+02:00","58,46","Stopped","13880","velociraptor-v0.75.6-windows-amd64.exe","SERVER_GUI_OR_LAB_BINARY","","","0","154,62","154,62","128,9","301","13","0","False","C:\Users\julio\Desktop\TFM\05_LOGS\BENCHMARKS\TFM_BENCH_VR_TEC_RUNNER_20260618_181218\process_samples.csv"
"TFM_BENCH_VR_TEC_RUNNER_20260618_181218","VR_TEC_RUNNER","2026-06-18T18:13:52.7266390+02:00","60,69","Stopped","8732","notepad.exe","EXCLUDED_NOTEPAD_FALSE_MATCH","C:\Windows\system32\NOTEPAD.EXE","""C:\Windows\system32\NOTEPAD.EXE"" C:\Users\seguridad\Desktop\TFM\Velociraptor\How_UP_server.txt","0","9,17","9,17","2,91","271","1","0","False","C:\Users\julio\Desktop\TFM\05_LOGS\BENCHMARKS\TFM_BENCH_VR_TEC_RUNNER_20260618_181218\process_samples.csv"
"TFM_BENCH_VR_TEC_RUNNER_20260618_181218","VR_TEC_RUNNER","2026-06-18T18:13:52.7266390+02:00","60,69","Stopped","8860","notepad.exe","EXCLUDED_NOTEPAD_FALSE_MATCH","C:\Windows\system32\NOTEPAD.EXE","""C:\Windows\system32\NOTEPAD.EXE"" C:\Users\seguridad\Desktop\TFM\Velociraptor\How_UP_server.txt","0","7,59","7,59","2,92","269","1","0","False","C:\Users\julio\Desktop\TFM\05_LOGS\BENCHMARKS\TFM_BENCH_VR_TEC_RUNNER_20260618_181218\process_samples.csv"
"TFM_BENCH_VR_TEC_RUNNER_20260618_181218","VR_TEC_RUNNER","2026-06-18T18:13:52.7266390+02:00","60,69","Stopped","13880","velociraptor-v0.75.6-windows-amd64.exe","SERVER_GUI_OR_LAB_BINARY","","","0","154,62","154,62","128,9","301","13","0","False","C:\Users\julio\Desktop\TFM\05_LOGS\BENCHMARKS\TFM_BENCH_VR_TEC_RUNNER_20260618_181218\process_samples.csv"
"TFM_BENCH_VR_TEC_RUNNER_20260618_181218","VR_TEC_RUNNER","2026-06-18T18:13:54.9412228+02:00","62,91","Stopped","8732","notepad.exe","EXCLUDED_NOTEPAD_FALSE_MATCH","C:\Windows\system32\NOTEPAD.EXE","""C:\Windows\system32\NOTEPAD.EXE"" C:\Users\seguridad\Desktop\TFM\Velociraptor\How_UP_server.txt","0","9,17","9,17","2,91","271","1","0","False","C:\Users\julio\Desktop\TFM\05_LOGS\BENCHMARKS\TFM_BENCH_VR_TEC_RUNNER_20260618_181218\process_samples.csv"
"TFM_BENCH_VR_TEC_RUNNER_20260618_181218","VR_TEC_RUNNER","2026-06-18T18:13:54.9412228+02:00","62,91","Stopped","8860","notepad.exe","EXCLUDED_NOTEPAD_FALSE_MATCH","C:\Windows\system32\NOTEPAD.EXE","""C:\Windows\system32\NOTEPAD.EXE"" C:\Users\seguridad\Desktop\TFM\Velociraptor\How_UP_server.txt","0","7,59","7,59","2,92","269","1","0","False","C:\Users\julio\Desktop\TFM\05_LOGS\BENCHMARKS\TFM_BENCH_VR_TEC_RUNNER_20260618_181218\process_samples.csv"
"TFM_BENCH_VR_TEC_RUNNER_20260618_181218","VR_TEC_RUNNER","2026-06-18T18:13:54.9412228+02:00","62,91","Stopped","13880","velociraptor-v0.75.6-windows-amd64.exe","SERVER_GUI_OR_LAB_BINARY","","","0,35","125,8","125,8","100,06","301","13","0","False","C:\Users\julio\Desktop\TFM\05_LOGS\BENCHMARKS\TFM_BENCH_VR_TEC_RUNNER_20260618_181218\process_samples.csv"
"TFM_BENCH_VR_TEC_RUNNER_20260618_181218","VR_TEC_RUNNER","2026-06-18T18:13:57.2014200+02:00","65,17","Stopped","8732","notepad.exe","EXCLUDED_NOTEPAD_FALSE_MATCH","C:\Windows\system32\NOTEPAD.EXE","""C:\Windows\system32\NOTEPAD.EXE"" C:\Users\seguridad\Desktop\TFM\Velociraptor\How_UP_server.txt","0","9,17","9,17","2,91","271","1","0","False","C:\Users\julio\Desktop\TFM\05_LOGS\BENCHMARKS\TFM_BENCH_VR_TEC_RUNNER_20260618_181218\process_samples.csv"
"TFM_BENCH_VR_TEC_RUNNER_20260618_181218","VR_TEC_RUNNER","2026-06-18T18:13:57.2014200+02:00","65,17","Stopped","8860","notepad.exe","EXCLUDED_NOTEPAD_FALSE_MATCH","C:\Windows\system32\NOTEPAD.EXE","""C:\Windows\system32\NOTEPAD.EXE"" C:\Users\seguridad\Desktop\TFM\Velociraptor\How_UP_server.txt","0","7,59","7,59","2,92","269","1","0","False","C:\Users\julio\Desktop\TFM\05_LOGS\BENCHMARKS\TFM_BENCH_VR_TEC_RUNNER_20260618_181218\process_samples.csv"
"TFM_BENCH_VR_TEC_RUNNER_20260618_181218","VR_TEC_RUNNER","2026-06-18T18:13:57.2014200+02:00","65,17","Stopped","13880","velociraptor-v0.75.6-windows-amd64.exe","SERVER_GUI_OR_LAB_BINARY","","","0","125,88","125,88","100,16","301","13","0","False","C:\Users\julio\Desktop\TFM\05_LOGS\BENCHMARKS\TFM_BENCH_VR_TEC_RUNNER_20260618_181218\process_samples.csv"
"TFM_BENCH_VR_TEC_RUNNER_20260618_181218","VR_TEC_RUNNER","2026-06-18T18:13:59.4404385+02:00","67,41","Stopped","8732","notepad.exe","EXCLUDED_NOTEPAD_FALSE_MATCH","C:\Windows\system32\NOTEPAD.EXE","""C:\Windows\system32\NOTEPAD.EXE"" C:\Users\seguridad\Desktop\TFM\Velociraptor\How_UP_server.txt","0","9,17","9,17","2,91","271","1","0","False","C:\Users\julio\Desktop\TFM\05_LOGS\BENCHMARKS\TFM_BENCH_VR_TEC_RUNNER_20260618_181218\process_samples.csv"
"TFM_BENCH_VR_TEC_RUNNER_20260618_181218","VR_TEC_RUNNER","2026-06-18T18:13:59.4404385+02:00","67,41","Stopped","8860","notepad.exe","EXCLUDED_NOTEPAD_FALSE_MATCH","C:\Windows\system32\NOTEPAD.EXE","""C:\Windows\system32\NOTEPAD.EXE"" C:\Users\seguridad\Desktop\TFM\Velociraptor\How_UP_server.txt","0","7,59","7,59","2,92","269","1","0","False","C:\Users\julio\Desktop\TFM\05_LOGS\BENCHMARKS\TFM_BENCH_VR_TEC_RUNNER_20260618_181218\process_samples.csv"
"TFM_BENCH_VR_TEC_RUNNER_20260618_181218","VR_TEC_RUNNER","2026-06-18T18:13:59.4404385+02:00","67,41","Stopped","13880","velociraptor-v0.75.6-windows-amd64.exe","SERVER_GUI_OR_LAB_BINARY","","","0","125,95","125,95","100,22","301","13","0","False","C:\Users\julio\Desktop\TFM\05_LOGS\BENCHMARKS\TFM_BENCH_VR_TEC_RUNNER_20260618_181218\process_samples.csv"
"TFM_BENCH_VR_TEC_RUNNER_20260618_181218","VR_TEC_RUNNER","2026-06-18T18:14:01.6567107+02:00","69,62","Stopped","8732","notepad.exe","EXCLUDED_NOTEPAD_FALSE_MATCH","C:\Windows\system32\NOTEPAD.EXE","""C:\Windows\system32\NOTEPAD.EXE"" C:\Users\seguridad\Desktop\TFM\Velociraptor\How_UP_server.txt","0","9,17","9,17","2,91","271","1","0","False","C:\Users\julio\Desktop\TFM\05_LOGS\BENCHMARKS\TFM_BENCH_VR_TEC_RUNNER_20260618_181218\process_samples.csv"
"TFM_BENCH_VR_TEC_RUNNER_20260618_181218","VR_TEC_RUNNER","2026-06-18T18:14:01.6567107+02:00","69,62","Stopped","8860","notepad.exe","EXCLUDED_NOTEPAD_FALSE_MATCH","C:\Windows\system32\NOTEPAD.EXE","""C:\Windows\system32\NOTEPAD.EXE"" C:\Users\seguridad\Desktop\TFM\Velociraptor\How_UP_server.txt","0","7,59","7,59","2,92","269","1","0","False","C:\Users\julio\Desktop\TFM\05_LOGS\BENCHMARKS\TFM_BENCH_VR_TEC_RUNNER_20260618_181218\process_samples.csv"
"TFM_BENCH_VR_TEC_RUNNER_20260618_181218","VR_TEC_RUNNER","2026-06-18T18:14:01.6567107+02:00","69,62","Stopped","13880","velociraptor-v0.75.6-windows-amd64.exe","SERVER_GUI_OR_LAB_BINARY","","","14,81","149,73","149,73","123,97","301","13","0","False","C:\Users\julio\Desktop\TFM\05_LOGS\BENCHMARKS\TFM_BENCH_VR_TEC_RUNNER_20260618_181218\process_samples.csv"
"TFM_BENCH_VR_TEC_RUNNER_20260618_181218","VR_TEC_RUNNER","2026-06-18T18:14:03.8796550+02:00","71,85","Stopped","8732","notepad.exe","EXCLUDED_NOTEPAD_FALSE_MATCH","C:\Windows\system32\NOTEPAD.EXE","""C:\Windows\system32\NOTEPAD.EXE"" C:\Users\seguridad\Desktop\TFM\Velociraptor\How_UP_server.txt","0","9,17","9,17","2,91","271","1","0","False","C:\Users\julio\Desktop\TFM\05_LOGS\BENCHMARKS\TFM_BENCH_VR_TEC_RUNNER_20260618_181218\process_samples.csv"
"TFM_BENCH_VR_TEC_RUNNER_20260618_181218","VR_TEC_RUNNER","2026-06-18T18:14:03.8796550+02:00","71,85","Stopped","8860","notepad.exe","EXCLUDED_NOTEPAD_FALSE_MATCH","C:\Windows\system32\NOTEPAD.EXE","""C:\Windows\system32\NOTEPAD.EXE"" C:\Users\seguridad\Desktop\TFM\Velociraptor\How_UP_server.txt","0","7,59","7,59","2,92","269","1","0","False","C:\Users\julio\Desktop\TFM\05_LOGS\BENCHMARKS\TFM_BENCH_VR_TEC_RUNNER_20260618_181218\process_samples.csv"
"TFM_BENCH_VR_TEC_RUNNER_20260618_181218","VR_TEC_RUNNER","2026-06-18T18:14:03.8796550+02:00","71,85","Stopped","13880","velociraptor-v0.75.6-windows-amd64.exe","SERVER_GUI_OR_LAB_BINARY","","","1,23","126,66","126,66","100,89","307","13","0","False","C:\Users\julio\Desktop\TFM\05_LOGS\BENCHMARKS\TFM_BENCH_VR_TEC_RUNNER_20260618_181218\process_samples.csv"
"TFM_BENCH_VR_TEC_RUNNER_20260618_181218","VR_TEC_RUNNER","2026-06-18T18:14:06.1776141+02:00","74,14","Stopped","8732","notepad.exe","EXCLUDED_NOTEPAD_FALSE_MATCH","C:\Windows\system32\NOTEPAD.EXE","""C:\Windows\system32\NOTEPAD.EXE"" C:\Users\seguridad\Desktop\TFM\Velociraptor\How_UP_server.txt","0","9,17","9,17","2,91","271","1","0","False","C:\Users\julio\Desktop\TFM\05_LOGS\BENCHMARKS\TFM_BENCH_VR_TEC_RUNNER_20260618_181218\process_samples.csv"
"TFM_BENCH_VR_TEC_RUNNER_20260618_181218","VR_TEC_RUNNER","2026-06-18T18:14:06.1776141+02:00","74,14","Stopped","8860","notepad.exe","EXCLUDED_NOTEPAD_FALSE_MATCH","C:\Windows\system32\NOTEPAD.EXE","""C:\Windows\system32\NOTEPAD.EXE"" C:\Users\seguridad\Desktop\TFM\Velociraptor\How_UP_server.txt","0","7,59","7,59","2,92","269","1","0","False","C:\Users\julio\Desktop\TFM\05_LOGS\BENCHMARKS\TFM_BENCH_VR_TEC_RUNNER_20260618_181218\process_samples.csv"
"TFM_BENCH_VR_TEC_RUNNER_20260618_181218","VR_TEC_RUNNER","2026-06-18T18:14:06.1776141+02:00","74,14","Stopped","13880","velociraptor-v0.75.6-windows-amd64.exe","SERVER_GUI_OR_LAB_BINARY","","","0,85","126,71","126,71","100,96","304","13","0","False","C:\Users\julio\Desktop\TFM\05_LOGS\BENCHMARKS\TFM_BENCH_VR_TEC_RUNNER_20260618_181218\process_samples.csv"
"TFM_BENCH_VR_TEC_RUNNER_20260618_181218","VR_TEC_RUNNER","2026-06-18T18:14:08.5497370+02:00","76,52","Stopped","8732","notepad.exe","EXCLUDED_NOTEPAD_FALSE_MATCH","C:\Windows\system32\NOTEPAD.EXE","""C:\Windows\system32\NOTEPAD.EXE"" C:\Users\seguridad\Desktop\TFM\Velociraptor\How_UP_server.txt","0","9,17","9,17","2,91","271","1","0","False","C:\Users\julio\Desktop\TFM\05_LOGS\BENCHMARKS\TFM_BENCH_VR_TEC_RUNNER_20260618_181218\process_samples.csv"
"TFM_BENCH_VR_TEC_RUNNER_20260618_181218","VR_TEC_RUNNER","2026-06-18T18:14:08.5497370+02:00","76,52","Stopped","8860","notepad.exe","EXCLUDED_NOTEPAD_FALSE_MATCH","C:\Windows\system32\NOTEPAD.EXE","""C:\Windows\system32\NOTEPAD.EXE"" C:\Users\seguridad\Desktop\TFM\Velociraptor\How_UP_server.txt","0","7,59","7,59","2,92","269","1","0","False","C:\Users\julio\Desktop\TFM\05_LOGS\BENCHMARKS\TFM_BENCH_VR_TEC_RUNNER_20260618_181218\process_samples.csv"
"TFM_BENCH_VR_TEC_RUNNER_20260618_181218","VR_TEC_RUNNER","2026-06-18T18:14:08.5497370+02:00","76,52","Stopped","13880","velociraptor-v0.75.6-windows-amd64.exe","SERVER_GUI_OR_LAB_BINARY","","","1,65","131,26","131,26","105,62","304","13","0","False","C:\Users\julio\Desktop\TFM\05_LOGS\BENCHMARKS\TFM_BENCH_VR_TEC_RUNNER_20260618_181218\process_samples.csv"
"TFM_BENCH_VR_TEC_RUNNER_20260618_181218","VR_TEC_RUNNER","2026-06-18T18:14:12.4622724+02:00","80,43","Stopped","8732","notepad.exe","EXCLUDED_NOTEPAD_FALSE_MATCH","C:\Windows\system32\NOTEPAD.EXE","""C:\Windows\system32\NOTEPAD.EXE"" C:\Users\seguridad\Desktop\TFM\Velociraptor\How_UP_server.txt","0","9,17","9,17","2,91","271","1","0","False","C:\Users\julio\Desktop\TFM\05_LOGS\BENCHMARKS\TFM_BENCH_VR_TEC_RUNNER_20260618_181218\process_samples.csv"
"TFM_BENCH_VR_TEC_RUNNER_20260618_181218","VR_TEC_RUNNER","2026-06-18T18:14:12.4622724+02:00","80,43","Stopped","8860","notepad.exe","EXCLUDED_NOTEPAD_FALSE_MATCH","C:\Windows\system32\NOTEPAD.EXE","""C:\Windows\system32\NOTEPAD.EXE"" C:\Users\seguridad\Desktop\TFM\Velociraptor\How_UP_server.txt","0","7,59","7,59","2,92","269","1","0","False","C:\Users\julio\Desktop\TFM\05_LOGS\BENCHMARKS\TFM_BENCH_VR_TEC_RUNNER_20260618_181218\process_samples.csv"
"TFM_BENCH_VR_TEC_RUNNER_20260618_181218","VR_TEC_RUNNER","2026-06-18T18:14:12.4622724+02:00","80,43","Stopped","13880","velociraptor-v0.75.6-windows-amd64.exe","SERVER_GUI_OR_LAB_BINARY","","","1,5","131,74","131,74","106,23","304","13","0","False","C:\Users\julio\Desktop\TFM\05_LOGS\BENCHMARKS\TFM_BENCH_VR_TEC_RUNNER_20260618_181218\process_samples.csv"
"TFM_BENCH_VR_TEC_RUNNER_20260618_181218","VR_TEC_RUNNER","2026-06-18T18:14:17.1808658+02:00","85,15","Stopped","8732","notepad.exe","EXCLUDED_NOTEPAD_FALSE_MATCH","C:\Windows\system32\NOTEPAD.EXE","""C:\Windows\system32\NOTEPAD.EXE"" C:\Users\seguridad\Desktop\TFM\Velociraptor\How_UP_server.txt","0","9,17","9,17","2,91","271","1","0","False","C:\Users\julio\Desktop\TFM\05_LOGS\BENCHMARKS\TFM_BENCH_VR_TEC_RUNNER_20260618_181218\process_samples.csv"
"TFM_BENCH_VR_TEC_RUNNER_20260618_181218","VR_TEC_RUNNER","2026-06-18T18:14:17.1808658+02:00","85,15","Stopped","8860","notepad.exe","EXCLUDED_NOTEPAD_FALSE_MATCH","C:\Windows\system32\NOTEPAD.EXE","""C:\Windows\system32\NOTEPAD.EXE"" C:\Users\seguridad\Desktop\TFM\Velociraptor\How_UP_server.txt","0","7,59","7,59","2,92","269","1","0","False","C:\Users\julio\Desktop\TFM\05_LOGS\BENCHMARKS\TFM_BENCH_VR_TEC_RUNNER_20260618_181218\process_samples.csv"
"TFM_BENCH_VR_TEC_RUNNER_20260618_181218","VR_TEC_RUNNER","2026-06-18T18:14:17.1808658+02:00","85,15","Stopped","13880","velociraptor-v0.75.6-windows-amd64.exe","SERVER_GUI_OR_LAB_BINARY","","","4,72","177,29","177,29","151,7","317","14","0","False","C:\Users\julio\Desktop\TFM\05_LOGS\BENCHMARKS\TFM_BENCH_VR_TEC_RUNNER_20260618_181218\process_samples.csv"
"TFM_BENCH_VR_TEC_RUNNER_20260618_181218","VR_TEC_RUNNER","2026-06-18T18:14:21.7252562+02:00","89,69","Stopped","8732","notepad.exe","EXCLUDED_NOTEPAD_FALSE_MATCH","C:\Windows\system32\NOTEPAD.EXE","""C:\Windows\system32\NOTEPAD.EXE"" C:\Users\seguridad\Desktop\TFM\Velociraptor\How_UP_server.txt","0","9,17","9,17","2,91","271","1","0","False","C:\Users\julio\Desktop\TFM\05_LOGS\BENCHMARKS\TFM_BENCH_VR_TEC_RUNNER_20260618_181218\process_samples.csv"
"TFM_BENCH_VR_TEC_RUNNER_20260618_181218","VR_TEC_RUNNER","2026-06-18T18:14:21.7252562+02:00","89,69","Stopped","8860","notepad.exe","EXCLUDED_NOTEPAD_FALSE_MATCH","C:\Windows\system32\NOTEPAD.EXE","""C:\Windows\system32\NOTEPAD.EXE"" C:\Users\seguridad\Desktop\TFM\Velociraptor\How_UP_server.txt","0","7,59","7,59","2,92","269","1","0","False","C:\Users\julio\Desktop\TFM\05_LOGS\BENCHMARKS\TFM_BENCH_VR_TEC_RUNNER_20260618_181218\process_samples.csv"
"TFM_BENCH_VR_TEC_RUNNER_20260618_181218","VR_TEC_RUNNER","2026-06-18T18:14:21.7252562+02:00","89,69","Stopped","13880","velociraptor-v0.75.6-windows-amd64.exe","SERVER_GUI_OR_LAB_BINARY","","","5,85","203,56","203,56","179,86","321","14","0","False","C:\Users\julio\Desktop\TFM\05_LOGS\BENCHMARKS\TFM_BENCH_VR_TEC_RUNNER_20260618_181218\process_samples.csv"
"TFM_BENCH_VR_TEC_RUNNER_20260618_181218","VR_TEC_RUNNER","2026-06-18T18:14:26.5176283+02:00","94,48","Stopped","8732","notepad.exe","EXCLUDED_NOTEPAD_FALSE_MATCH","C:\Windows\system32\NOTEPAD.EXE","""C:\Windows\system32\NOTEPAD.EXE"" C:\Users\seguridad\Desktop\TFM\Velociraptor\How_UP_server.txt","0","9,17","9,17","2,91","271","1","0","False","C:\Users\julio\Desktop\TFM\05_LOGS\BENCHMARKS\TFM_BENCH_VR_TEC_RUNNER_20260618_181218\process_samples.csv"
"TFM_BENCH_VR_TEC_RUNNER_20260618_181218","VR_TEC_RUNNER","2026-06-18T18:14:26.5176283+02:00","94,48","Stopped","8860","notepad.exe","EXCLUDED_NOTEPAD_FALSE_MATCH","C:\Windows\system32\NOTEPAD.EXE","""C:\Windows\system32\NOTEPAD.EXE"" C:\Users\seguridad\Desktop\TFM\Velociraptor\How_UP_server.txt","0","7,59","7,59","2,92","269","1","0","False","C:\Users\julio\Desktop\TFM\05_LOGS\BENCHMARKS\TFM_BENCH_VR_TEC_RUNNER_20260618_181218\process_samples.csv"
"TFM_BENCH_VR_TEC_RUNNER_20260618_181218","VR_TEC_RUNNER","2026-06-18T18:14:26.5176283+02:00","94,48","Stopped","13880","velociraptor-v0.75.6-windows-amd64.exe","SERVER_GUI_OR_LAB_BINARY","","","2,69","130,52","130,52","104,75","320","14","0","False","C:\Users\julio\Desktop\TFM\05_LOGS\BENCHMARKS\TFM_BENCH_VR_TEC_RUNNER_20260618_181218\process_samples.csv"
"TFM_BENCH_VR_TEC_RUNNER_20260618_181218","VR_TEC_RUNNER","2026-06-18T18:14:29.2776216+02:00","97,24","Stopped","8732","notepad.exe","EXCLUDED_NOTEPAD_FALSE_MATCH","C:\Windows\system32\NOTEPAD.EXE","""C:\Windows\system32\NOTEPAD.EXE"" C:\Users\seguridad\Desktop\TFM\Velociraptor\How_UP_server.txt","0","9,17","9,17","2,91","271","1","0","False","C:\Users\julio\Desktop\TFM\05_LOGS\BENCHMARKS\TFM_BENCH_VR_TEC_RUNNER_20260618_181218\process_samples.csv"
"TFM_BENCH_VR_TEC_RUNNER_20260618_181218","VR_TEC_RUNNER","2026-06-18T18:14:29.2776216+02:00","97,24","Stopped","8860","notepad.exe","EXCLUDED_NOTEPAD_FALSE_MATCH","C:\Windows\system32\NOTEPAD.EXE","""C:\Windows\system32\NOTEPAD.EXE"" C:\Users\seguridad\Desktop\TFM\Velociraptor\How_UP_server.txt","0","7,59","7,59","2,92","269","1","0","False","C:\Users\julio\Desktop\TFM\05_LOGS\BENCHMARKS\TFM_BENCH_VR_TEC_RUNNER_20260618_181218\process_samples.csv"
"TFM_BENCH_VR_TEC_RUNNER_20260618_181218","VR_TEC_RUNNER","2026-06-18T18:14:29.2776216+02:00","97,24","Stopped","13880","velociraptor-v0.75.6-windows-amd64.exe","SERVER_GUI_OR_LAB_BINARY","","","1,42","130,77","130,77","105,04","317","14","0","False","C:\Users\julio\Desktop\TFM\05_LOGS\BENCHMARKS\TFM_BENCH_VR_TEC_RUNNER_20260618_181218\process_samples.csv"
"TFM_BENCH_VR_TEC_RUNNER_20260618_181218","VR_TEC_RUNNER","2026-06-18T18:14:31.9071279+02:00","99,87","Stopped","8732","notepad.exe","EXCLUDED_NOTEPAD_FALSE_MATCH","C:\Windows\system32\NOTEPAD.EXE","""C:\Windows\system32\NOTEPAD.EXE"" C:\Users\seguridad\Desktop\TFM\Velociraptor\How_UP_server.txt","0","9,17","9,17","2,91","271","1","0","False","C:\Users\julio\Desktop\TFM\05_LOGS\BENCHMARKS\TFM_BENCH_VR_TEC_RUNNER_20260618_181218\process_samples.csv"
"TFM_BENCH_VR_TEC_RUNNER_20260618_181218","VR_TEC_RUNNER","2026-06-18T18:14:31.9071279+02:00","99,87","Stopped","8860","notepad.exe","EXCLUDED_NOTEPAD_FALSE_MATCH","C:\Windows\system32\NOTEPAD.EXE","""C:\Windows\system32\NOTEPAD.EXE"" C:\Users\seguridad\Desktop\TFM\Velociraptor\How_UP_server.txt","0","7,59","7,59","2,92","269","1","0","False","C:\Users\julio\Desktop\TFM\05_LOGS\BENCHMARKS\TFM_BENCH_VR_TEC_RUNNER_20260618_181218\process_samples.csv"
"TFM_BENCH_VR_TEC_RUNNER_20260618_181218","VR_TEC_RUNNER","2026-06-18T18:14:31.9071279+02:00","99,87","Stopped","13880","velociraptor-v0.75.6-windows-amd64.exe","SERVER_GUI_OR_LAB_BINARY","","","2,53","133,88","133,88","108,36","331","15","0","False","C:\Users\julio\Desktop\TFM\05_LOGS\BENCHMARKS\TFM_BENCH_VR_TEC_RUNNER_20260618_181218\process_samples.csv"
"TFM_BENCH_VR_TEC_RUNNER_20260618_181218","VR_TEC_RUNNER","2026-06-18T18:14:34.7791458+02:00","102,75","Stopped","8732","notepad.exe","EXCLUDED_NOTEPAD_FALSE_MATCH","C:\Windows\system32\NOTEPAD.EXE","""C:\Windows\system32\NOTEPAD.EXE"" C:\Users\seguridad\Desktop\TFM\Velociraptor\How_UP_server.txt","0","9,17","9,17","2,91","271","1","0","False","C:\Users\julio\Desktop\TFM\05_LOGS\BENCHMARKS\TFM_BENCH_VR_TEC_RUNNER_20260618_181218\process_samples.csv"
"TFM_BENCH_VR_TEC_RUNNER_20260618_181218","VR_TEC_RUNNER","2026-06-18T18:14:34.7791458+02:00","102,75","Stopped","8860","notepad.exe","EXCLUDED_NOTEPAD_FALSE_MATCH","C:\Windows\system32\NOTEPAD.EXE","""C:\Windows\system32\NOTEPAD.EXE"" C:\Users\seguridad\Desktop\TFM\Velociraptor\How_UP_server.txt","0","7,59","7,59","2,92","269","1","0","False","C:\Users\julio\Desktop\TFM\05_LOGS\BENCHMARKS\TFM_BENCH_VR_TEC_RUNNER_20260618_181218\process_samples.csv"
"TFM_BENCH_VR_TEC_RUNNER_20260618_181218","VR_TEC_RUNNER","2026-06-18T18:14:34.7791458+02:00","102,75","Stopped","13880","velociraptor-v0.75.6-windows-amd64.exe","SERVER_GUI_OR_LAB_BINARY","","","2,04","130,31","130,31","104,53","329","15","0","False","C:\Users\julio\Desktop\TFM\05_LOGS\BENCHMARKS\TFM_BENCH_VR_TEC_RUNNER_20260618_181218\process_samples.csv"
"TFM_BENCH_VR_TEC_RUNNER_20260618_181218","VR_TEC_RUNNER","2026-06-18T18:14:37.6962093+02:00","105,66","Stopped","8732","notepad.exe","EXCLUDED_NOTEPAD_FALSE_MATCH","C:\Windows\system32\NOTEPAD.EXE","""C:\Windows\system32\NOTEPAD.EXE"" C:\Users\seguridad\Desktop\TFM\Velociraptor\How_UP_server.txt","0","9,17","9,17","2,91","271","1","0","False","C:\Users\julio\Desktop\TFM\05_LOGS\BENCHMARKS\TFM_BENCH_VR_TEC_RUNNER_20260618_181218\process_samples.csv"
"TFM_BENCH_VR_TEC_RUNNER_20260618_181218","VR_TEC_RUNNER","2026-06-18T18:14:37.6962093+02:00","105,66","Stopped","8860","notepad.exe","EXCLUDED_NOTEPAD_FALSE_MATCH","C:\Windows\system32\NOTEPAD.EXE","""C:\Windows\system32\NOTEPAD.EXE"" C:\Users\seguridad\Desktop\TFM\Velociraptor\How_UP_server.txt","0","7,59","7,59","2,92","269","1","0","False","C:\Users\julio\Desktop\TFM\05_LOGS\BENCHMARKS\TFM_BENCH_VR_TEC_RUNNER_20260618_181218\process_samples.csv"
"TFM_BENCH_VR_TEC_RUNNER_20260618_181218","VR_TEC_RUNNER","2026-06-18T18:14:37.6962093+02:00","105,66","Stopped","13880","velociraptor-v0.75.6-windows-amd64.exe","SERVER_GUI_OR_LAB_BINARY","","","14,06","175,35","175,35","149,55","335","16","0","False","C:\Users\julio\Desktop\TFM\05_LOGS\BENCHMARKS\TFM_BENCH_VR_TEC_RUNNER_20260618_181218\process_samples.csv"
"TFM_BENCH_VR_TEC_RUNNER_20260618_181218","VR_TEC_RUNNER","2026-06-18T18:14:42.4197047+02:00","110,39","Stopped","8732","notepad.exe","EXCLUDED_NOTEPAD_FALSE_MATCH","C:\Windows\system32\NOTEPAD.EXE","""C:\Windows\system32\NOTEPAD.EXE"" C:\Users\seguridad\Desktop\TFM\Velociraptor\How_UP_server.txt","0","9,17","9,17","2,91","271","1","0","False","C:\Users\julio\Desktop\TFM\05_LOGS\BENCHMARKS\TFM_BENCH_VR_TEC_RUNNER_20260618_181218\process_samples.csv"
"TFM_BENCH_VR_TEC_RUNNER_20260618_181218","VR_TEC_RUNNER","2026-06-18T18:14:42.4197047+02:00","110,39","Stopped","8860","notepad.exe","EXCLUDED_NOTEPAD_FALSE_MATCH","C:\Windows\system32\NOTEPAD.EXE","""C:\Windows\system32\NOTEPAD.EXE"" C:\Users\seguridad\Desktop\TFM\Velociraptor\How_UP_server.txt","0","7,59","7,59","2,92","269","1","0","False","C:\Users\julio\Desktop\TFM\05_LOGS\BENCHMARKS\TFM_BENCH_VR_TEC_RUNNER_20260618_181218\process_samples.csv"
"TFM_BENCH_VR_TEC_RUNNER_20260618_181218","VR_TEC_RUNNER","2026-06-18T18:14:42.4197047+02:00","110,39","Stopped","13880","velociraptor-v0.75.6-windows-amd64.exe","SERVER_GUI_OR_LAB_BINARY","","","5,04","195,46","195,46","169,75","354","19","0","False","C:\Users\julio\Desktop\TFM\05_LOGS\BENCHMARKS\TFM_BENCH_VR_TEC_RUNNER_20260618_181218\process_samples.csv"
"TFM_BENCH_VR_TEC_RUNNER_20260618_181218","VR_TEC_RUNNER","2026-06-18T18:14:47.8400599+02:00","115,81","Stopped","8732","notepad.exe","EXCLUDED_NOTEPAD_FALSE_MATCH","C:\Windows\system32\NOTEPAD.EXE","""C:\Windows\system32\NOTEPAD.EXE"" C:\Users\seguridad\Desktop\TFM\Velociraptor\How_UP_server.txt","0","9,17","9,17","2,91","271","1","0","False","C:\Users\julio\Desktop\TFM\05_LOGS\BENCHMARKS\TFM_BENCH_VR_TEC_RUNNER_20260618_181218\process_samples.csv"
"TFM_BENCH_VR_TEC_RUNNER_20260618_181218","VR_TEC_RUNNER","2026-06-18T18:14:47.8400599+02:00","115,81","Stopped","8860","notepad.exe","EXCLUDED_NOTEPAD_FALSE_MATCH","C:\Windows\system32\NOTEPAD.EXE","""C:\Windows\system32\NOTEPAD.EXE"" C:\Users\seguridad\Desktop\TFM\Velociraptor\How_UP_server.txt","0","7,59","7,59","2,92","269","1","0","False","C:\Users\julio\Desktop\TFM\05_LOGS\BENCHMARKS\TFM_BENCH_VR_TEC_RUNNER_20260618_181218\process_samples.csv"
"TFM_BENCH_VR_TEC_RUNNER_20260618_181218","VR_TEC_RUNNER","2026-06-18T18:14:47.8400599+02:00","115,81","Stopped","13880","velociraptor-v0.75.6-windows-amd64.exe","SERVER_GUI_OR_LAB_BINARY","","","1,3","134,65","134,65","108,93","364","19","0","False","C:\Users\julio\Desktop\TFM\05_LOGS\BENCHMARKS\TFM_BENCH_VR_TEC_RUNNER_20260618_181218\process_samples.csv"
"TFM_BENCH_VR_TEC_RUNNER_20260618_181218","VR_TEC_RUNNER","2026-06-18T18:14:52.2569004+02:00","120,22","Stopped","8732","notepad.exe","EXCLUDED_NOTEPAD_FALSE_MATCH","C:\Windows\system32\NOTEPAD.EXE","""C:\Windows\system32\NOTEPAD.EXE"" C:\Users\seguridad\Desktop\TFM\Velociraptor\How_UP_server.txt","0","9,17","9,17","2,91","271","1","0","False","C:\Users\julio\Desktop\TFM\05_LOGS\BENCHMARKS\TFM_BENCH_VR_TEC_RUNNER_20260618_181218\process_samples.csv"
"TFM_BENCH_VR_TEC_RUNNER_20260618_181218","VR_TEC_RUNNER","2026-06-18T18:14:52.2569004+02:00","120,22","Stopped","8860","notepad.exe","EXCLUDED_NOTEPAD_FALSE_MATCH","C:\Windows\system32\NOTEPAD.EXE","""C:\Windows\system32\NOTEPAD.EXE"" C:\Users\seguridad\Desktop\TFM\Velociraptor\How_UP_server.txt","0","7,59","7,59","2,92","269","1","0","False","C:\Users\julio\Desktop\TFM\05_LOGS\BENCHMARKS\TFM_BENCH_VR_TEC_RUNNER_20260618_181218\process_samples.csv"
"TFM_BENCH_VR_TEC_RUNNER_20260618_181218","VR_TEC_RUNNER","2026-06-18T18:14:52.2569004+02:00","120,22","Stopped","13880","velociraptor-v0.75.6-windows-amd64.exe","SERVER_GUI_OR_LAB_BINARY","","","1,15","137,41","137,41","111,82","386","24","0","False","C:\Users\julio\Desktop\TFM\05_LOGS\BENCHMARKS\TFM_BENCH_VR_TEC_RUNNER_20260618_181218\process_samples.csv"
"TFM_BENCH_VR_TEC_RUNNER_20260618_181218","VR_TEC_RUNNER","2026-06-18T18:14:57.0231487+02:00","124,99","Stopped","8732","notepad.exe","EXCLUDED_NOTEPAD_FALSE_MATCH","C:\Windows\system32\NOTEPAD.EXE","""C:\Windows\system32\NOTEPAD.EXE"" C:\Users\seguridad\Desktop\TFM\Velociraptor\How_UP_server.txt","0","9,17","9,17","2,91","271","1","0","False","C:\Users\julio\Desktop\TFM\05_LOGS\BENCHMARKS\TFM_BENCH_VR_TEC_RUNNER_20260618_181218\process_samples.csv"
"TFM_BENCH_VR_TEC_RUNNER_20260618_181218","VR_TEC_RUNNER","2026-06-18T18:14:57.0231487+02:00","124,99","Stopped","8860","notepad.exe","EXCLUDED_NOTEPAD_FALSE_MATCH","C:\Windows\system32\NOTEPAD.EXE","""C:\Windows\system32\NOTEPAD.EXE"" C:\Users\seguridad\Desktop\TFM\Velociraptor\How_UP_server.txt","0","7,59","7,59","2,92","269","1","0","False","C:\Users\julio\Desktop\TFM\05_LOGS\BENCHMARKS\TFM_BENCH_VR_TEC_RUNNER_20260618_181218\process_samples.csv"
"TFM_BENCH_VR_TEC_RUNNER_20260618_181218","VR_TEC_RUNNER","2026-06-18T18:14:57.0231487+02:00","124,99","Stopped","13880","velociraptor-v0.75.6-windows-amd64.exe","SERVER_GUI_OR_LAB_BINARY","","","3,77","154,04","154,04","128,55","447","28","0","False","C:\Users\julio\Desktop\TFM\05_LOGS\BENCHMARKS\TFM_BENCH_VR_TEC_RUNNER_20260618_181218\process_samples.csv"
"TFM_BENCH_VR_TEC_RUNNER_20260618_181218","VR_TEC_RUNNER","2026-06-18T18:15:01.1060467+02:00","129,07","Stopped","8732","notepad.exe","EXCLUDED_NOTEPAD_FALSE_MATCH","C:\Windows\system32\NOTEPAD.EXE","""C:\Windows\system32\NOTEPAD.EXE"" C:\Users\seguridad\Desktop\TFM\Velociraptor\How_UP_server.txt","0","9,17","9,17","2,91","271","1","0","False","C:\Users\julio\Desktop\TFM\05_LOGS\BENCHMARKS\TFM_BENCH_VR_TEC_RUNNER_20260618_181218\process_samples.csv"
"TFM_BENCH_VR_TEC_RUNNER_20260618_181218","VR_TEC_RUNNER","2026-06-18T18:15:01.1060467+02:00","129,07","Stopped","8860","notepad.exe","EXCLUDED_NOTEPAD_FALSE_MATCH","C:\Windows\system32\NOTEPAD.EXE","""C:\Windows\system32\NOTEPAD.EXE"" C:\Users\seguridad\Desktop\TFM\Velociraptor\How_UP_server.txt","0","7,59","7,59","2,92","269","1","0","False","C:\Users\julio\Desktop\TFM\05_LOGS\BENCHMARKS\TFM_BENCH_VR_TEC_RUNNER_20260618_181218\process_samples.csv"
"TFM_BENCH_VR_TEC_RUNNER_20260618_181218","VR_TEC_RUNNER","2026-06-18T18:15:01.1060467+02:00","129,07","Stopped","13880","velociraptor-v0.75.6-windows-amd64.exe","SERVER_GUI_OR_LAB_BINARY","","","8,99","187,24","187,24","161,73","476","31","0","False","C:\Users\julio\Desktop\TFM\05_LOGS\BENCHMARKS\TFM_BENCH_VR_TEC_RUNNER_20260618_181218\process_samples.csv"
"TFM_BENCH_VR_TEC_RUNNER_20260618_181218","VR_TEC_RUNNER","2026-06-18T18:15:04.7153921+02:00","132,68","Stopped","8732","notepad.exe","EXCLUDED_NOTEPAD_FALSE_MATCH","C:\Windows\system32\NOTEPAD.EXE","""C:\Windows\system32\NOTEPAD.EXE"" C:\Users\seguridad\Desktop\TFM\Velociraptor\How_UP_server.txt","0","9,17","9,17","2,91","271","1","0","False","C:\Users\julio\Desktop\TFM\05_LOGS\BENCHMARKS\TFM_BENCH_VR_TEC_RUNNER_20260618_181218\process_samples.csv"
"TFM_BENCH_VR_TEC_RUNNER_20260618_181218","VR_TEC_RUNNER","2026-06-18T18:15:04.7153921+02:00","132,68","Stopped","8860","notepad.exe","EXCLUDED_NOTEPAD_FALSE_MATCH","C:\Windows\system32\NOTEPAD.EXE","""C:\Windows\system32\NOTEPAD.EXE"" C:\Users\seguridad\Desktop\TFM\Velociraptor\How_UP_server.txt","0","7,59","7,59","2,92","269","1","0","False","C:\Users\julio\Desktop\TFM\05_LOGS\BENCHMARKS\TFM_BENCH_VR_TEC_RUNNER_20260618_181218\process_samples.csv"
"TFM_BENCH_VR_TEC_RUNNER_20260618_181218","VR_TEC_RUNNER","2026-06-18T18:15:04.7153921+02:00","132,68","Stopped","13880","velociraptor-v0.75.6-windows-amd64.exe","SERVER_GUI_OR_LAB_BINARY","","","5,19","164,55","164,55","138,98","470","31","0","False","C:\Users\julio\Desktop\TFM\05_LOGS\BENCHMARKS\TFM_BENCH_VR_TEC_RUNNER_20260618_181218\process_samples.csv"
"TFM_BENCH_VR_TEC_RUNNER_20260618_181218","VR_TEC_RUNNER","2026-06-18T18:15:08.4416339+02:00","136,41","Stopped","8732","notepad.exe","EXCLUDED_NOTEPAD_FALSE_MATCH","C:\Windows\system32\NOTEPAD.EXE","""C:\Windows\system32\NOTEPAD.EXE"" C:\Users\seguridad\Desktop\TFM\Velociraptor\How_UP_server.txt","0","9,17","9,17","2,91","271","1","0","False","C:\Users\julio\Desktop\TFM\05_LOGS\BENCHMARKS\TFM_BENCH_VR_TEC_RUNNER_20260618_181218\process_samples.csv"
"TFM_BENCH_VR_TEC_RUNNER_20260618_181218","VR_TEC_RUNNER","2026-06-18T18:15:08.4416339+02:00","136,41","Stopped","8860","notepad.exe","EXCLUDED_NOTEPAD_FALSE_MATCH","C:\Windows\system32\NOTEPAD.EXE","""C:\Windows\system32\NOTEPAD.EXE"" C:\Users\seguridad\Desktop\TFM\Velociraptor\How_UP_server.txt","0","7,59","7,59","2,92","269","1","0","False","C:\Users\julio\Desktop\TFM\05_LOGS\BENCHMARKS\TFM_BENCH_VR_TEC_RUNNER_20260618_181218\process_samples.csv"
"TFM_BENCH_VR_TEC_RUNNER_20260618_181218","VR_TEC_RUNNER","2026-06-18T18:15:08.4416339+02:00","136,41","Stopped","13880","velociraptor-v0.75.6-windows-amd64.exe","SERVER_GUI_OR_LAB_BINARY","","","2,83","132,13","132,13","106,62","468","31","0","False","C:\Users\julio\Desktop\TFM\05_LOGS\BENCHMARKS\TFM_BENCH_VR_TEC_RUNNER_20260618_181218\process_samples.csv"
"TFM_BENCH_VR_TEC_RUNNER_20260618_181218","VR_TEC_RUNNER","2026-06-18T18:15:12.2725340+02:00","140,24","Stopped","8732","notepad.exe","EXCLUDED_NOTEPAD_FALSE_MATCH","C:\Windows\system32\NOTEPAD.EXE","""C:\Windows\system32\NOTEPAD.EXE"" C:\Users\seguridad\Desktop\TFM\Velociraptor\How_UP_server.txt","0","9,17","9,17","2,91","271","1","0","False","C:\Users\julio\Desktop\TFM\05_LOGS\BENCHMARKS\TFM_BENCH_VR_TEC_RUNNER_20260618_181218\process_samples.csv"
"TFM_BENCH_VR_TEC_RUNNER_20260618_181218","VR_TEC_RUNNER","2026-06-18T18:15:12.2725340+02:00","140,24","Stopped","8860","notepad.exe","EXCLUDED_NOTEPAD_FALSE_MATCH","C:\Windows\system32\NOTEPAD.EXE","""C:\Windows\system32\NOTEPAD.EXE"" C:\Users\seguridad\Desktop\TFM\Velociraptor\How_UP_server.txt","0","7,59","7,59","2,92","269","1","0","False","C:\Users\julio\Desktop\TFM\05_LOGS\BENCHMARKS\TFM_BENCH_VR_TEC_RUNNER_20260618_181218\process_samples.csv"
"TFM_BENCH_VR_TEC_RUNNER_20260618_181218","VR_TEC_RUNNER","2026-06-18T18:15:12.2725340+02:00","140,24","Stopped","13880","velociraptor-v0.75.6-windows-amd64.exe","SERVER_GUI_OR_LAB_BINARY","","","2,35","133,33","133,33","108,06","475","31","0","False","C:\Users\julio\Desktop\TFM\05_LOGS\BENCHMARKS\TFM_BENCH_VR_TEC_RUNNER_20260618_181218\process_samples.csv"
"TFM_BENCH_VR_TEC_RUNNER_20260618_181218","VR_TEC_RUNNER","2026-06-18T18:15:15.8072388+02:00","143,77","Stopped","8732","notepad.exe","EXCLUDED_NOTEPAD_FALSE_MATCH","C:\Windows\system32\NOTEPAD.EXE","""C:\Windows\system32\NOTEPAD.EXE"" C:\Users\seguridad\Desktop\TFM\Velociraptor\How_UP_server.txt","0","9,17","9,17","2,91","271","1","0","False","C:\Users\julio\Desktop\TFM\05_LOGS\BENCHMARKS\TFM_BENCH_VR_TEC_RUNNER_20260618_181218\process_samples.csv"
"TFM_BENCH_VR_TEC_RUNNER_20260618_181218","VR_TEC_RUNNER","2026-06-18T18:15:15.8072388+02:00","143,77","Stopped","8860","notepad.exe","EXCLUDED_NOTEPAD_FALSE_MATCH","C:\Windows\system32\NOTEPAD.EXE","""C:\Windows\system32\NOTEPAD.EXE"" C:\Users\seguridad\Desktop\TFM\Velociraptor\How_UP_server.txt","0","7,59","7,59","2,92","269","1","0","False","C:\Users\julio\Desktop\TFM\05_LOGS\BENCHMARKS\TFM_BENCH_VR_TEC_RUNNER_20260618_181218\process_samples.csv"
"TFM_BENCH_VR_TEC_RUNNER_20260618_181218","VR_TEC_RUNNER","2026-06-18T18:15:15.8072388+02:00","143,77","Stopped","13880","velociraptor-v0.75.6-windows-amd64.exe","SERVER_GUI_OR_LAB_BINARY","","","1,66","134,36","134,36","109,17","475","31","0","False","C:\Users\julio\Desktop\TFM\05_LOGS\BENCHMARKS\TFM_BENCH_VR_TEC_RUNNER_20260618_181218\process_samples.csv"
"TFM_BENCH_VR_TEC_RUNNER_20260618_181218","VR_TEC_RUNNER","2026-06-18T18:15:21.4378059+02:00","149,4","Stopped","8732","notepad.exe","EXCLUDED_NOTEPAD_FALSE_MATCH","C:\Windows\system32\NOTEPAD.EXE","""C:\Windows\system32\NOTEPAD.EXE"" C:\Users\seguridad\Desktop\TFM\Velociraptor\How_UP_server.txt","0","9,17","9,17","2,91","271","1","0","False","C:\Users\julio\Desktop\TFM\05_LOGS\BENCHMARKS\TFM_BENCH_VR_TEC_RUNNER_20260618_181218\process_samples.csv"
"TFM_BENCH_VR_TEC_RUNNER_20260618_181218","VR_TEC_RUNNER","2026-06-18T18:15:21.4378059+02:00","149,4","Stopped","8860","notepad.exe","EXCLUDED_NOTEPAD_FALSE_MATCH","C:\Windows\system32\NOTEPAD.EXE","""C:\Windows\system32\NOTEPAD.EXE"" C:\Users\seguridad\Desktop\TFM\Velociraptor\How_UP_server.txt","0","7,59","7,59","2,92","269","1","0","False","C:\Users\julio\Desktop\TFM\05_LOGS\BENCHMARKS\TFM_BENCH_VR_TEC_RUNNER_20260618_181218\process_samples.csv"
"TFM_BENCH_VR_TEC_RUNNER_20260618_181218","VR_TEC_RUNNER","2026-06-18T18:15:21.4378059+02:00","149,4","Stopped","13880","velociraptor-v0.75.6-windows-amd64.exe","SERVER_GUI_OR_LAB_BINARY","","","6,11","178,82","178,82","153,29","471","31","0","False","C:\Users\julio\Desktop\TFM\05_LOGS\BENCHMARKS\TFM_BENCH_VR_TEC_RUNNER_20260618_181218\process_samples.csv"
"TFM_BENCH_VR_TEC_RUNNER_20260618_181218","VR_TEC_RUNNER","2026-06-18T18:15:27.5537263+02:00","155,52","Stopped","8732","notepad.exe","EXCLUDED_NOTEPAD_FALSE_MATCH","C:\Windows\system32\NOTEPAD.EXE","""C:\Windows\system32\NOTEPAD.EXE"" C:\Users\seguridad\Desktop\TFM\Velociraptor\How_UP_server.txt","0","9,2","9,2","3,08","271","3","0","False","C:\Users\julio\Desktop\TFM\05_LOGS\BENCHMARKS\TFM_BENCH_VR_TEC_RUNNER_20260618_181218\process_samples.csv"
"TFM_BENCH_VR_TEC_RUNNER_20260618_181218","VR_TEC_RUNNER","2026-06-18T18:15:27.5537263+02:00","155,52","Stopped","8860","notepad.exe","EXCLUDED_NOTEPAD_FALSE_MATCH","C:\Windows\system32\NOTEPAD.EXE","""C:\Windows\system32\NOTEPAD.EXE"" C:\Users\seguridad\Desktop\TFM\Velociraptor\How_UP_server.txt","0","7,76","7,76","3,09","269","3","0","False","C:\Users\julio\Desktop\TFM\05_LOGS\BENCHMARKS\TFM_BENCH_VR_TEC_RUNNER_20260618_181218\process_samples.csv"
"TFM_BENCH_VR_TEC_RUNNER_20260618_181218","VR_TEC_RUNNER","2026-06-18T18:15:27.5537263+02:00","155,52","Stopped","13880","velociraptor-v0.75.6-windows-amd64.exe","SERVER_GUI_OR_LAB_BINARY","","","6","203,93","203,93","178,38","478","31","0","False","C:\Users\julio\Desktop\TFM\05_LOGS\BENCHMARKS\TFM_BENCH_VR_TEC_RUNNER_20260618_181218\process_samples.csv"
"TFM_BENCH_VR_TEC_RUNNER_20260618_181218","VR_TEC_RUNNER","2026-06-18T18:15:35.7798282+02:00","163,75","Stopped","8732","notepad.exe","EXCLUDED_NOTEPAD_FALSE_MATCH","C:\Windows\system32\NOTEPAD.EXE","""C:\Windows\system32\NOTEPAD.EXE"" C:\Users\seguridad\Desktop\TFM\Velociraptor\How_UP_server.txt","0","9,2","9,2","3,08","271","3","0","False","C:\Users\julio\Desktop\TFM\05_LOGS\BENCHMARKS\TFM_BENCH_VR_TEC_RUNNER_20260618_181218\process_samples.csv"
"TFM_BENCH_VR_TEC_RUNNER_20260618_181218","VR_TEC_RUNNER","2026-06-18T18:15:35.7798282+02:00","163,75","Stopped","8860","notepad.exe","EXCLUDED_NOTEPAD_FALSE_MATCH","C:\Windows\system32\NOTEPAD.EXE","""C:\Windows\system32\NOTEPAD.EXE"" C:\Users\seguridad\Desktop\TFM\Velociraptor\How_UP_server.txt","0","7,76","7,76","3,09","269","3","0","False","C:\Users\julio\Desktop\TFM\05_LOGS\BENCHMARKS\TFM_BENCH_VR_TEC_RUNNER_20260618_181218\process_samples.csv"
"TFM_BENCH_VR_TEC_RUNNER_20260618_181218","VR_TEC_RUNNER","2026-06-18T18:15:35.7798282+02:00","163,75","Stopped","13880","velociraptor-v0.75.6-windows-amd64.exe","SERVER_GUI_OR_LAB_BINARY","","","3,51","156,39","156,39","131,38","471","31","0","False","C:\Users\julio\Desktop\TFM\05_LOGS\BENCHMARKS\TFM_BENCH_VR_TEC_RUNNER_20260618_181218\process_samples.csv"
"TFM_BENCH_VR_TEC_RUNNER_20260618_181218","VR_TEC_RUNNER","2026-06-18T18:15:40.4720511+02:00","168,44","Stopped","8732","notepad.exe","EXCLUDED_NOTEPAD_FALSE_MATCH","C:\Windows\system32\NOTEPAD.EXE","""C:\Windows\system32\NOTEPAD.EXE"" C:\Users\seguridad\Desktop\TFM\Velociraptor\How_UP_server.txt","0","9,2","9,2","3,08","271","3","0","False","C:\Users\julio\Desktop\TFM\05_LOGS\BENCHMARKS\TFM_BENCH_VR_TEC_RUNNER_20260618_181218\process_samples.csv"
"TFM_BENCH_VR_TEC_RUNNER_20260618_181218","VR_TEC_RUNNER","2026-06-18T18:15:40.4720511+02:00","168,44","Stopped","8860","notepad.exe","EXCLUDED_NOTEPAD_FALSE_MATCH","C:\Windows\system32\NOTEPAD.EXE","""C:\Windows\system32\NOTEPAD.EXE"" C:\Users\seguridad\Desktop\TFM\Velociraptor\How_UP_server.txt","0","7,76","7,76","3,09","269","3","0","False","C:\Users\julio\Desktop\TFM\05_LOGS\BENCHMARKS\TFM_BENCH_VR_TEC_RUNNER_20260618_181218\process_samples.csv"
"TFM_BENCH_VR_TEC_RUNNER_20260618_181218","VR_TEC_RUNNER","2026-06-18T18:15:40.4720511+02:00","168,44","Stopped","13880","velociraptor-v0.75.6-windows-amd64.exe","SERVER_GUI_OR_LAB_BINARY","","","1,91","133,27","133,27","107,74","468","31","0","False","C:\Users\julio\Desktop\TFM\05_LOGS\BENCHMARKS\TFM_BENCH_VR_TEC_RUNNER_20260618_181218\process_samples.csv"
"TFM_BENCH_VR_TEC_RUNNER_20260618_181218","VR_TEC_RUNNER","2026-06-18T18:15:43.4849434+02:00","171,45","Stopped","8732","notepad.exe","EXCLUDED_NOTEPAD_FALSE_MATCH","C:\Windows\system32\NOTEPAD.EXE","""C:\Windows\system32\NOTEPAD.EXE"" C:\Users\seguridad\Desktop\TFM\Velociraptor\How_UP_server.txt","0","9,2","9,2","3,08","271","3","0","False","C:\Users\julio\Desktop\TFM\05_LOGS\BENCHMARKS\TFM_BENCH_VR_TEC_RUNNER_20260618_181218\process_samples.csv"
"TFM_BENCH_VR_TEC_RUNNER_20260618_181218","VR_TEC_RUNNER","2026-06-18T18:15:43.4849434+02:00","171,45","Stopped","8860","notepad.exe","EXCLUDED_NOTEPAD_FALSE_MATCH","C:\Windows\system32\NOTEPAD.EXE","""C:\Windows\system32\NOTEPAD.EXE"" C:\Users\seguridad\Desktop\TFM\Velociraptor\How_UP_server.txt","0","7,76","7,76","3,09","269","3","0","False","C:\Users\julio\Desktop\TFM\05_LOGS\BENCHMARKS\TFM_BENCH_VR_TEC_RUNNER_20260618_181218\process_samples.csv"
"TFM_BENCH_VR_TEC_RUNNER_20260618_181218","VR_TEC_RUNNER","2026-06-18T18:15:43.4849434+02:00","171,45","Stopped","13880","velociraptor-v0.75.6-windows-amd64.exe","SERVER_GUI_OR_LAB_BINARY","","","5,32","166,46","166,46","141,01","466","31","0","False","C:\Users\julio\Desktop\TFM\05_LOGS\BENCHMARKS\TFM_BENCH_VR_TEC_RUNNER_20260618_181218\process_samples.csv"
"TFM_BENCH_VR_TEC_RUNNER_20260618_181218","VR_TEC_RUNNER","2026-06-18T18:15:46.8557375+02:00","174,82","Stopped","8732","notepad.exe","EXCLUDED_NOTEPAD_FALSE_MATCH","C:\Windows\system32\NOTEPAD.EXE","""C:\Windows\system32\NOTEPAD.EXE"" C:\Users\seguridad\Desktop\TFM\Velociraptor\How_UP_server.txt","0","9,2","9,2","3,08","271","3","0","False","C:\Users\julio\Desktop\TFM\05_LOGS\BENCHMARKS\TFM_BENCH_VR_TEC_RUNNER_20260618_181218\process_samples.csv"
"TFM_BENCH_VR_TEC_RUNNER_20260618_181218","VR_TEC_RUNNER","2026-06-18T18:15:46.8557375+02:00","174,82","Stopped","8860","notepad.exe","EXCLUDED_NOTEPAD_FALSE_MATCH","C:\Windows\system32\NOTEPAD.EXE","""C:\Windows\system32\NOTEPAD.EXE"" C:\Users\seguridad\Desktop\TFM\Velociraptor\How_UP_server.txt","0","7,76","7,76","3,09","269","3","0","False","C:\Users\julio\Desktop\TFM\05_LOGS\BENCHMARKS\TFM_BENCH_VR_TEC_RUNNER_20260618_181218\process_samples.csv"
"TFM_BENCH_VR_TEC_RUNNER_20260618_181218","VR_TEC_RUNNER","2026-06-18T18:15:46.8557375+02:00","174,82","Stopped","13880","velociraptor-v0.75.6-windows-amd64.exe","SERVER_GUI_OR_LAB_BINARY","","","12,17","190,01","190,01","164,43","466","31","0","False","C:\Users\julio\Desktop\TFM\05_LOGS\BENCHMARKS\TFM_BENCH_VR_TEC_RUNNER_20260618_181218\process_samples.csv"
"TFM_BENCH_VR_TEC_RUNNER_20260618_181218","VR_TEC_RUNNER","2026-06-18T18:15:49.9225017+02:00","177,89","Stopped","8732","notepad.exe","EXCLUDED_NOTEPAD_FALSE_MATCH","C:\Windows\system32\NOTEPAD.EXE","""C:\Windows\system32\NOTEPAD.EXE"" C:\Users\seguridad\Desktop\TFM\Velociraptor\How_UP_server.txt","0","9,2","9,2","3,08","271","3","0","False","C:\Users\julio\Desktop\TFM\05_LOGS\BENCHMARKS\TFM_BENCH_VR_TEC_RUNNER_20260618_181218\process_samples.csv"
"TFM_BENCH_VR_TEC_RUNNER_20260618_181218","VR_TEC_RUNNER","2026-06-18T18:15:49.9225017+02:00","177,89","Stopped","8860","notepad.exe","EXCLUDED_NOTEPAD_FALSE_MATCH","C:\Windows\system32\NOTEPAD.EXE","""C:\Windows\system32\NOTEPAD.EXE"" C:\Users\seguridad\Desktop\TFM\Velociraptor\How_UP_server.txt","0","7,76","7,76","3,09","269","3","0","False","C:\Users\julio\Desktop\TFM\05_LOGS\BENCHMARKS\TFM_BENCH_VR_TEC_RUNNER_20260618_181218\process_samples.csv"
"TFM_BENCH_VR_TEC_RUNNER_20260618_181218","VR_TEC_RUNNER","2026-06-18T18:15:49.9225017+02:00","177,89","Stopped","13880","velociraptor-v0.75.6-windows-amd64.exe","SERVER_GUI_OR_LAB_BINARY","","","6,24","170,1","170,1","144,5","462","31","0","False","C:\Users\julio\Desktop\TFM\05_LOGS\BENCHMARKS\TFM_BENCH_VR_TEC_RUNNER_20260618_181218\process_samples.csv"
"TFM_BENCH_VR_TEC_RUNNER_20260618_181218","VR_TEC_RUNNER","2026-06-18T18:15:52.5372055+02:00","180,5","Stopped","8732","notepad.exe","EXCLUDED_NOTEPAD_FALSE_MATCH","C:\Windows\system32\NOTEPAD.EXE","""C:\Windows\system32\NOTEPAD.EXE"" C:\Users\seguridad\Desktop\TFM\Velociraptor\How_UP_server.txt","0","9,2","9,2","3,08","271","3","0","False","C:\Users\julio\Desktop\TFM\05_LOGS\BENCHMARKS\TFM_BENCH_VR_TEC_RUNNER_20260618_181218\process_samples.csv"
"TFM_BENCH_VR_TEC_RUNNER_20260618_181218","VR_TEC_RUNNER","2026-06-18T18:15:52.5372055+02:00","180,5","Stopped","8860","notepad.exe","EXCLUDED_NOTEPAD_FALSE_MATCH","C:\Windows\system32\NOTEPAD.EXE","""C:\Windows\system32\NOTEPAD.EXE"" C:\Users\seguridad\Desktop\TFM\Velociraptor\How_UP_server.txt","0","7,76","7,76","3,09","269","3","0","False","C:\Users\julio\Desktop\TFM\05_LOGS\BENCHMARKS\TFM_BENCH_VR_TEC_RUNNER_20260618_181218\process_samples.csv"
"TFM_BENCH_VR_TEC_RUNNER_20260618_181218","VR_TEC_RUNNER","2026-06-18T18:15:52.5372055+02:00","180,5","Stopped","13880","velociraptor-v0.75.6-windows-amd64.exe","SERVER_GUI_OR_LAB_BINARY","","","2,84","131,37","131,37","105,82","462","31","0","False","C:\Users\julio\Desktop\TFM\05_LOGS\BENCHMARKS\TFM_BENCH_VR_TEC_RUNNER_20260618_181218\process_samples.csv"
"TFM_BENCH_VR_TEC_RUNNER_20260618_181218","VR_TEC_RUNNER","2026-06-18T18:15:55.0826659+02:00","183,05","Stopped","8732","notepad.exe","EXCLUDED_NOTEPAD_FALSE_MATCH","C:\Windows\system32\NOTEPAD.EXE","""C:\Windows\system32\NOTEPAD.EXE"" C:\Users\seguridad\Desktop\TFM\Velociraptor\How_UP_server.txt","0","9,2","9,2","3,08","271","3","0","False","C:\Users\julio\Desktop\TFM\05_LOGS\BENCHMARKS\TFM_BENCH_VR_TEC_RUNNER_20260618_181218\process_samples.csv"
"TFM_BENCH_VR_TEC_RUNNER_20260618_181218","VR_TEC_RUNNER","2026-06-18T18:15:55.0826659+02:00","183,05","Stopped","8860","notepad.exe","EXCLUDED_NOTEPAD_FALSE_MATCH","C:\Windows\system32\NOTEPAD.EXE","""C:\Windows\system32\NOTEPAD.EXE"" C:\Users\seguridad\Desktop\TFM\Velociraptor\How_UP_server.txt","0","7,76","7,76","3,09","269","3","0","False","C:\Users\julio\Desktop\TFM\05_LOGS\BENCHMARKS\TFM_BENCH_VR_TEC_RUNNER_20260618_181218\process_samples.csv"
"TFM_BENCH_VR_TEC_RUNNER_20260618_181218","VR_TEC_RUNNER","2026-06-18T18:15:55.0826659+02:00","183,05","Stopped","13880","velociraptor-v0.75.6-windows-amd64.exe","SERVER_GUI_OR_LAB_BINARY","","","2,15","131,8","131,8","106,29","462","31","0","False","C:\Users\julio\Desktop\TFM\05_LOGS\BENCHMARKS\TFM_BENCH_VR_TEC_RUNNER_20260618_181218\process_samples.csv"
"TFM_BENCH_VR_TEC_RUNNER_20260618_181218","VR_TEC_RUNNER","2026-06-18T18:15:58.0680116+02:00","186,03","Stopped","8732","notepad.exe","EXCLUDED_NOTEPAD_FALSE_MATCH","C:\Windows\system32\NOTEPAD.EXE","""C:\Windows\system32\NOTEPAD.EXE"" C:\Users\seguridad\Desktop\TFM\Velociraptor\How_UP_server.txt","0","9,2","9,2","3,08","271","3","0","False","C:\Users\julio\Desktop\TFM\05_LOGS\BENCHMARKS\TFM_BENCH_VR_TEC_RUNNER_20260618_181218\process_samples.csv"
"TFM_BENCH_VR_TEC_RUNNER_20260618_181218","VR_TEC_RUNNER","2026-06-18T18:15:58.0680116+02:00","186,03","Stopped","8860","notepad.exe","EXCLUDED_NOTEPAD_FALSE_MATCH","C:\Windows\system32\NOTEPAD.EXE","""C:\Windows\system32\NOTEPAD.EXE"" C:\Users\seguridad\Desktop\TFM\Velociraptor\How_UP_server.txt","0","7,76","7,76","3,09","269","3","0","False","C:\Users\julio\Desktop\TFM\05_LOGS\BENCHMARKS\TFM_BENCH_VR_TEC_RUNNER_20260618_181218\process_samples.csv"
"TFM_BENCH_VR_TEC_RUNNER_20260618_181218","VR_TEC_RUNNER","2026-06-18T18:15:58.0680116+02:00","186,03","Stopped","13880","velociraptor-v0.75.6-windows-amd64.exe","SERVER_GUI_OR_LAB_BINARY","","","2,22","132,42","132,42","106,98","462","31","0","False","C:\Users\julio\Desktop\TFM\05_LOGS\BENCHMARKS\TFM_BENCH_VR_TEC_RUNNER_20260618_181218\process_samples.csv"
"TFM_BENCH_VR_TEC_RUNNER_20260618_181218","VR_TEC_RUNNER","2026-06-18T18:16:01.7709828+02:00","189,74","Stopped","8732","notepad.exe","EXCLUDED_NOTEPAD_FALSE_MATCH","C:\Windows\system32\NOTEPAD.EXE","""C:\Windows\system32\NOTEPAD.EXE"" C:\Users\seguridad\Desktop\TFM\Velociraptor\How_UP_server.txt","0","9,2","9,2","3,08","271","3","0","False","C:\Users\julio\Desktop\TFM\05_LOGS\BENCHMARKS\TFM_BENCH_VR_TEC_RUNNER_20260618_181218\process_samples.csv"
"TFM_BENCH_VR_TEC_RUNNER_20260618_181218","VR_TEC_RUNNER","2026-06-18T18:16:01.7709828+02:00","189,74","Stopped","8860","notepad.exe","EXCLUDED_NOTEPAD_FALSE_MATCH","C:\Windows\system32\NOTEPAD.EXE","""C:\Windows\system32\NOTEPAD.EXE"" C:\Users\seguridad\Desktop\TFM\Velociraptor\How_UP_server.txt","0","7,76","7,76","3,09","269","3","0","False","C:\Users\julio\Desktop\TFM\05_LOGS\BENCHMARKS\TFM_BENCH_VR_TEC_RUNNER_20260618_181218\process_samples.csv"
"TFM_BENCH_VR_TEC_RUNNER_20260618_181218","VR_TEC_RUNNER","2026-06-18T18:16:01.7709828+02:00","189,74","Stopped","13880","velociraptor-v0.75.6-windows-amd64.exe","SERVER_GUI_OR_LAB_BINARY","","","3,38","132,24","132,24","106,79","459","33","0","False","C:\Users\julio\Desktop\TFM\05_LOGS\BENCHMARKS\TFM_BENCH_VR_TEC_RUNNER_20260618_181218\process_samples.csv"
"TFM_BENCH_VR_TEC_RUNNER_20260618_181218","VR_TEC_RUNNER","2026-06-18T18:16:04.7497718+02:00","192,72","Stopped","8732","notepad.exe","EXCLUDED_NOTEPAD_FALSE_MATCH","C:\Windows\system32\NOTEPAD.EXE","""C:\Windows\system32\NOTEPAD.EXE"" C:\Users\seguridad\Desktop\TFM\Velociraptor\How_UP_server.txt","0","9,2","9,2","3,08","271","3","0","False","C:\Users\julio\Desktop\TFM\05_LOGS\BENCHMARKS\TFM_BENCH_VR_TEC_RUNNER_20260618_181218\process_samples.csv"
"TFM_BENCH_VR_TEC_RUNNER_20260618_181218","VR_TEC_RUNNER","2026-06-18T18:16:04.7497718+02:00","192,72","Stopped","8860","notepad.exe","EXCLUDED_NOTEPAD_FALSE_MATCH","C:\Windows\system32\NOTEPAD.EXE","""C:\Windows\system32\NOTEPAD.EXE"" C:\Users\seguridad\Desktop\TFM\Velociraptor\How_UP_server.txt","0","7,76","7,76","3,09","269","3","0","False","C:\Users\julio\Desktop\TFM\05_LOGS\BENCHMARKS\TFM_BENCH_VR_TEC_RUNNER_20260618_181218\process_samples.csv"
"TFM_BENCH_VR_TEC_RUNNER_20260618_181218","VR_TEC_RUNNER","2026-06-18T18:16:04.7497718+02:00","192,72","Stopped","13880","velociraptor-v0.75.6-windows-amd64.exe","SERVER_GUI_OR_LAB_BINARY","","","7,08","178,36","178,36","152,8","466","33","0","False","C:\Users\julio\Desktop\TFM\05_LOGS\BENCHMARKS\TFM_BENCH_VR_TEC_RUNNER_20260618_181218\process_samples.csv"
"TFM_BENCH_VR_TEC_RUNNER_20260618_181218","VR_TEC_RUNNER","2026-06-18T18:16:09.2728732+02:00","197,24","Stopped","8732","notepad.exe","EXCLUDED_NOTEPAD_FALSE_MATCH","C:\Windows\system32\NOTEPAD.EXE","""C:\Windows\system32\NOTEPAD.EXE"" C:\Users\seguridad\Desktop\TFM\Velociraptor\How_UP_server.txt","0","9,2","9,2","3,08","271","3","0","False","C:\Users\julio\Desktop\TFM\05_LOGS\BENCHMARKS\TFM_BENCH_VR_TEC_RUNNER_20260618_181218\process_samples.csv"
"TFM_BENCH_VR_TEC_RUNNER_20260618_181218","VR_TEC_RUNNER","2026-06-18T18:16:09.2728732+02:00","197,24","Stopped","8860","notepad.exe","EXCLUDED_NOTEPAD_FALSE_MATCH","C:\Windows\system32\NOTEPAD.EXE","""C:\Windows\system32\NOTEPAD.EXE"" C:\Users\seguridad\Desktop\TFM\Velociraptor\How_UP_server.txt","0","7,76","7,76","3,09","269","3","0","False","C:\Users\julio\Desktop\TFM\05_LOGS\BENCHMARKS\TFM_BENCH_VR_TEC_RUNNER_20260618_181218\process_samples.csv"
"TFM_BENCH_VR_TEC_RUNNER_20260618_181218","VR_TEC_RUNNER","2026-06-18T18:16:09.2728732+02:00","197,24","Stopped","13880","velociraptor-v0.75.6-windows-amd64.exe","SERVER_GUI_OR_LAB_BINARY","","","7,43","177,9","177,9","152,24","464","33","0","False","C:\Users\julio\Desktop\TFM\05_LOGS\BENCHMARKS\TFM_BENCH_VR_TEC_RUNNER_20260618_181218\process_samples.csv"
"TFM_BENCH_VR_TEC_RUNNER_20260618_181218","VR_TEC_RUNNER","2026-06-18T18:16:15.3657498+02:00","203,33","Stopped","8732","notepad.exe","EXCLUDED_NOTEPAD_FALSE_MATCH","C:\Windows\system32\NOTEPAD.EXE","""C:\Windows\system32\NOTEPAD.EXE"" C:\Users\seguridad\Desktop\TFM\Velociraptor\How_UP_server.txt","0","9,2","9,2","3,08","271","3","0","False","C:\Users\julio\Desktop\TFM\05_LOGS\BENCHMARKS\TFM_BENCH_VR_TEC_RUNNER_20260618_181218\process_samples.csv"
"TFM_BENCH_VR_TEC_RUNNER_20260618_181218","VR_TEC_RUNNER","2026-06-18T18:16:15.3657498+02:00","203,33","Stopped","8860","notepad.exe","EXCLUDED_NOTEPAD_FALSE_MATCH","C:\Windows\system32\NOTEPAD.EXE","""C:\Windows\system32\NOTEPAD.EXE"" C:\Users\seguridad\Desktop\TFM\Velociraptor\How_UP_server.txt","0","7,76","7,76","3,09","269","3","0","False","C:\Users\julio\Desktop\TFM\05_LOGS\BENCHMARKS\TFM_BENCH_VR_TEC_RUNNER_20260618_181218\process_samples.csv"
"TFM_BENCH_VR_TEC_RUNNER_20260618_181218","VR_TEC_RUNNER","2026-06-18T18:16:15.3657498+02:00","203,33","Stopped","13880","velociraptor-v0.75.6-windows-amd64.exe","SERVER_GUI_OR_LAB_BINARY","","","5,26","181,27","181,27","155,73","462","33","0","False","C:\Users\julio\Desktop\TFM\05_LOGS\BENCHMARKS\TFM_BENCH_VR_TEC_RUNNER_20260618_181218\process_samples.csv"
"TFM_BENCH_VR_TEC_RUNNER_20260618_181218","VR_TEC_RUNNER","2026-06-18T18:16:20.9539014+02:00","208,92","Stopped","8732","notepad.exe","EXCLUDED_NOTEPAD_FALSE_MATCH","C:\Windows\system32\NOTEPAD.EXE","""C:\Windows\system32\NOTEPAD.EXE"" C:\Users\seguridad\Desktop\TFM\Velociraptor\How_UP_server.txt","0","9,2","9,2","3,08","271","3","0","False","C:\Users\julio\Desktop\TFM\05_LOGS\BENCHMARKS\TFM_BENCH_VR_TEC_RUNNER_20260618_181218\process_samples.csv"
"TFM_BENCH_VR_TEC_RUNNER_20260618_181218","VR_TEC_RUNNER","2026-06-18T18:16:20.9539014+02:00","208,92","Stopped","8860","notepad.exe","EXCLUDED_NOTEPAD_FALSE_MATCH","C:\Windows\system32\NOTEPAD.EXE","""C:\Windows\system32\NOTEPAD.EXE"" C:\Users\seguridad\Desktop\TFM\Velociraptor\How_UP_server.txt","0","7,76","7,76","3,09","269","3","0","False","C:\Users\julio\Desktop\TFM\05_LOGS\BENCHMARKS\TFM_BENCH_VR_TEC_RUNNER_20260618_181218\process_samples.csv"
"TFM_BENCH_VR_TEC_RUNNER_20260618_181218","VR_TEC_RUNNER","2026-06-18T18:16:20.9539014+02:00","208,92","Stopped","13880","velociraptor-v0.75.6-windows-amd64.exe","SERVER_GUI_OR_LAB_BINARY","","","1,26","155,45","155,45","129,78","459","33","0","False","C:\Users\julio\Desktop\TFM\05_LOGS\BENCHMARKS\TFM_BENCH_VR_TEC_RUNNER_20260618_181218\process_samples.csv"
"TFM_BENCH_VR_TEC_RUNNER_20260618_181218","VR_TEC_RUNNER","2026-06-18T18:16:25.0755527+02:00","213,04","Stopped","8732","notepad.exe","EXCLUDED_NOTEPAD_FALSE_MATCH","C:\Windows\system32\NOTEPAD.EXE","""C:\Windows\system32\NOTEPAD.EXE"" C:\Users\seguridad\Desktop\TFM\Velociraptor\How_UP_server.txt","0","9,2","9,2","3,08","271","3","0","False","C:\Users\julio\Desktop\TFM\05_LOGS\BENCHMARKS\TFM_BENCH_VR_TEC_RUNNER_20260618_181218\process_samples.csv"
"TFM_BENCH_VR_TEC_RUNNER_20260618_181218","VR_TEC_RUNNER","2026-06-18T18:16:25.0755527+02:00","213,04","Stopped","8860","notepad.exe","EXCLUDED_NOTEPAD_FALSE_MATCH","C:\Windows\system32\NOTEPAD.EXE","""C:\Windows\system32\NOTEPAD.EXE"" C:\Users\seguridad\Desktop\TFM\Velociraptor\How_UP_server.txt","0","7,76","7,76","3,09","269","3","0","False","C:\Users\julio\Desktop\TFM\05_LOGS\BENCHMARKS\TFM_BENCH_VR_TEC_RUNNER_20260618_181218\process_samples.csv"
"TFM_BENCH_VR_TEC_RUNNER_20260618_181218","VR_TEC_RUNNER","2026-06-18T18:16:25.0755527+02:00","213,04","Stopped","13880","velociraptor-v0.75.6-windows-amd64.exe","SERVER_GUI_OR_LAB_BINARY","","","1,99","138,35","138,35","112,83","466","33","0","False","C:\Users\julio\Desktop\TFM\05_LOGS\BENCHMARKS\TFM_BENCH_VR_TEC_RUNNER_20260618_181218\process_samples.csv"
"TFM_BENCH_VR_TEC_RUNNER_20260618_181218","VR_TEC_RUNNER","2026-06-18T18:16:28.3539946+02:00","216,32","Stopped","8732","notepad.exe","EXCLUDED_NOTEPAD_FALSE_MATCH","C:\Windows\system32\NOTEPAD.EXE","""C:\Windows\system32\NOTEPAD.EXE"" C:\Users\seguridad\Desktop\TFM\Velociraptor\How_UP_server.txt","0","9,2","9,2","3,08","271","3","0","False","C:\Users\julio\Desktop\TFM\05_LOGS\BENCHMARKS\TFM_BENCH_VR_TEC_RUNNER_20260618_181218\process_samples.csv"
"TFM_BENCH_VR_TEC_RUNNER_20260618_181218","VR_TEC_RUNNER","2026-06-18T18:16:28.3539946+02:00","216,32","Stopped","8860","notepad.exe","EXCLUDED_NOTEPAD_FALSE_MATCH","C:\Windows\system32\NOTEPAD.EXE","""C:\Windows\system32\NOTEPAD.EXE"" C:\Users\seguridad\Desktop\TFM\Velociraptor\How_UP_server.txt","0","7,76","7,76","3,09","269","3","0","False","C:\Users\julio\Desktop\TFM\05_LOGS\BENCHMARKS\TFM_BENCH_VR_TEC_RUNNER_20260618_181218\process_samples.csv"
"TFM_BENCH_VR_TEC_RUNNER_20260618_181218","VR_TEC_RUNNER","2026-06-18T18:16:28.3539946+02:00","216,32","Stopped","13880","velociraptor-v0.75.6-windows-amd64.exe","SERVER_GUI_OR_LAB_BINARY","","","2,38","141,94","141,94","116,5","463","33","0","False","C:\Users\julio\Desktop\TFM\05_LOGS\BENCHMARKS\TFM_BENCH_VR_TEC_RUNNER_20260618_181218\process_samples.csv"
"TFM_BENCH_VR_TEC_RUNNER_20260618_181218","VR_TEC_RUNNER","2026-06-18T18:16:31.0443059+02:00","219,01","Stopped","8732","notepad.exe","EXCLUDED_NOTEPAD_FALSE_MATCH","C:\Windows\system32\NOTEPAD.EXE","""C:\Windows\system32\NOTEPAD.EXE"" C:\Users\seguridad\Desktop\TFM\Velociraptor\How_UP_server.txt","0","9,2","9,2","3,08","271","3","0","False","C:\Users\julio\Desktop\TFM\05_LOGS\BENCHMARKS\TFM_BENCH_VR_TEC_RUNNER_20260618_181218\process_samples.csv"
"TFM_BENCH_VR_TEC_RUNNER_20260618_181218","VR_TEC_RUNNER","2026-06-18T18:16:31.0443059+02:00","219,01","Stopped","8860","notepad.exe","EXCLUDED_NOTEPAD_FALSE_MATCH","C:\Windows\system32\NOTEPAD.EXE","""C:\Windows\system32\NOTEPAD.EXE"" C:\Users\seguridad\Desktop\TFM\Velociraptor\How_UP_server.txt","0","7,76","7,76","3,09","269","3","0","False","C:\Users\julio\Desktop\TFM\05_LOGS\BENCHMARKS\TFM_BENCH_VR_TEC_RUNNER_20260618_181218\process_samples.csv"
"TFM_BENCH_VR_TEC_RUNNER_20260618_181218","VR_TEC_RUNNER","2026-06-18T18:16:31.0443059+02:00","219,01","Stopped","13880","velociraptor-v0.75.6-windows-amd64.exe","SERVER_GUI_OR_LAB_BINARY","","","20,91","161,57","161,57","135,88","455","33","0","False","C:\Users\julio\Desktop\TFM\05_LOGS\BENCHMARKS\TFM_BENCH_VR_TEC_RUNNER_20260618_181218\process_samples.csv"
"TFM_BENCH_VR_TEC_RUNNER_20260618_181218","VR_TEC_RUNNER","2026-06-18T18:16:33.7451769+02:00","221,71","Stopped","8732","notepad.exe","EXCLUDED_NOTEPAD_FALSE_MATCH","C:\Windows\system32\NOTEPAD.EXE","""C:\Windows\system32\NOTEPAD.EXE"" C:\Users\seguridad\Desktop\TFM\Velociraptor\How_UP_server.txt","0","9,2","9,2","3,08","271","3","0","False","C:\Users\julio\Desktop\TFM\05_LOGS\BENCHMARKS\TFM_BENCH_VR_TEC_RUNNER_20260618_181218\process_samples.csv"
"TFM_BENCH_VR_TEC_RUNNER_20260618_181218","VR_TEC_RUNNER","2026-06-18T18:16:33.7451769+02:00","221,71","Stopped","8860","notepad.exe","EXCLUDED_NOTEPAD_FALSE_MATCH","C:\Windows\system32\NOTEPAD.EXE","""C:\Windows\system32\NOTEPAD.EXE"" C:\Users\seguridad\Desktop\TFM\Velociraptor\How_UP_server.txt","0","7,76","7,76","3,09","269","3","0","False","C:\Users\julio\Desktop\TFM\05_LOGS\BENCHMARKS\TFM_BENCH_VR_TEC_RUNNER_20260618_181218\process_samples.csv"
"TFM_BENCH_VR_TEC_RUNNER_20260618_181218","VR_TEC_RUNNER","2026-06-18T18:16:33.7451769+02:00","221,71","Stopped","13880","velociraptor-v0.75.6-windows-amd64.exe","SERVER_GUI_OR_LAB_BINARY","","","4,48","132,39","132,39","106,72","454","33","0","False","C:\Users\julio\Desktop\TFM\05_LOGS\BENCHMARKS\TFM_BENCH_VR_TEC_RUNNER_20260618_181218\process_samples.csv"
"TFM_BENCH_VR_TEC_RUNNER_20260618_181218","VR_TEC_RUNNER","2026-06-18T18:16:36.0704524+02:00","224,04","Stopped","8732","notepad.exe","EXCLUDED_NOTEPAD_FALSE_MATCH","C:\Windows\system32\NOTEPAD.EXE","""C:\Windows\system32\NOTEPAD.EXE"" C:\Users\seguridad\Desktop\TFM\Velociraptor\How_UP_server.txt","0","9,2","9,2","3,08","271","3","0","False","C:\Users\julio\Desktop\TFM\05_LOGS\BENCHMARKS\TFM_BENCH_VR_TEC_RUNNER_20260618_181218\process_samples.csv"
"TFM_BENCH_VR_TEC_RUNNER_20260618_181218","VR_TEC_RUNNER","2026-06-18T18:16:36.0704524+02:00","224,04","Stopped","8860","notepad.exe","EXCLUDED_NOTEPAD_FALSE_MATCH","C:\Windows\system32\NOTEPAD.EXE","""C:\Windows\system32\NOTEPAD.EXE"" C:\Users\seguridad\Desktop\TFM\Velociraptor\How_UP_server.txt","0","7,76","7,76","3,09","269","3","0","False","C:\Users\julio\Desktop\TFM\05_LOGS\BENCHMARKS\TFM_BENCH_VR_TEC_RUNNER_20260618_181218\process_samples.csv"
"TFM_BENCH_VR_TEC_RUNNER_20260618_181218","VR_TEC_RUNNER","2026-06-18T18:16:36.0704524+02:00","224,04","Stopped","13880","velociraptor-v0.75.6-windows-amd64.exe","SERVER_GUI_OR_LAB_BINARY","","","1,68","132,45","132,45","106,8","454","33","0","False","C:\Users\julio\Desktop\TFM\05_LOGS\BENCHMARKS\TFM_BENCH_VR_TEC_RUNNER_20260618_181218\process_samples.csv"
"TFM_BENCH_VR_TEC_RUNNER_20260618_181218","VR_TEC_RUNNER","2026-06-18T18:16:38.6807074+02:00","226,65","Stopped","8732","notepad.exe","EXCLUDED_NOTEPAD_FALSE_MATCH","C:\Windows\system32\NOTEPAD.EXE","""C:\Windows\system32\NOTEPAD.EXE"" C:\Users\seguridad\Desktop\TFM\Velociraptor\How_UP_server.txt","0","9,2","9,2","3,08","271","3","0","False","C:\Users\julio\Desktop\TFM\05_LOGS\BENCHMARKS\TFM_BENCH_VR_TEC_RUNNER_20260618_181218\process_samples.csv"
"TFM_BENCH_VR_TEC_RUNNER_20260618_181218","VR_TEC_RUNNER","2026-06-18T18:16:38.6807074+02:00","226,65","Stopped","8860","notepad.exe","EXCLUDED_NOTEPAD_FALSE_MATCH","C:\Windows\system32\NOTEPAD.EXE","""C:\Windows\system32\NOTEPAD.EXE"" C:\Users\seguridad\Desktop\TFM\Velociraptor\How_UP_server.txt","0","7,76","7,76","3,09","269","3","0","False","C:\Users\julio\Desktop\TFM\05_LOGS\BENCHMARKS\TFM_BENCH_VR_TEC_RUNNER_20260618_181218\process_samples.csv"
"TFM_BENCH_VR_TEC_RUNNER_20260618_181218","VR_TEC_RUNNER","2026-06-18T18:16:38.6807074+02:00","226,65","Stopped","13880","velociraptor-v0.75.6-windows-amd64.exe","SERVER_GUI_OR_LAB_BINARY","","","1,05","134,71","134,71","109,06","457","33","0","False","C:\Users\julio\Desktop\TFM\05_LOGS\BENCHMARKS\TFM_BENCH_VR_TEC_RUNNER_20260618_181218\process_samples.csv"
"TFM_BENCH_VR_TEC_RUNNER_20260618_181218","VR_TEC_RUNNER","2026-06-18T18:16:43.6406530+02:00","231,61","Stopped","8732","notepad.exe","EXCLUDED_NOTEPAD_FALSE_MATCH","C:\Windows\system32\NOTEPAD.EXE","""C:\Windows\system32\NOTEPAD.EXE"" C:\Users\seguridad\Desktop\TFM\Velociraptor\How_UP_server.txt","0","9,2","9,2","3,08","271","3","0","False","C:\Users\julio\Desktop\TFM\05_LOGS\BENCHMARKS\TFM_BENCH_VR_TEC_RUNNER_20260618_181218\process_samples.csv"
"TFM_BENCH_VR_TEC_RUNNER_20260618_181218","VR_TEC_RUNNER","2026-06-18T18:16:43.6406530+02:00","231,61","Stopped","8860","notepad.exe","EXCLUDED_NOTEPAD_FALSE_MATCH","C:\Windows\system32\NOTEPAD.EXE","""C:\Windows\system32\NOTEPAD.EXE"" C:\Users\seguridad\Desktop\TFM\Velociraptor\How_UP_server.txt","0","7,76","7,76","3,09","269","3","0","False","C:\Users\julio\Desktop\TFM\05_LOGS\BENCHMARKS\TFM_BENCH_VR_TEC_RUNNER_20260618_181218\process_samples.csv"
"TFM_BENCH_VR_TEC_RUNNER_20260618_181218","VR_TEC_RUNNER","2026-06-18T18:16:43.6406530+02:00","231,61","Stopped","13880","velociraptor-v0.75.6-windows-amd64.exe","SERVER_GUI_OR_LAB_BINARY","","","1,97","134,63","134,63","108,97","457","33","0","False","C:\Users\julio\Desktop\TFM\05_LOGS\BENCHMARKS\TFM_BENCH_VR_TEC_RUNNER_20260618_181218\process_samples.csv"
"TFM_BENCH_VR_TEC_RUNNER_20260618_181218","VR_TEC_RUNNER","2026-06-18T18:16:48.4915599+02:00","236,46","Stopped","8732","notepad.exe","EXCLUDED_NOTEPAD_FALSE_MATCH","C:\Windows\system32\NOTEPAD.EXE","""C:\Windows\system32\NOTEPAD.EXE"" C:\Users\seguridad\Desktop\TFM\Velociraptor\How_UP_server.txt","0","9,2","9,2","3,08","271","3","0","False","C:\Users\julio\Desktop\TFM\05_LOGS\BENCHMARKS\TFM_BENCH_VR_TEC_RUNNER_20260618_181218\process_samples.csv"
"TFM_BENCH_VR_TEC_RUNNER_20260618_181218","VR_TEC_RUNNER","2026-06-18T18:16:48.4915599+02:00","236,46","Stopped","8860","notepad.exe","EXCLUDED_NOTEPAD_FALSE_MATCH","C:\Windows\system32\NOTEPAD.EXE","""C:\Windows\system32\NOTEPAD.EXE"" C:\Users\seguridad\Desktop\TFM\Velociraptor\How_UP_server.txt","0","7,76","7,76","3,09","269","3","0","False","C:\Users\julio\Desktop\TFM\05_LOGS\BENCHMARKS\TFM_BENCH_VR_TEC_RUNNER_20260618_181218\process_samples.csv"
"TFM_BENCH_VR_TEC_RUNNER_20260618_181218","VR_TEC_RUNNER","2026-06-18T18:16:48.4915599+02:00","236,46","Stopped","13880","velociraptor-v0.75.6-windows-amd64.exe","SERVER_GUI_OR_LAB_BINARY","","","4,75","181,38","181,38","155,8","459","33","0","False","C:\Users\julio\Desktop\TFM\05_LOGS\BENCHMARKS\TFM_BENCH_VR_TEC_RUNNER_20260618_181218\process_samples.csv"
"TFM_BENCH_VR_TEC_RUNNER_20260618_181218","VR_TEC_RUNNER","2026-06-18T18:16:53.6128149+02:00","241,58","Stopped","8732","notepad.exe","EXCLUDED_NOTEPAD_FALSE_MATCH","C:\Windows\system32\NOTEPAD.EXE","""C:\Windows\system32\NOTEPAD.EXE"" C:\Users\seguridad\Desktop\TFM\Velociraptor\How_UP_server.txt","0","9,2","9,2","3,08","271","3","0","False","C:\Users\julio\Desktop\TFM\05_LOGS\BENCHMARKS\TFM_BENCH_VR_TEC_RUNNER_20260618_181218\process_samples.csv"
"TFM_BENCH_VR_TEC_RUNNER_20260618_181218","VR_TEC_RUNNER","2026-06-18T18:16:53.6128149+02:00","241,58","Stopped","8860","notepad.exe","EXCLUDED_NOTEPAD_FALSE_MATCH","C:\Windows\system32\NOTEPAD.EXE","""C:\Windows\system32\NOTEPAD.EXE"" C:\Users\seguridad\Desktop\TFM\Velociraptor\How_UP_server.txt","0","7,76","7,76","3,09","269","3","0","False","C:\Users\julio\Desktop\TFM\05_LOGS\BENCHMARKS\TFM_BENCH_VR_TEC_RUNNER_20260618_181218\process_samples.csv"
"TFM_BENCH_VR_TEC_RUNNER_20260618_181218","VR_TEC_RUNNER","2026-06-18T18:16:53.6128149+02:00","241,58","Stopped","13880","velociraptor-v0.75.6-windows-amd64.exe","SERVER_GUI_OR_LAB_BINARY","","","6,71","164,88","164,88","139,21","460","33","0","False","C:\Users\julio\Desktop\TFM\05_LOGS\BENCHMARKS\TFM_BENCH_VR_TEC_RUNNER_20260618_181218\process_samples.csv"
"TFM_BENCH_VR_TEC_RUNNER_20260618_181218","VR_TEC_RUNNER","2026-06-18T18:16:56.8987653+02:00","244,87","Stopped","8732","notepad.exe","EXCLUDED_NOTEPAD_FALSE_MATCH","C:\Windows\system32\NOTEPAD.EXE","""C:\Windows\system32\NOTEPAD.EXE"" C:\Users\seguridad\Desktop\TFM\Velociraptor\How_UP_server.txt","0","9,2","9,2","3,08","271","3","0","False","C:\Users\julio\Desktop\TFM\05_LOGS\BENCHMARKS\TFM_BENCH_VR_TEC_RUNNER_20260618_181218\process_samples.csv"
"TFM_BENCH_VR_TEC_RUNNER_20260618_181218","VR_TEC_RUNNER","2026-06-18T18:16:56.8987653+02:00","244,87","Stopped","8860","notepad.exe","EXCLUDED_NOTEPAD_FALSE_MATCH","C:\Windows\system32\NOTEPAD.EXE","""C:\Windows\system32\NOTEPAD.EXE"" C:\Users\seguridad\Desktop\TFM\Velociraptor\How_UP_server.txt","0","7,76","7,76","3,09","269","3","0","False","C:\Users\julio\Desktop\TFM\05_LOGS\BENCHMARKS\TFM_BENCH_VR_TEC_RUNNER_20260618_181218\process_samples.csv"
"TFM_BENCH_VR_TEC_RUNNER_20260618_181218","VR_TEC_RUNNER","2026-06-18T18:16:56.8987653+02:00","244,87","Stopped","13880","velociraptor-v0.75.6-windows-amd64.exe","SERVER_GUI_OR_LAB_BINARY","","","2,02","136,38","136,38","110,79","460","33","0","False","C:\Users\julio\Desktop\TFM\05_LOGS\BENCHMARKS\TFM_BENCH_VR_TEC_RUNNER_20260618_181218\process_samples.csv"
"TFM_BENCH_VR_TEC_RUNNER_20260618_181218","VR_TEC_RUNNER","2026-06-18T18:16:59.4875957+02:00","247,45","Stopped","8732","notepad.exe","EXCLUDED_NOTEPAD_FALSE_MATCH","C:\Windows\system32\NOTEPAD.EXE","""C:\Windows\system32\NOTEPAD.EXE"" C:\Users\seguridad\Desktop\TFM\Velociraptor\How_UP_server.txt","0","9,2","9,2","3,08","271","3","0","False","C:\Users\julio\Desktop\TFM\05_LOGS\BENCHMARKS\TFM_BENCH_VR_TEC_RUNNER_20260618_181218\process_samples.csv"
"TFM_BENCH_VR_TEC_RUNNER_20260618_181218","VR_TEC_RUNNER","2026-06-18T18:16:59.4875957+02:00","247,45","Stopped","8860","notepad.exe","EXCLUDED_NOTEPAD_FALSE_MATCH","C:\Windows\system32\NOTEPAD.EXE","""C:\Windows\system32\NOTEPAD.EXE"" C:\Users\seguridad\Desktop\TFM\Velociraptor\How_UP_server.txt","0","7,76","7,76","3,09","269","3","0","False","C:\Users\julio\Desktop\TFM\05_LOGS\BENCHMARKS\TFM_BENCH_VR_TEC_RUNNER_20260618_181218\process_samples.csv"
"TFM_BENCH_VR_TEC_RUNNER_20260618_181218","VR_TEC_RUNNER","2026-06-18T18:16:59.4875957+02:00","247,45","Stopped","13880","velociraptor-v0.75.6-windows-amd64.exe","SERVER_GUI_OR_LAB_BINARY","","","3,02","139,85","139,85","114,42","460","33","0","False","C:\Users\julio\Desktop\TFM\05_LOGS\BENCHMARKS\TFM_BENCH_VR_TEC_RUNNER_20260618_181218\process_samples.csv"
"TFM_BENCH_VR_TEC_RUNNER_20260618_181218","VR_TEC_RUNNER","2026-06-18T18:17:01.9326577+02:00","249,9","Stopped","8732","notepad.exe","EXCLUDED_NOTEPAD_FALSE_MATCH","C:\Windows\system32\NOTEPAD.EXE","""C:\Windows\system32\NOTEPAD.EXE"" C:\Users\seguridad\Desktop\TFM\Velociraptor\How_UP_server.txt","0","9,2","9,2","3,08","271","3","0","False","C:\Users\julio\Desktop\TFM\05_LOGS\BENCHMARKS\TFM_BENCH_VR_TEC_RUNNER_20260618_181218\process_samples.csv"
"TFM_BENCH_VR_TEC_RUNNER_20260618_181218","VR_TEC_RUNNER","2026-06-18T18:17:01.9326577+02:00","249,9","Stopped","8860","notepad.exe","EXCLUDED_NOTEPAD_FALSE_MATCH","C:\Windows\system32\NOTEPAD.EXE","""C:\Windows\system32\NOTEPAD.EXE"" C:\Users\seguridad\Desktop\TFM\Velociraptor\How_UP_server.txt","0","7,76","7,76","3,09","269","3","0","False","C:\Users\julio\Desktop\TFM\05_LOGS\BENCHMARKS\TFM_BENCH_VR_TEC_RUNNER_20260618_181218\process_samples.csv"
"TFM_BENCH_VR_TEC_RUNNER_20260618_181218","VR_TEC_RUNNER","2026-06-18T18:17:01.9326577+02:00","249,9","Stopped","13880","velociraptor-v0.75.6-windows-amd64.exe","SERVER_GUI_OR_LAB_BINARY","","","3,51","147,72","147,72","122,59","461","33","0","False","C:\Users\julio\Desktop\TFM\05_LOGS\BENCHMARKS\TFM_BENCH_VR_TEC_RUNNER_20260618_181218\process_samples.csv"
"TFM_BENCH_VR_TEC_RUNNER_20260618_181218","VR_TEC_RUNNER","2026-06-18T18:17:04.7025488+02:00","252,67","Stopped","8732","notepad.exe","EXCLUDED_NOTEPAD_FALSE_MATCH","C:\Windows\system32\NOTEPAD.EXE","""C:\Windows\system32\NOTEPAD.EXE"" C:\Users\seguridad\Desktop\TFM\Velociraptor\How_UP_server.txt","0","9,2","9,2","3,08","271","3","0","False","C:\Users\julio\Desktop\TFM\05_LOGS\BENCHMARKS\TFM_BENCH_VR_TEC_RUNNER_20260618_181218\process_samples.csv"
"TFM_BENCH_VR_TEC_RUNNER_20260618_181218","VR_TEC_RUNNER","2026-06-18T18:17:04.7025488+02:00","252,67","Stopped","8860","notepad.exe","EXCLUDED_NOTEPAD_FALSE_MATCH","C:\Windows\system32\NOTEPAD.EXE","""C:\Windows\system32\NOTEPAD.EXE"" C:\Users\seguridad\Desktop\TFM\Velociraptor\How_UP_server.txt","0","7,76","7,76","3,09","269","3","0","False","C:\Users\julio\Desktop\TFM\05_LOGS\BENCHMARKS\TFM_BENCH_VR_TEC_RUNNER_20260618_181218\process_samples.csv"
"TFM_BENCH_VR_TEC_RUNNER_20260618_181218","VR_TEC_RUNNER","2026-06-18T18:17:04.7025488+02:00","252,67","Stopped","13880","velociraptor-v0.75.6-windows-amd64.exe","SERVER_GUI_OR_LAB_BINARY","","","5,64","132,34","132,34","106,7","459","33","0","False","C:\Users\julio\Desktop\TFM\05_LOGS\BENCHMARKS\TFM_BENCH_VR_TEC_RUNNER_20260618_181218\process_samples.csv"
"TFM_BENCH_VR_TEC_RUNNER_20260618_181218","VR_TEC_RUNNER","2026-06-18T18:17:07.6356310+02:00","255,6","Stopped","8732","notepad.exe","EXCLUDED_NOTEPAD_FALSE_MATCH","C:\Windows\system32\NOTEPAD.EXE","""C:\Windows\system32\NOTEPAD.EXE"" C:\Users\seguridad\Desktop\TFM\Velociraptor\How_UP_server.txt","0","9,2","9,2","3,08","271","3","0","False","C:\Users\julio\Desktop\TFM\05_LOGS\BENCHMARKS\TFM_BENCH_VR_TEC_RUNNER_20260618_181218\process_samples.csv"
"TFM_BENCH_VR_TEC_RUNNER_20260618_181218","VR_TEC_RUNNER","2026-06-18T18:17:07.6356310+02:00","255,6","Stopped","8860","notepad.exe","EXCLUDED_NOTEPAD_FALSE_MATCH","C:\Windows\system32\NOTEPAD.EXE","""C:\Windows\system32\NOTEPAD.EXE"" C:\Users\seguridad\Desktop\TFM\Velociraptor\How_UP_server.txt","0","7,76","7,76","3,09","269","3","0","False","C:\Users\julio\Desktop\TFM\05_LOGS\BENCHMARKS\TFM_BENCH_VR_TEC_RUNNER_20260618_181218\process_samples.csv"
"TFM_BENCH_VR_TEC_RUNNER_20260618_181218","VR_TEC_RUNNER","2026-06-18T18:17:07.6356310+02:00","255,6","Stopped","13880","velociraptor-v0.75.6-windows-amd64.exe","SERVER_GUI_OR_LAB_BINARY","","","7,46","177,55","177,55","151,95","463","33","0","False","C:\Users\julio\Desktop\TFM\05_LOGS\BENCHMARKS\TFM_BENCH_VR_TEC_RUNNER_20260618_181218\process_samples.csv"
"TFM_BENCH_VR_TEC_RUNNER_20260618_181218","VR_TEC_RUNNER","2026-06-18T18:17:10.7293893+02:00","258,7","Stopped","8732","notepad.exe","EXCLUDED_NOTEPAD_FALSE_MATCH","C:\Windows\system32\NOTEPAD.EXE","""C:\Windows\system32\NOTEPAD.EXE"" C:\Users\seguridad\Desktop\TFM\Velociraptor\How_UP_server.txt","0","9,17","9,17","2,91","271","1","0","False","C:\Users\julio\Desktop\TFM\05_LOGS\BENCHMARKS\TFM_BENCH_VR_TEC_RUNNER_20260618_181218\process_samples.csv"
"TFM_BENCH_VR_TEC_RUNNER_20260618_181218","VR_TEC_RUNNER","2026-06-18T18:17:10.7293893+02:00","258,7","Stopped","8860","notepad.exe","EXCLUDED_NOTEPAD_FALSE_MATCH","C:\Windows\system32\NOTEPAD.EXE","""C:\Windows\system32\NOTEPAD.EXE"" C:\Users\seguridad\Desktop\TFM\Velociraptor\How_UP_server.txt","0","7,76","7,76","3,09","269","3","0","False","C:\Users\julio\Desktop\TFM\05_LOGS\BENCHMARKS\TFM_BENCH_VR_TEC_RUNNER_20260618_181218\process_samples.csv"
"TFM_BENCH_VR_TEC_RUNNER_20260618_181218","VR_TEC_RUNNER","2026-06-18T18:17:10.7293893+02:00","258,7","Stopped","13880","velociraptor-v0.75.6-windows-amd64.exe","SERVER_GUI_OR_LAB_BINARY","","","27,02","169,2","169,2","143,48","461","33","0","False","C:\Users\julio\Desktop\TFM\05_LOGS\BENCHMARKS\TFM_BENCH_VR_TEC_RUNNER_20260618_181218\process_samples.csv"
"TFM_BENCH_VR_TEC_RUNNER_20260618_181218","VR_TEC_RUNNER","2026-06-18T18:17:13.4089091+02:00","261,38","Stopped","8732","notepad.exe","EXCLUDED_NOTEPAD_FALSE_MATCH","C:\Windows\system32\NOTEPAD.EXE","""C:\Windows\system32\NOTEPAD.EXE"" C:\Users\seguridad\Desktop\TFM\Velociraptor\How_UP_server.txt","0","9,17","9,17","2,91","271","1","0","False","C:\Users\julio\Desktop\TFM\05_LOGS\BENCHMARKS\TFM_BENCH_VR_TEC_RUNNER_20260618_181218\process_samples.csv"
"TFM_BENCH_VR_TEC_RUNNER_20260618_181218","VR_TEC_RUNNER","2026-06-18T18:17:13.4089091+02:00","261,38","Stopped","8860","notepad.exe","EXCLUDED_NOTEPAD_FALSE_MATCH","C:\Windows\system32\NOTEPAD.EXE","""C:\Windows\system32\NOTEPAD.EXE"" C:\Users\seguridad\Desktop\TFM\Velociraptor\How_UP_server.txt","0","7,76","7,76","3,09","269","3","0","False","C:\Users\julio\Desktop\TFM\05_LOGS\BENCHMARKS\TFM_BENCH_VR_TEC_RUNNER_20260618_181218\process_samples.csv"
"TFM_BENCH_VR_TEC_RUNNER_20260618_181218","VR_TEC_RUNNER","2026-06-18T18:17:13.4089091+02:00","261,38","Stopped","13880","velociraptor-v0.75.6-windows-amd64.exe","SERVER_GUI_OR_LAB_BINARY","","","9,62","170,79","170,79","145,04","456","33","0","False","C:\Users\julio\Desktop\TFM\05_LOGS\BENCHMARKS\TFM_BENCH_VR_TEC_RUNNER_20260618_181218\process_samples.csv"
"TFM_BENCH_VR_TEC_RUNNER_20260618_181218","VR_TEC_RUNNER","2026-06-18T18:17:16.0374251+02:00","264","Stopped","8732","notepad.exe","EXCLUDED_NOTEPAD_FALSE_MATCH","C:\Windows\system32\NOTEPAD.EXE","""C:\Windows\system32\NOTEPAD.EXE"" C:\Users\seguridad\Desktop\TFM\Velociraptor\How_UP_server.txt","0","9,1","9,1","2,91","271","1","0","False","C:\Users\julio\Desktop\TFM\05_LOGS\BENCHMARKS\TFM_BENCH_VR_TEC_RUNNER_20260618_181218\process_samples.csv"
"TFM_BENCH_VR_TEC_RUNNER_20260618_181218","VR_TEC_RUNNER","2026-06-18T18:17:16.0374251+02:00","264","Stopped","8860","notepad.exe","EXCLUDED_NOTEPAD_FALSE_MATCH","C:\Windows\system32\NOTEPAD.EXE","""C:\Windows\system32\NOTEPAD.EXE"" C:\Users\seguridad\Desktop\TFM\Velociraptor\How_UP_server.txt","0","7,76","7,76","3,09","269","3","0","False","C:\Users\julio\Desktop\TFM\05_LOGS\BENCHMARKS\TFM_BENCH_VR_TEC_RUNNER_20260618_181218\process_samples.csv"
"TFM_BENCH_VR_TEC_RUNNER_20260618_181218","VR_TEC_RUNNER","2026-06-18T18:17:16.0374251+02:00","264","Stopped","13880","velociraptor-v0.75.6-windows-amd64.exe","SERVER_GUI_OR_LAB_BINARY","","","1,19","131,09","131,09","105,34","453","33","0","False","C:\Users\julio\Desktop\TFM\05_LOGS\BENCHMARKS\TFM_BENCH_VR_TEC_RUNNER_20260618_181218\process_samples.csv"
"TFM_BENCH_VR_TEC_RUNNER_20260618_181218","VR_TEC_RUNNER","2026-06-18T18:17:18.5089103+02:00","266,48","Stopped","8732","notepad.exe","EXCLUDED_NOTEPAD_FALSE_MATCH","C:\Windows\system32\NOTEPAD.EXE","""C:\Windows\system32\NOTEPAD.EXE"" C:\Users\seguridad\Desktop\TFM\Velociraptor\How_UP_server.txt","0","9,1","9,1","2,91","271","1","0","False","C:\Users\julio\Desktop\TFM\05_LOGS\BENCHMARKS\TFM_BENCH_VR_TEC_RUNNER_20260618_181218\process_samples.csv"
"TFM_BENCH_VR_TEC_RUNNER_20260618_181218","VR_TEC_RUNNER","2026-06-18T18:17:18.5089103+02:00","266,48","Stopped","8860","notepad.exe","EXCLUDED_NOTEPAD_FALSE_MATCH","C:\Windows\system32\NOTEPAD.EXE","""C:\Windows\system32\NOTEPAD.EXE"" C:\Users\seguridad\Desktop\TFM\Velociraptor\How_UP_server.txt","0","7,76","7,76","3,09","269","3","0","False","C:\Users\julio\Desktop\TFM\05_LOGS\BENCHMARKS\TFM_BENCH_VR_TEC_RUNNER_20260618_181218\process_samples.csv"
"TFM_BENCH_VR_TEC_RUNNER_20260618_181218","VR_TEC_RUNNER","2026-06-18T18:17:18.5089103+02:00","266,48","Stopped","13880","velociraptor-v0.75.6-windows-amd64.exe","SERVER_GUI_OR_LAB_BINARY","","","6,01","142,94","142,94","117,87","453","33","0","False","C:\Users\julio\Desktop\TFM\05_LOGS\BENCHMARKS\TFM_BENCH_VR_TEC_RUNNER_20260618_181218\process_samples.csv"
"TFM_BENCH_VR_TEC_RUNNER_20260618_181218","VR_TEC_RUNNER","2026-06-18T18:17:20.9381549+02:00","268,9","Stopped","8732","notepad.exe","EXCLUDED_NOTEPAD_FALSE_MATCH","C:\Windows\system32\NOTEPAD.EXE","""C:\Windows\system32\NOTEPAD.EXE"" C:\Users\seguridad\Desktop\TFM\Velociraptor\How_UP_server.txt","0","9,1","9,1","2,91","271","1","0","False","C:\Users\julio\Desktop\TFM\05_LOGS\BENCHMARKS\TFM_BENCH_VR_TEC_RUNNER_20260618_181218\process_samples.csv"
"TFM_BENCH_VR_TEC_RUNNER_20260618_181218","VR_TEC_RUNNER","2026-06-18T18:17:20.9381549+02:00","268,9","Stopped","8860","notepad.exe","EXCLUDED_NOTEPAD_FALSE_MATCH","C:\Windows\system32\NOTEPAD.EXE","""C:\Windows\system32\NOTEPAD.EXE"" C:\Users\seguridad\Desktop\TFM\Velociraptor\How_UP_server.txt","0","7,76","7,76","3,09","269","3","0","False","C:\Users\julio\Desktop\TFM\05_LOGS\BENCHMARKS\TFM_BENCH_VR_TEC_RUNNER_20260618_181218\process_samples.csv"
"TFM_BENCH_VR_TEC_RUNNER_20260618_181218","VR_TEC_RUNNER","2026-06-18T18:17:20.9381549+02:00","268,9","Stopped","13880","velociraptor-v0.75.6-windows-amd64.exe","SERVER_GUI_OR_LAB_BINARY","","","2,73","143,77","143,77","118,75","453","33","0","False","C:\Users\julio\Desktop\TFM\05_LOGS\BENCHMARKS\TFM_BENCH_VR_TEC_RUNNER_20260618_181218\process_samples.csv"
"TFM_BENCH_VR_TEC_RUNNER_20260618_181218","VR_TEC_RUNNER","2026-06-18T18:17:23.3831660+02:00","271,35","Stopped","8732","notepad.exe","EXCLUDED_NOTEPAD_FALSE_MATCH","C:\Windows\system32\NOTEPAD.EXE","""C:\Windows\system32\NOTEPAD.EXE"" C:\Users\seguridad\Desktop\TFM\Velociraptor\How_UP_server.txt","0","9,09","9,09","2,91","271","1","0","False","C:\Users\julio\Desktop\TFM\05_LOGS\BENCHMARKS\TFM_BENCH_VR_TEC_RUNNER_20260618_181218\process_samples.csv"
"TFM_BENCH_VR_TEC_RUNNER_20260618_181218","VR_TEC_RUNNER","2026-06-18T18:17:23.3831660+02:00","271,35","Stopped","8860","notepad.exe","EXCLUDED_NOTEPAD_FALSE_MATCH","C:\Windows\system32\NOTEPAD.EXE","""C:\Windows\system32\NOTEPAD.EXE"" C:\Users\seguridad\Desktop\TFM\Velociraptor\How_UP_server.txt","0","7,75","7,75","3,09","269","3","0","False","C:\Users\julio\Desktop\TFM\05_LOGS\BENCHMARKS\TFM_BENCH_VR_TEC_RUNNER_20260618_181218\process_samples.csv"
"TFM_BENCH_VR_TEC_RUNNER_20260618_181218","VR_TEC_RUNNER","2026-06-18T18:17:23.3831660+02:00","271,35","Stopped","13880","velociraptor-v0.75.6-windows-amd64.exe","SERVER_GUI_OR_LAB_BINARY","","","1,6","138,25","138,25","118,83","453","33","0","False","C:\Users\julio\Desktop\TFM\05_LOGS\BENCHMARKS\TFM_BENCH_VR_TEC_RUNNER_20260618_181218\process_samples.csv"
"TFM_BENCH_VR_TEC_RUNNER_20260618_181218","VR_TEC_RUNNER","2026-06-18T18:17:25.7198104+02:00","273,69","Stopped","8732","notepad.exe","EXCLUDED_NOTEPAD_FALSE_MATCH","C:\Windows\system32\NOTEPAD.EXE","""C:\Windows\system32\NOTEPAD.EXE"" C:\Users\seguridad\Desktop\TFM\Velociraptor\How_UP_server.txt","0","9,09","9,09","2,91","271","1","0","False","C:\Users\julio\Desktop\TFM\05_LOGS\BENCHMARKS\TFM_BENCH_VR_TEC_RUNNER_20260618_181218\process_samples.csv"
"TFM_BENCH_VR_TEC_RUNNER_20260618_181218","VR_TEC_RUNNER","2026-06-18T18:17:25.7198104+02:00","273,69","Stopped","8860","notepad.exe","EXCLUDED_NOTEPAD_FALSE_MATCH","C:\Windows\system32\NOTEPAD.EXE","""C:\Windows\system32\NOTEPAD.EXE"" C:\Users\seguridad\Desktop\TFM\Velociraptor\How_UP_server.txt","0","7,75","7,75","3,09","269","3","0","False","C:\Users\julio\Desktop\TFM\05_LOGS\BENCHMARKS\TFM_BENCH_VR_TEC_RUNNER_20260618_181218\process_samples.csv"
"TFM_BENCH_VR_TEC_RUNNER_20260618_181218","VR_TEC_RUNNER","2026-06-18T18:17:25.7198104+02:00","273,69","Stopped","13880","velociraptor-v0.75.6-windows-amd64.exe","SERVER_GUI_OR_LAB_BINARY","","","4,01","128,46","128,46","105,71","453","33","0","False","C:\Users\julio\Desktop\TFM\05_LOGS\BENCHMARKS\TFM_BENCH_VR_TEC_RUNNER_20260618_181218\process_samples.csv"
"TFM_BENCH_VR_TEC_RUNNER_20260618_181218","VR_TEC_RUNNER","2026-06-18T18:17:28.3043077+02:00","276,27","Stopped","8732","notepad.exe","EXCLUDED_NOTEPAD_FALSE_MATCH","C:\Windows\system32\NOTEPAD.EXE","""C:\Windows\system32\NOTEPAD.EXE"" C:\Users\seguridad\Desktop\TFM\Velociraptor\How_UP_server.txt","0","9,09","9,09","2,91","271","1","0","False","C:\Users\julio\Desktop\TFM\05_LOGS\BENCHMARKS\TFM_BENCH_VR_TEC_RUNNER_20260618_181218\process_samples.csv"
"TFM_BENCH_VR_TEC_RUNNER_20260618_181218","VR_TEC_RUNNER","2026-06-18T18:17:28.3043077+02:00","276,27","Stopped","8860","notepad.exe","EXCLUDED_NOTEPAD_FALSE_MATCH","C:\Windows\system32\NOTEPAD.EXE","""C:\Windows\system32\NOTEPAD.EXE"" C:\Users\seguridad\Desktop\TFM\Velociraptor\How_UP_server.txt","0","7,75","7,75","3,09","269","3","0","False","C:\Users\julio\Desktop\TFM\05_LOGS\BENCHMARKS\TFM_BENCH_VR_TEC_RUNNER_20260618_181218\process_samples.csv"
"TFM_BENCH_VR_TEC_RUNNER_20260618_181218","VR_TEC_RUNNER","2026-06-18T18:17:28.3043077+02:00","276,27","Stopped","13880","velociraptor-v0.75.6-windows-amd64.exe","SERVER_GUI_OR_LAB_BINARY","","","13,15","173,3","173,3","150,32","457","33","0","False","C:\Users\julio\Desktop\TFM\05_LOGS\BENCHMARKS\TFM_BENCH_VR_TEC_RUNNER_20260618_181218\process_samples.csv"
"TFM_BENCH_VR_TEC_RUNNER_20260618_181218","VR_TEC_RUNNER","2026-06-18T18:17:30.9619219+02:00","278,93","Stopped","8732","notepad.exe","EXCLUDED_NOTEPAD_FALSE_MATCH","C:\Windows\system32\NOTEPAD.EXE","""C:\Windows\system32\NOTEPAD.EXE"" C:\Users\seguridad\Desktop\TFM\Velociraptor\How_UP_server.txt","0","9,09","9,09","2,91","271","1","0","False","C:\Users\julio\Desktop\TFM\05_LOGS\BENCHMARKS\TFM_BENCH_VR_TEC_RUNNER_20260618_181218\process_samples.csv"
"TFM_BENCH_VR_TEC_RUNNER_20260618_181218","VR_TEC_RUNNER","2026-06-18T18:17:30.9619219+02:00","278,93","Stopped","8860","notepad.exe","EXCLUDED_NOTEPAD_FALSE_MATCH","C:\Windows\system32\NOTEPAD.EXE","""C:\Windows\system32\NOTEPAD.EXE"" C:\Users\seguridad\Desktop\TFM\Velociraptor\How_UP_server.txt","0","7,75","7,75","3,09","269","3","0","False","C:\Users\julio\Desktop\TFM\05_LOGS\BENCHMARKS\TFM_BENCH_VR_TEC_RUNNER_20260618_181218\process_samples.csv"
"TFM_BENCH_VR_TEC_RUNNER_20260618_181218","VR_TEC_RUNNER","2026-06-18T18:17:30.9619219+02:00","278,93","Stopped","13880","velociraptor-v0.75.6-windows-amd64.exe","SERVER_GUI_OR_LAB_BINARY","","","13,23","176,25","176,25","153,17","461","33","0","False","C:\Users\julio\Desktop\TFM\05_LOGS\BENCHMARKS\TFM_BENCH_VR_TEC_RUNNER_20260618_181218\process_samples.csv"
"TFM_BENCH_VR_TEC_RUNNER_20260618_181218","VR_TEC_RUNNER","2026-06-18T18:17:35.6919500+02:00","283,66","Stopped","8732","notepad.exe","EXCLUDED_NOTEPAD_FALSE_MATCH","C:\Windows\system32\NOTEPAD.EXE","""C:\Windows\system32\NOTEPAD.EXE"" C:\Users\seguridad\Desktop\TFM\Velociraptor\How_UP_server.txt","0","9,09","9,09","2,91","271","1","0","False","C:\Users\julio\Desktop\TFM\05_LOGS\BENCHMARKS\TFM_BENCH_VR_TEC_RUNNER_20260618_181218\process_samples.csv"
"TFM_BENCH_VR_TEC_RUNNER_20260618_181218","VR_TEC_RUNNER","2026-06-18T18:17:35.6919500+02:00","283,66","Stopped","8860","notepad.exe","EXCLUDED_NOTEPAD_FALSE_MATCH","C:\Windows\system32\NOTEPAD.EXE","""C:\Windows\system32\NOTEPAD.EXE"" C:\Users\seguridad\Desktop\TFM\Velociraptor\How_UP_server.txt","0","7,72","7,72","2,92","269","1","0","False","C:\Users\julio\Desktop\TFM\05_LOGS\BENCHMARKS\TFM_BENCH_VR_TEC_RUNNER_20260618_181218\process_samples.csv"
"TFM_BENCH_VR_TEC_RUNNER_20260618_181218","VR_TEC_RUNNER","2026-06-18T18:17:35.6919500+02:00","283,66","Stopped","13880","velociraptor-v0.75.6-windows-amd64.exe","SERVER_GUI_OR_LAB_BINARY","","","4,71","131,18","131,18","108,11","450","33","0","False","C:\Users\julio\Desktop\TFM\05_LOGS\BENCHMARKS\TFM_BENCH_VR_TEC_RUNNER_20260618_181218\process_samples.csv"
"TFM_BENCH_VR_TEC_RUNNER_20260618_181218","VR_TEC_RUNNER","2026-06-18T18:17:40.5973686+02:00","288,56","Stopped","8732","notepad.exe","EXCLUDED_NOTEPAD_FALSE_MATCH","C:\Windows\system32\NOTEPAD.EXE","""C:\Windows\system32\NOTEPAD.EXE"" C:\Users\seguridad\Desktop\TFM\Velociraptor\How_UP_server.txt","0","9,09","9,09","2,91","271","1","0","False","C:\Users\julio\Desktop\TFM\05_LOGS\BENCHMARKS\TFM_BENCH_VR_TEC_RUNNER_20260618_181218\process_samples.csv"
"TFM_BENCH_VR_TEC_RUNNER_20260618_181218","VR_TEC_RUNNER","2026-06-18T18:17:40.5973686+02:00","288,56","Stopped","8860","notepad.exe","EXCLUDED_NOTEPAD_FALSE_MATCH","C:\Windows\system32\NOTEPAD.EXE","""C:\Windows\system32\NOTEPAD.EXE"" C:\Users\seguridad\Desktop\TFM\Velociraptor\How_UP_server.txt","0","7,72","7,72","2,92","269","1","0","False","C:\Users\julio\Desktop\TFM\05_LOGS\BENCHMARKS\TFM_BENCH_VR_TEC_RUNNER_20260618_181218\process_samples.csv"
"TFM_BENCH_VR_TEC_RUNNER_20260618_181218","VR_TEC_RUNNER","2026-06-18T18:17:40.5973686+02:00","288,56","Stopped","13880","velociraptor-v0.75.6-windows-amd64.exe","SERVER_GUI_OR_LAB_BINARY","","","0,8","134,75","134,75","111,8","453","33","0","False","C:\Users\julio\Desktop\TFM\05_LOGS\BENCHMARKS\TFM_BENCH_VR_TEC_RUNNER_20260618_181218\process_samples.csv"
"TFM_BENCH_VR_TEC_RUNNER_20260618_181218","VR_TEC_RUNNER","2026-06-18T18:17:45.5081996+02:00","293,47","Stopped","8732","notepad.exe","EXCLUDED_NOTEPAD_FALSE_MATCH","C:\Windows\system32\NOTEPAD.EXE","""C:\Windows\system32\NOTEPAD.EXE"" C:\Users\seguridad\Desktop\TFM\Velociraptor\How_UP_server.txt","0","9,09","9,09","2,91","271","1","0","False","C:\Users\julio\Desktop\TFM\05_LOGS\BENCHMARKS\TFM_BENCH_VR_TEC_RUNNER_20260618_181218\process_samples.csv"
"TFM_BENCH_VR_TEC_RUNNER_20260618_181218","VR_TEC_RUNNER","2026-06-18T18:17:45.5081996+02:00","293,47","Stopped","8860","notepad.exe","EXCLUDED_NOTEPAD_FALSE_MATCH","C:\Windows\system32\NOTEPAD.EXE","""C:\Windows\system32\NOTEPAD.EXE"" C:\Users\seguridad\Desktop\TFM\Velociraptor\How_UP_server.txt","0","7,72","7,72","2,92","269","1","0","False","C:\Users\julio\Desktop\TFM\05_LOGS\BENCHMARKS\TFM_BENCH_VR_TEC_RUNNER_20260618_181218\process_samples.csv"
"TFM_BENCH_VR_TEC_RUNNER_20260618_181218","VR_TEC_RUNNER","2026-06-18T18:17:45.5081996+02:00","293,47","Stopped","13880","velociraptor-v0.75.6-windows-amd64.exe","SERVER_GUI_OR_LAB_BINARY","","","1,51","134,99","134,99","112,03","450","33","0","False","C:\Users\julio\Desktop\TFM\05_LOGS\BENCHMARKS\TFM_BENCH_VR_TEC_RUNNER_20260618_181218\process_samples.csv"
"TFM_BENCH_VR_TEC_RUNNER_20260618_181218","VR_TEC_RUNNER","2026-06-18T18:17:47.8344625+02:00","295,8","Stopped","8732","notepad.exe","EXCLUDED_NOTEPAD_FALSE_MATCH","C:\Windows\system32\NOTEPAD.EXE","""C:\Windows\system32\NOTEPAD.EXE"" C:\Users\seguridad\Desktop\TFM\Velociraptor\How_UP_server.txt","0","9,09","9,09","2,91","271","1","0","False","C:\Users\julio\Desktop\TFM\05_LOGS\BENCHMARKS\TFM_BENCH_VR_TEC_RUNNER_20260618_181218\process_samples.csv"
"TFM_BENCH_VR_TEC_RUNNER_20260618_181218","VR_TEC_RUNNER","2026-06-18T18:17:47.8344625+02:00","295,8","Stopped","8860","notepad.exe","EXCLUDED_NOTEPAD_FALSE_MATCH","C:\Windows\system32\NOTEPAD.EXE","""C:\Windows\system32\NOTEPAD.EXE"" C:\Users\seguridad\Desktop\TFM\Velociraptor\How_UP_server.txt","0","7,72","7,72","2,92","269","1","0","False","C:\Users\julio\Desktop\TFM\05_LOGS\BENCHMARKS\TFM_BENCH_VR_TEC_RUNNER_20260618_181218\process_samples.csv"
"TFM_BENCH_VR_TEC_RUNNER_20260618_181218","VR_TEC_RUNNER","2026-06-18T18:17:47.8344625+02:00","295,8","Stopped","13880","velociraptor-v0.75.6-windows-amd64.exe","SERVER_GUI_OR_LAB_BINARY","","","20,49","157,52","157,52","134,44","450","33","0","False","C:\Users\julio\Desktop\TFM\05_LOGS\BENCHMARKS\TFM_BENCH_VR_TEC_RUNNER_20260618_181218\process_samples.csv"
"TFM_BENCH_VR_TEC_RUNNER_20260618_181218","VR_TEC_RUNNER","2026-06-18T18:17:50.1587941+02:00","298,13","Stopped","8732","notepad.exe","EXCLUDED_NOTEPAD_FALSE_MATCH","C:\Windows\system32\NOTEPAD.EXE","""C:\Windows\system32\NOTEPAD.EXE"" C:\Users\seguridad\Desktop\TFM\Velociraptor\How_UP_server.txt","0","9,09","9,09","2,91","271","1","0","False","C:\Users\julio\Desktop\TFM\05_LOGS\BENCHMARKS\TFM_BENCH_VR_TEC_RUNNER_20260618_181218\process_samples.csv"
"TFM_BENCH_VR_TEC_RUNNER_20260618_181218","VR_TEC_RUNNER","2026-06-18T18:17:50.1587941+02:00","298,13","Stopped","8860","notepad.exe","EXCLUDED_NOTEPAD_FALSE_MATCH","C:\Windows\system32\NOTEPAD.EXE","""C:\Windows\system32\NOTEPAD.EXE"" C:\Users\seguridad\Desktop\TFM\Velociraptor\How_UP_server.txt","0","7,72","7,72","2,92","269","1","0","False","C:\Users\julio\Desktop\TFM\05_LOGS\BENCHMARKS\TFM_BENCH_VR_TEC_RUNNER_20260618_181218\process_samples.csv"
"TFM_BENCH_VR_TEC_RUNNER_20260618_181218","VR_TEC_RUNNER","2026-06-18T18:17:50.1587941+02:00","298,13","Stopped","13880","velociraptor-v0.75.6-windows-amd64.exe","SERVER_GUI_OR_LAB_BINARY","","","3,03","157,53","157,53","134,44","450","33","0","False","C:\Users\julio\Desktop\TFM\05_LOGS\BENCHMARKS\TFM_BENCH_VR_TEC_RUNNER_20260618_181218\process_samples.csv"
