"RunId","Scenario","Timestamp","ElapsedSec","ServiceName","ServiceStatus","VR_ProcessCount","VR_PIDs","VR_ProcessNames","VR_ExecutablePaths","VR_CPU_Percent","VR_RAM_MB","VR_WorkingSet_MB","VR_PrivateMemory_MB","VR_Handles","VR_Threads","VR_IO_Read_BytesSec","VR_IO_Write_BytesSec","VR_IO_Total_BytesSec","System_CPU_Percent","System_RAM_Used_MB","System_RAM_Free_MB","System_Disk_BytesSec","System_Net_BytesSec","RunnerActive","SourceFile"
"TFM_BENCH_BASELINE_NO_VR_20260618_174022","BASELINE_NO_VR","2026-06-18T17:40:53.2291364+02:00","0","Velociraptor","Stopped","2","8732;8860","notepad.exe;notepad.exe","C:\Windows\system32\NOTEPAD.EXE;C:\Windows\system32\NOTEPAD.EXE","0","10,98","10,98","5,81","540","2","0","0","0","0","3175,19","2824,36","0","0","False","C:\Users\julio\Desktop\TFM\05_LOGS\BENCHMARKS\TFM_BENCH_BASELINE_NO_VR_20260618_174022\samples.csv"
"TFM_BENCH_BASELINE_NO_VR_20260618_174022","BASELINE_NO_VR","2026-06-18T17:40:55.8858734+02:00","2,66","Velociraptor","Stopped","2","8732;8860","notepad.exe;notepad.exe","C:\Windows\system32\NOTEPAD.EXE;C:\Windows\system32\NOTEPAD.EXE","0","10,98","10,98","5,81","540","2","0","0","0","0","3184,08","2815,47","0","0","False","C:\Users\julio\Desktop\TFM\05_LOGS\BENCHMARKS\TFM_BENCH_BASELINE_NO_VR_20260618_174022\samples.csv"
"TFM_BENCH_BASELINE_NO_VR_20260618_174022","BASELINE_NO_VR","2026-06-18T17:40:58.0737524+02:00","4,84","Velociraptor","Stopped","2","8732;8860","notepad.exe;notepad.exe","C:\Windows\system32\NOTEPAD.EXE;C:\Windows\system32\NOTEPAD.EXE","0","10,98","10,98","5,81","540","2","0","0","0","0","3185,6","2813,95","0","0","False","C:\Users\julio\Desktop\TFM\05_LOGS\BENCHMARKS\TFM_BENCH_BASELINE_NO_VR_20260618_174022\samples.csv"
"TFM_BENCH_BASELINE_NO_VR_20260618_174022","BASELINE_NO_VR","2026-06-18T17:41:00.2297141+02:00","7","Velociraptor","Stopped","2","8732;8860","notepad.exe;notepad.exe","C:\Windows\system32\NOTEPAD.EXE;C:\Windows\system32\NOTEPAD.EXE","0","10,98","10,98","5,81","540","2","0","0","0","0","3172,64","2826,91","0","0","False","C:\Users\julio\Desktop\TFM\05_LOGS\BENCHMARKS\TFM_BENCH_BASELINE_NO_VR_20260618_174022\samples.csv"
"TFM_BENCH_BASELINE_NO_VR_20260618_174022","BASELINE_NO_VR","2026-06-18T17:41:02.4321237+02:00","9,2","Velociraptor","Stopped","2","8732;8860","notepad.exe;notepad.exe","C:\Windows\system32\NOTEPAD.EXE;C:\Windows\system32\NOTEPAD.EXE","0","10,98","10,98","5,81","540","2","0","0","0","0","3177,51","2822,04","0","0","False","C:\Users\julio\Desktop\TFM\05_LOGS\BENCHMARKS\TFM_BENCH_BASELINE_NO_VR_20260618_174022\samples.csv"
"TFM_BENCH_BASELINE_NO_VR_20260618_174022","BASELINE_NO_VR","2026-06-18T17:41:04.5885598+02:00","11,36","Velociraptor","Stopped","2","8732;8860","notepad.exe;notepad.exe","C:\Windows\system32\NOTEPAD.EXE;C:\Windows\system32\NOTEPAD.EXE","0","10,98","10,98","5,81","540","2","0","0","0","0","3176,34","2823,21","0","0","False","C:\Users\julio\Desktop\TFM\05_LOGS\BENCHMARKS\TFM_BENCH_BASELINE_NO_VR_20260618_174022\samples.csv"
"TFM_BENCH_BASELINE_NO_VR_20260618_174022","BASELINE_NO_VR","2026-06-18T17:41:06.7294850+02:00","13,5","Velociraptor","Stopped","2","8732;8860","notepad.exe;notepad.exe","C:\Windows\system32\NOTEPAD.EXE;C:\Windows\system32\NOTEPAD.EXE","0","10,98","10,98","5,81","540","2","0","0","0","0","3174,13","2825,42","0","0","False","C:\Users\julio\Desktop\TFM\05_LOGS\BENCHMARKS\TFM_BENCH_BASELINE_NO_VR_20260618_174022\samples.csv"
"TFM_BENCH_BASELINE_NO_VR_20260618_174022","BASELINE_NO_VR","2026-06-18T17:41:08.8866137+02:00","15,66","Velociraptor","Stopped","2","8732;8860","notepad.exe;notepad.exe","C:\Windows\system32\NOTEPAD.EXE;C:\Windows\system32\NOTEPAD.EXE","0","10,98","10,98","5,81","540","2","0","0","0","0","3171,05","2828,5","0","0","False","C:\Users\julio\Desktop\TFM\05_LOGS\BENCHMARKS\TFM_BENCH_BASELINE_NO_VR_20260618_174022\samples.csv"
"TFM_BENCH_BASELINE_NO_VR_20260618_174022","BASELINE_NO_VR","2026-06-18T17:41:11.0273508+02:00","17,8","Velociraptor","Stopped","2","8732;8860","notepad.exe;notepad.exe","C:\Windows\system32\NOTEPAD.EXE;C:\Windows\system32\NOTEPAD.EXE","0","10,98","10,98","5,81","540","2","0","0","0","0","3166,42","2833,13","0","0","False","C:\Users\julio\Desktop\TFM\05_LOGS\BENCHMARKS\TFM_BENCH_BASELINE_NO_VR_20260618_174022\samples.csv"
"TFM_BENCH_BASELINE_NO_VR_20260618_174022","BASELINE_NO_VR","2026-06-18T17:41:13.1669887+02:00","19,94","Velociraptor","Stopped","2","8732;8860","notepad.exe;notepad.exe","C:\Windows\system32\NOTEPAD.EXE;C:\Windows\system32\NOTEPAD.EXE","0","10,98","10,98","5,81","540","2","0","0","0","0","3168,96","2830,59","0","0","False","C:\Users\julio\Desktop\TFM\05_LOGS\BENCHMARKS\TFM_BENCH_BASELINE_NO_VR_20260618_174022\samples.csv"
"TFM_BENCH_BASELINE_NO_VR_20260618_174022","BASELINE_NO_VR","2026-06-18T17:41:15.3233191+02:00","22,09","Velociraptor","Stopped","2","8732;8860","notepad.exe;notepad.exe","C:\Windows\system32\NOTEPAD.EXE;C:\Windows\system32\NOTEPAD.EXE","0","10,98","10,98","5,81","540","2","0","0","0","0","3168,36","2831,19","0","0","False","C:\Users\julio\Desktop\TFM\05_LOGS\BENCHMARKS\TFM_BENCH_BASELINE_NO_VR_20260618_174022\samples.csv"
"TFM_BENCH_BASELINE_NO_VR_20260618_174022","BASELINE_NO_VR","2026-06-18T17:41:17.4643664+02:00","24,24","Velociraptor","Stopped","2","8732;8860","notepad.exe;notepad.exe","C:\Windows\system32\NOTEPAD.EXE;C:\Windows\system32\NOTEPAD.EXE","0","10,98","10,98","5,81","540","2","0","0","0","0","3167,8","2831,75","0","0","False","C:\Users\julio\Desktop\TFM\05_LOGS\BENCHMARKS\TFM_BENCH_BASELINE_NO_VR_20260618_174022\samples.csv"
"TFM_BENCH_BASELINE_NO_VR_20260618_174022","BASELINE_NO_VR","2026-06-18T17:41:19.6045298+02:00","26,38","Velociraptor","Stopped","2","8732;8860","notepad.exe;notepad.exe","C:\Windows\system32\NOTEPAD.EXE;C:\Windows\system32\NOTEPAD.EXE","0","10,98","10,98","5,81","540","2","0","0","0","0","3166,78","2832,77","0","0","False","C:\Users\julio\Desktop\TFM\05_LOGS\BENCHMARKS\TFM_BENCH_BASELINE_NO_VR_20260618_174022\samples.csv"
"TFM_BENCH_BASELINE_NO_VR_20260618_174022","BASELINE_NO_VR","2026-06-18T17:41:21.7761799+02:00","28,55","Velociraptor","Stopped","2","8732;8860","notepad.exe;notepad.exe","C:\Windows\system32\NOTEPAD.EXE;C:\Windows\system32\NOTEPAD.EXE","0","10,98","10,98","5,81","540","2","0","0","0","0","3167,16","2832,39","0","0","False","C:\Users\julio\Desktop\TFM\05_LOGS\BENCHMARKS\TFM_BENCH_BASELINE_NO_VR_20260618_174022\samples.csv"
"TFM_BENCH_BASELINE_NO_VR_20260618_174022","BASELINE_NO_VR","2026-06-18T17:41:23.9321553+02:00","30,7","Velociraptor","Stopped","2","8732;8860","notepad.exe;notepad.exe","C:\Windows\system32\NOTEPAD.EXE;C:\Windows\system32\NOTEPAD.EXE","0","10,98","10,98","5,81","540","2","0","0","0","0","3167,58","2831,97","0","0","False","C:\Users\julio\Desktop\TFM\05_LOGS\BENCHMARKS\TFM_BENCH_BASELINE_NO_VR_20260618_174022\samples.csv"
"TFM_BENCH_BASELINE_NO_VR_20260618_174022","BASELINE_NO_VR","2026-06-18T17:41:26.0731445+02:00","32,84","Velociraptor","Stopped","2","8732;8860","notepad.exe;notepad.exe","C:\Windows\system32\NOTEPAD.EXE;C:\Windows\system32\NOTEPAD.EXE","0","10,98","10,98","5,81","540","2","0","0","0","0","3167,39","2832,16","0","0","False","C:\Users\julio\Desktop\TFM\05_LOGS\BENCHMARKS\TFM_BENCH_BASELINE_NO_VR_20260618_174022\samples.csv"
"TFM_BENCH_BASELINE_NO_VR_20260618_174022","BASELINE_NO_VR","2026-06-18T17:41:28.2294220+02:00","35","Velociraptor","Stopped","2","8732;8860","notepad.exe;notepad.exe","C:\Windows\system32\NOTEPAD.EXE;C:\Windows\system32\NOTEPAD.EXE","0","10,98","10,98","5,81","540","2","0","0","0","0","3164,95","2834,6","0","0","False","C:\Users\julio\Desktop\TFM\05_LOGS\BENCHMARKS\TFM_BENCH_BASELINE_NO_VR_20260618_174022\samples.csv"
"TFM_BENCH_BASELINE_NO_VR_20260618_174022","BASELINE_NO_VR","2026-06-18T17:41:30.3697663+02:00","37,14","Velociraptor","Stopped","2","8732;8860","notepad.exe;notepad.exe","C:\Windows\system32\NOTEPAD.EXE;C:\Windows\system32\NOTEPAD.EXE","0","10,98","10,98","5,81","540","2","0","0","0","0","3170,88","2828,67","0","0","False","C:\Users\julio\Desktop\TFM\05_LOGS\BENCHMARKS\TFM_BENCH_BASELINE_NO_VR_20260618_174022\samples.csv"
"TFM_BENCH_BASELINE_NO_VR_20260618_174022","BASELINE_NO_VR","2026-06-18T17:41:32.5262736+02:00","39,3","Velociraptor","Stopped","2","8732;8860","notepad.exe;notepad.exe","C:\Windows\system32\NOTEPAD.EXE;C:\Windows\system32\NOTEPAD.EXE","0","10,98","10,98","5,81","540","2","0","0","0","0","3171,28","2828,27","0","0","False","C:\Users\julio\Desktop\TFM\05_LOGS\BENCHMARKS\TFM_BENCH_BASELINE_NO_VR_20260618_174022\samples.csv"
"TFM_BENCH_BASELINE_NO_VR_20260618_174022","BASELINE_NO_VR","2026-06-18T17:41:34.6665493+02:00","41,44","Velociraptor","Stopped","2","8732;8860","notepad.exe;notepad.exe","C:\Windows\system32\NOTEPAD.EXE;C:\Windows\system32\NOTEPAD.EXE","0","10,98","10,98","5,81","540","2","0","0","0","0","3171,6","2827,95","0","0","False","C:\Users\julio\Desktop\TFM\05_LOGS\BENCHMARKS\TFM_BENCH_BASELINE_NO_VR_20260618_174022\samples.csv"
"TFM_BENCH_BASELINE_NO_VR_20260618_174022","BASELINE_NO_VR","2026-06-18T17:41:36.8231341+02:00","43,59","Velociraptor","Stopped","2","8732;8860","notepad.exe;notepad.exe","C:\Windows\system32\NOTEPAD.EXE;C:\Windows\system32\NOTEPAD.EXE","0","10,98","10,98","5,81","540","2","0","0","0","0","3171,28","2828,27","0","0","False","C:\Users\julio\Desktop\TFM\05_LOGS\BENCHMARKS\TFM_BENCH_BASELINE_NO_VR_20260618_174022\samples.csv"
"TFM_BENCH_BASELINE_NO_VR_20260618_174022","BASELINE_NO_VR","2026-06-18T17:41:38.9794294+02:00","45,75","Velociraptor","Stopped","2","8732;8860","notepad.exe;notepad.exe","C:\Windows\system32\NOTEPAD.EXE;C:\Windows\system32\NOTEPAD.EXE","0","10,98","10,98","5,81","540","2","0","0","0","0","3169,28","2830,27","0","0","False","C:\Users\julio\Desktop\TFM\05_LOGS\BENCHMARKS\TFM_BENCH_BASELINE_NO_VR_20260618_174022\samples.csv"
"TFM_BENCH_BASELINE_NO_VR_20260618_174022","BASELINE_NO_VR","2026-06-18T17:41:41.1357689+02:00","47,91","Velociraptor","Stopped","2","8732;8860","notepad.exe;notepad.exe","C:\Windows\system32\NOTEPAD.EXE;C:\Windows\system32\NOTEPAD.EXE","0","10,98","10,98","5,81","540","2","0","0","0","0","3169,74","2829,81","0","0","False","C:\Users\julio\Desktop\TFM\05_LOGS\BENCHMARKS\TFM_BENCH_BASELINE_NO_VR_20260618_174022\samples.csv"
"TFM_BENCH_BASELINE_NO_VR_20260618_174022","BASELINE_NO_VR","2026-06-18T17:41:43.3074718+02:00","50,08","Velociraptor","Stopped","2","8732;8860","notepad.exe;notepad.exe","C:\Windows\system32\NOTEPAD.EXE;C:\Windows\system32\NOTEPAD.EXE","0","10,98","10,98","5,81","540","2","0","0","0","0","3169,37","2830,18","0","0","False","C:\Users\julio\Desktop\TFM\05_LOGS\BENCHMARKS\TFM_BENCH_BASELINE_NO_VR_20260618_174022\samples.csv"
"TFM_BENCH_BASELINE_NO_VR_20260618_174022","BASELINE_NO_VR","2026-06-18T17:41:45.4636769+02:00","52,23","Velociraptor","Stopped","2","8732;8860","notepad.exe;notepad.exe","C:\Windows\system32\NOTEPAD.EXE;C:\Windows\system32\NOTEPAD.EXE","0","10,98","10,98","5,81","540","2","0","0","0","0","3169,66","2829,89","0","0","False","C:\Users\julio\Desktop\TFM\05_LOGS\BENCHMARKS\TFM_BENCH_BASELINE_NO_VR_20260618_174022\samples.csv"
"TFM_BENCH_BASELINE_NO_VR_20260618_174022","BASELINE_NO_VR","2026-06-18T17:41:47.6199459+02:00","54,39","Velociraptor","Stopped","2","8732;8860","notepad.exe;notepad.exe","C:\Windows\system32\NOTEPAD.EXE;C:\Windows\system32\NOTEPAD.EXE","0","10,98","10,98","5,81","540","2","0","0","0","0","3169,76","2829,79","0","0","False","C:\Users\julio\Desktop\TFM\05_LOGS\BENCHMARKS\TFM_BENCH_BASELINE_NO_VR_20260618_174022\samples.csv"
"TFM_BENCH_BASELINE_NO_VR_20260618_174022","BASELINE_NO_VR","2026-06-18T17:41:49.7759045+02:00","56,55","Velociraptor","Stopped","2","8732;8860","notepad.exe;notepad.exe","C:\Windows\system32\NOTEPAD.EXE;C:\Windows\system32\NOTEPAD.EXE","0","10,98","10,98","5,81","540","2","0","0","0","0","3163,73","2835,82","0","0","False","C:\Users\julio\Desktop\TFM\05_LOGS\BENCHMARKS\TFM_BENCH_BASELINE_NO_VR_20260618_174022\samples.csv"
"TFM_BENCH_BASELINE_NO_VR_20260618_174022","BASELINE_NO_VR","2026-06-18T17:41:51.9324002+02:00","58,7","Velociraptor","Stopped","2","8732;8860","notepad.exe;notepad.exe","C:\Windows\system32\NOTEPAD.EXE;C:\Windows\system32\NOTEPAD.EXE","0","10,98","10,98","5,81","540","2","0","0","0","0","3161,84","2837,71","0","0","False","C:\Users\julio\Desktop\TFM\05_LOGS\BENCHMARKS\TFM_BENCH_BASELINE_NO_VR_20260618_174022\samples.csv"
"TFM_BENCH_BASELINE_NO_VR_20260618_174022","BASELINE_NO_VR","2026-06-18T17:41:54.0890115+02:00","60,86","Velociraptor","Stopped","2","8732;8860","notepad.exe;notepad.exe","C:\Windows\system32\NOTEPAD.EXE;C:\Windows\system32\NOTEPAD.EXE","0","10,98","10,98","5,81","540","2","0","0","0","0","3159,23","2840,32","0","0","False","C:\Users\julio\Desktop\TFM\05_LOGS\BENCHMARKS\TFM_BENCH_BASELINE_NO_VR_20260618_174022\samples.csv"
"TFM_BENCH_BASELINE_NO_VR_20260618_174022","BASELINE_NO_VR","2026-06-18T17:41:56.2451812+02:00","63,02","Velociraptor","Stopped","2","8732;8860","notepad.exe;notepad.exe","C:\Windows\system32\NOTEPAD.EXE;C:\Windows\system32\NOTEPAD.EXE","0","10,98","10,98","5,81","540","2","0","0","0","0","3159,97","2839,58","0","0","False","C:\Users\julio\Desktop\TFM\05_LOGS\BENCHMARKS\TFM_BENCH_BASELINE_NO_VR_20260618_174022\samples.csv"
"TFM_BENCH_BASELINE_NO_VR_20260618_174022","BASELINE_NO_VR","2026-06-18T17:41:58.4022076+02:00","65,17","Velociraptor","Stopped","2","8732;8860","notepad.exe;notepad.exe","C:\Windows\system32\NOTEPAD.EXE;C:\Windows\system32\NOTEPAD.EXE","0","10,98","10,98","5,81","540","2","0","0","0","0","3156,88","2842,67","0","0","False","C:\Users\julio\Desktop\TFM\05_LOGS\BENCHMARKS\TFM_BENCH_BASELINE_NO_VR_20260618_174022\samples.csv"
"TFM_BENCH_BASELINE_NO_VR_20260618_174022","BASELINE_NO_VR","2026-06-18T17:42:00.5575128+02:00","67,33","Velociraptor","Stopped","2","8732;8860","notepad.exe;notepad.exe","C:\Windows\system32\NOTEPAD.EXE;C:\Windows\system32\NOTEPAD.EXE","0","10,98","10,98","5,81","540","2","0","0","0","0","3154,12","2845,43","0","0","False","C:\Users\julio\Desktop\TFM\05_LOGS\BENCHMARKS\TFM_BENCH_BASELINE_NO_VR_20260618_174022\samples.csv"
"TFM_BENCH_BASELINE_NO_VR_20260618_174022","BASELINE_NO_VR","2026-06-18T17:42:02.7133617+02:00","69,48","Velociraptor","Stopped","2","8732;8860","notepad.exe;notepad.exe","C:\Windows\system32\NOTEPAD.EXE;C:\Windows\system32\NOTEPAD.EXE","0","10,98","10,98","5,81","540","2","0","0","0","0","3160,59","2838,96","0","0","False","C:\Users\julio\Desktop\TFM\05_LOGS\BENCHMARKS\TFM_BENCH_BASELINE_NO_VR_20260618_174022\samples.csv"
"TFM_BENCH_BASELINE_NO_VR_20260618_174022","BASELINE_NO_VR","2026-06-18T17:42:04.8698115+02:00","71,64","Velociraptor","Stopped","2","8732;8860","notepad.exe;notepad.exe","C:\Windows\system32\NOTEPAD.EXE;C:\Windows\system32\NOTEPAD.EXE","0","11,17","11,17","5,98","540","4","0","0","0","0","3163,55","2836","0","0","False","C:\Users\julio\Desktop\TFM\05_LOGS\BENCHMARKS\TFM_BENCH_BASELINE_NO_VR_20260618_174022\samples.csv"
"TFM_BENCH_BASELINE_NO_VR_20260618_174022","BASELINE_NO_VR","2026-06-18T17:42:07.0261278+02:00","73,8","Velociraptor","Stopped","2","8732;8860","notepad.exe;notepad.exe","C:\Windows\system32\NOTEPAD.EXE;C:\Windows\system32\NOTEPAD.EXE","0","11,17","11,17","5,98","540","4","0","0","0","0","3161,97","2837,58","0","0","False","C:\Users\julio\Desktop\TFM\05_LOGS\BENCHMARKS\TFM_BENCH_BASELINE_NO_VR_20260618_174022\samples.csv"
"TFM_BENCH_BASELINE_NO_VR_20260618_174022","BASELINE_NO_VR","2026-06-18T17:42:09.1986534+02:00","75,97","Velociraptor","Stopped","2","8732;8860","notepad.exe;notepad.exe","C:\Windows\system32\NOTEPAD.EXE;C:\Windows\system32\NOTEPAD.EXE","0","11,17","11,17","5,98","540","4","0","0","0","0","3163,59","2835,96","0","0","False","C:\Users\julio\Desktop\TFM\05_LOGS\BENCHMARKS\TFM_BENCH_BASELINE_NO_VR_20260618_174022\samples.csv"
"TFM_BENCH_BASELINE_NO_VR_20260618_174022","BASELINE_NO_VR","2026-06-18T17:42:11.3697964+02:00","78,14","Velociraptor","Stopped","2","8732;8860","notepad.exe;notepad.exe","C:\Windows\system32\NOTEPAD.EXE;C:\Windows\system32\NOTEPAD.EXE","0","11,17","11,17","5,98","540","4","0","0","0","0","3150,39","2849,16","0","0","False","C:\Users\julio\Desktop\TFM\05_LOGS\BENCHMARKS\TFM_BENCH_BASELINE_NO_VR_20260618_174022\samples.csv"
"TFM_BENCH_BASELINE_NO_VR_20260618_174022","BASELINE_NO_VR","2026-06-18T17:42:13.5419635+02:00","80,31","Velociraptor","Stopped","2","8732;8860","notepad.exe;notepad.exe","C:\Windows\system32\NOTEPAD.EXE;C:\Windows\system32\NOTEPAD.EXE","0","11,17","11,17","5,98","540","4","0","0","0","0","3150,83","2848,72","0","0","False","C:\Users\julio\Desktop\TFM\05_LOGS\BENCHMARKS\TFM_BENCH_BASELINE_NO_VR_20260618_174022\samples.csv"
"TFM_BENCH_BASELINE_NO_VR_20260618_174022","BASELINE_NO_VR","2026-06-18T17:42:15.7135264+02:00","82,48","Velociraptor","Stopped","2","8732;8860","notepad.exe;notepad.exe","C:\Windows\system32\NOTEPAD.EXE;C:\Windows\system32\NOTEPAD.EXE","0","11,17","11,17","5,98","540","4","0","0","0","0","3151,3","2848,25","0","0","False","C:\Users\julio\Desktop\TFM\05_LOGS\BENCHMARKS\TFM_BENCH_BASELINE_NO_VR_20260618_174022\samples.csv"
"TFM_BENCH_BASELINE_NO_VR_20260618_174022","BASELINE_NO_VR","2026-06-18T17:42:17.8694246+02:00","84,64","Velociraptor","Stopped","2","8732;8860","notepad.exe;notepad.exe","C:\Windows\system32\NOTEPAD.EXE;C:\Windows\system32\NOTEPAD.EXE","0","11,17","11,17","5,98","540","4","0","0","0","0","3152,09","2847,46","0","0","False","C:\Users\julio\Desktop\TFM\05_LOGS\BENCHMARKS\TFM_BENCH_BASELINE_NO_VR_20260618_174022\samples.csv"
"TFM_BENCH_BASELINE_NO_VR_20260618_174022","BASELINE_NO_VR","2026-06-18T17:42:20.0886546+02:00","86,86","Velociraptor","Stopped","2","8732;8860","notepad.exe;notepad.exe","C:\Windows\system32\NOTEPAD.EXE;C:\Windows\system32\NOTEPAD.EXE","0","11,17","11,17","5,98","540","4","0","0","0","0","3150,97","2848,58","0","0","False","C:\Users\julio\Desktop\TFM\05_LOGS\BENCHMARKS\TFM_BENCH_BASELINE_NO_VR_20260618_174022\samples.csv"
"TFM_BENCH_BASELINE_NO_VR_20260618_174022","BASELINE_NO_VR","2026-06-18T17:42:22.2451300+02:00","89,02","Velociraptor","Stopped","2","8732;8860","notepad.exe;notepad.exe","C:\Windows\system32\NOTEPAD.EXE;C:\Windows\system32\NOTEPAD.EXE","0","11,17","11,17","5,98","540","4","0","0","0","0","3152,12","2847,43","0","0","False","C:\Users\julio\Desktop\TFM\05_LOGS\BENCHMARKS\TFM_BENCH_BASELINE_NO_VR_20260618_174022\samples.csv"
"TFM_BENCH_BASELINE_NO_VR_20260618_174022","BASELINE_NO_VR","2026-06-18T17:42:24.4012881+02:00","91,17","Velociraptor","Stopped","2","8732;8860","notepad.exe;notepad.exe","C:\Windows\system32\NOTEPAD.EXE;C:\Windows\system32\NOTEPAD.EXE","0","11,17","11,17","5,98","540","4","0","0","0","0","3148,66","2850,89","0","0","False","C:\Users\julio\Desktop\TFM\05_LOGS\BENCHMARKS\TFM_BENCH_BASELINE_NO_VR_20260618_174022\samples.csv"
"TFM_BENCH_BASELINE_NO_VR_20260618_174022","BASELINE_NO_VR","2026-06-18T17:42:26.5731003+02:00","93,34","Velociraptor","Stopped","2","8732;8860","notepad.exe;notepad.exe","C:\Windows\system32\NOTEPAD.EXE;C:\Windows\system32\NOTEPAD.EXE","0","11,17","11,17","5,98","540","4","0","0","0","0","3149,01","2850,54","0","0","False","C:\Users\julio\Desktop\TFM\05_LOGS\BENCHMARKS\TFM_BENCH_BASELINE_NO_VR_20260618_174022\samples.csv"
"TFM_BENCH_BASELINE_NO_VR_20260618_174022","BASELINE_NO_VR","2026-06-18T17:42:28.7449871+02:00","95,52","Velociraptor","Stopped","2","8732;8860","notepad.exe;notepad.exe","C:\Windows\system32\NOTEPAD.EXE;C:\Windows\system32\NOTEPAD.EXE","0","11,17","11,17","5,98","540","4","0","0","0","0","3148,69","2850,86","0","0","False","C:\Users\julio\Desktop\TFM\05_LOGS\BENCHMARKS\TFM_BENCH_BASELINE_NO_VR_20260618_174022\samples.csv"
"TFM_BENCH_BASELINE_NO_VR_20260618_174022","BASELINE_NO_VR","2026-06-18T17:42:30.9167841+02:00","97,69","Velociraptor","Stopped","2","8732;8860","notepad.exe;notepad.exe","C:\Windows\system32\NOTEPAD.EXE;C:\Windows\system32\NOTEPAD.EXE","0","11,17","11,17","5,98","540","4","0","0","0","0","3148,23","2851,32","0","0","False","C:\Users\julio\Desktop\TFM\05_LOGS\BENCHMARKS\TFM_BENCH_BASELINE_NO_VR_20260618_174022\samples.csv"
"TFM_BENCH_BASELINE_NO_VR_20260618_174022","BASELINE_NO_VR","2026-06-18T17:42:33.0889682+02:00","99,86","Velociraptor","Stopped","2","8732;8860","notepad.exe;notepad.exe","C:\Windows\system32\NOTEPAD.EXE;C:\Windows\system32\NOTEPAD.EXE","0","11,17","11,17","5,98","540","4","0","0","0","0","3147,65","2851,9","0","0","False","C:\Users\julio\Desktop\TFM\05_LOGS\BENCHMARKS\TFM_BENCH_BASELINE_NO_VR_20260618_174022\samples.csv"
"TFM_BENCH_BASELINE_NO_VR_20260618_174022","BASELINE_NO_VR","2026-06-18T17:42:35.2917090+02:00","102,06","Velociraptor","Stopped","2","8732;8860","notepad.exe;notepad.exe","C:\Windows\system32\NOTEPAD.EXE;C:\Windows\system32\NOTEPAD.EXE","0","11,17","11,17","5,98","540","4","0","0","0","0","3148,47","2851,08","0","0","False","C:\Users\julio\Desktop\TFM\05_LOGS\BENCHMARKS\TFM_BENCH_BASELINE_NO_VR_20260618_174022\samples.csv"
"TFM_BENCH_BASELINE_NO_VR_20260618_174022","BASELINE_NO_VR","2026-06-18T17:42:37.4949305+02:00","104,27","Velociraptor","Stopped","2","8732;8860","notepad.exe;notepad.exe","C:\Windows\system32\NOTEPAD.EXE;C:\Windows\system32\NOTEPAD.EXE","0","11,17","11,17","5,98","540","4","0","0","0","0","3150,33","2849,22","0","0","False","C:\Users\julio\Desktop\TFM\05_LOGS\BENCHMARKS\TFM_BENCH_BASELINE_NO_VR_20260618_174022\samples.csv"
"TFM_BENCH_BASELINE_NO_VR_20260618_174022","BASELINE_NO_VR","2026-06-18T17:42:39.6825933+02:00","106,45","Velociraptor","Stopped","2","8732;8860","notepad.exe;notepad.exe","C:\Windows\system32\NOTEPAD.EXE;C:\Windows\system32\NOTEPAD.EXE","0","11,17","11,17","5,98","540","4","0","0","0","0","3149,63","2849,92","0","0","False","C:\Users\julio\Desktop\TFM\05_LOGS\BENCHMARKS\TFM_BENCH_BASELINE_NO_VR_20260618_174022\samples.csv"
"TFM_BENCH_BASELINE_NO_VR_20260618_174022","BASELINE_NO_VR","2026-06-18T17:42:41.8697009+02:00","108,64","Velociraptor","Stopped","2","8732;8860","notepad.exe;notepad.exe","C:\Windows\system32\NOTEPAD.EXE;C:\Windows\system32\NOTEPAD.EXE","0","11,17","11,17","5,98","540","4","0","0","0","0","3148,96","2850,59","0","0","False","C:\Users\julio\Desktop\TFM\05_LOGS\BENCHMARKS\TFM_BENCH_BASELINE_NO_VR_20260618_174022\samples.csv"
"TFM_BENCH_BASELINE_NO_VR_20260618_174022","BASELINE_NO_VR","2026-06-18T17:42:44.0417545+02:00","110,81","Velociraptor","Stopped","2","8732;8860","notepad.exe;notepad.exe","C:\Windows\system32\NOTEPAD.EXE;C:\Windows\system32\NOTEPAD.EXE","0","11,17","11,17","5,98","540","4","0","0","0","0","3148,12","2851,43","0","0","False","C:\Users\julio\Desktop\TFM\05_LOGS\BENCHMARKS\TFM_BENCH_BASELINE_NO_VR_20260618_174022\samples.csv"
"TFM_BENCH_BASELINE_NO_VR_20260618_174022","BASELINE_NO_VR","2026-06-18T17:42:46.1977665+02:00","112,97","Velociraptor","Stopped","2","8732;8860","notepad.exe;notepad.exe","C:\Windows\system32\NOTEPAD.EXE;C:\Windows\system32\NOTEPAD.EXE","0","11,17","11,17","5,98","540","4","0","0","0","0","3148,21","2851,34","0","0","False","C:\Users\julio\Desktop\TFM\05_LOGS\BENCHMARKS\TFM_BENCH_BASELINE_NO_VR_20260618_174022\samples.csv"
"TFM_BENCH_BASELINE_NO_VR_20260618_174022","BASELINE_NO_VR","2026-06-18T17:42:48.3545477+02:00","115,13","Velociraptor","Stopped","2","8732;8860","notepad.exe;notepad.exe","C:\Windows\system32\NOTEPAD.EXE;C:\Windows\system32\NOTEPAD.EXE","0","11,17","11,17","5,98","540","4","0","0","0","0","3147,76","2851,79","0","0","False","C:\Users\julio\Desktop\TFM\05_LOGS\BENCHMARKS\TFM_BENCH_BASELINE_NO_VR_20260618_174022\samples.csv"
"TFM_BENCH_BASELINE_NO_VR_20260618_174022","BASELINE_NO_VR","2026-06-18T17:42:50.5577403+02:00","117,33","Velociraptor","Stopped","2","8732;8860","notepad.exe;notepad.exe","C:\Windows\system32\NOTEPAD.EXE;C:\Windows\system32\NOTEPAD.EXE","0","11,17","11,17","5,98","540","4","0","0","0","0","3146","2853,55","0","0","False","C:\Users\julio\Desktop\TFM\05_LOGS\BENCHMARKS\TFM_BENCH_BASELINE_NO_VR_20260618_174022\samples.csv"
"TFM_BENCH_BASELINE_NO_VR_20260618_174022","BASELINE_NO_VR","2026-06-18T17:42:52.7292115+02:00","119,5","Velociraptor","Stopped","2","8732;8860","notepad.exe;notepad.exe","C:\Windows\system32\NOTEPAD.EXE;C:\Windows\system32\NOTEPAD.EXE","0","11,17","11,17","5,98","540","4","0","0","0","0","3144,69","2854,86","0","0","False","C:\Users\julio\Desktop\TFM\05_LOGS\BENCHMARKS\TFM_BENCH_BASELINE_NO_VR_20260618_174022\samples.csv"
"TFM_BENCH_BASELINE_NO_VR_20260618_174022","BASELINE_NO_VR","2026-06-18T17:42:54.8699579+02:00","121,64","Velociraptor","Stopped","2","8732;8860","notepad.exe;notepad.exe","C:\Windows\system32\NOTEPAD.EXE;C:\Windows\system32\NOTEPAD.EXE","0","11,17","11,17","5,98","540","4","0","0","0","0","3144,6","2854,95","0","0","False","C:\Users\julio\Desktop\TFM\05_LOGS\BENCHMARKS\TFM_BENCH_BASELINE_NO_VR_20260618_174022\samples.csv"
"TFM_BENCH_BASELINE_NO_VR_20260618_174022","BASELINE_NO_VR","2026-06-18T17:42:57.0575359+02:00","123,83","Velociraptor","Stopped","2","8732;8860","notepad.exe;notepad.exe","C:\Windows\system32\NOTEPAD.EXE;C:\Windows\system32\NOTEPAD.EXE","0","11,17","11,17","5,98","540","4","0","0","0","0","3143,78","2855,77","0","0","False","C:\Users\julio\Desktop\TFM\05_LOGS\BENCHMARKS\TFM_BENCH_BASELINE_NO_VR_20260618_174022\samples.csv"
"TFM_BENCH_BASELINE_NO_VR_20260618_174022","BASELINE_NO_VR","2026-06-18T17:42:59.2291867+02:00","126","Velociraptor","Stopped","2","8732;8860","notepad.exe;notepad.exe","C:\Windows\system32\NOTEPAD.EXE;C:\Windows\system32\NOTEPAD.EXE","0","11,17","11,17","5,98","540","4","0","0","0","0","3143,09","2856,46","0","0","False","C:\Users\julio\Desktop\TFM\05_LOGS\BENCHMARKS\TFM_BENCH_BASELINE_NO_VR_20260618_174022\samples.csv"
"TFM_BENCH_BASELINE_NO_VR_20260618_174022","BASELINE_NO_VR","2026-06-18T17:43:01.4165408+02:00","128,19","Velociraptor","Stopped","2","8732;8860","notepad.exe;notepad.exe","C:\Windows\system32\NOTEPAD.EXE;C:\Windows\system32\NOTEPAD.EXE","0","11,17","11,17","5,98","540","4","0","0","0","0","3143,41","2856,14","0","0","False","C:\Users\julio\Desktop\TFM\05_LOGS\BENCHMARKS\TFM_BENCH_BASELINE_NO_VR_20260618_174022\samples.csv"
"TFM_BENCH_BASELINE_NO_VR_20260618_174022","BASELINE_NO_VR","2026-06-18T17:43:03.6513056+02:00","130,42","Velociraptor","Stopped","2","8732;8860","notepad.exe;notepad.exe","C:\Windows\system32\NOTEPAD.EXE;C:\Windows\system32\NOTEPAD.EXE","0","11,17","11,17","5,98","540","4","0","0","0","0","3142,02","2857,53","0","0","False","C:\Users\julio\Desktop\TFM\05_LOGS\BENCHMARKS\TFM_BENCH_BASELINE_NO_VR_20260618_174022\samples.csv"
"TFM_BENCH_BASELINE_NO_VR_20260618_174022","BASELINE_NO_VR","2026-06-18T17:43:05.8544003+02:00","132,63","Velociraptor","Stopped","2","8732;8860","notepad.exe;notepad.exe","C:\Windows\system32\NOTEPAD.EXE;C:\Windows\system32\NOTEPAD.EXE","0","11,17","11,17","5,98","540","4","0","0","0","0","3142,73","2856,82","0","0","False","C:\Users\julio\Desktop\TFM\05_LOGS\BENCHMARKS\TFM_BENCH_BASELINE_NO_VR_20260618_174022\samples.csv"
"TFM_BENCH_BASELINE_NO_VR_20260618_174022","BASELINE_NO_VR","2026-06-18T17:43:08.0268710+02:00","134,8","Velociraptor","Stopped","2","8732;8860","notepad.exe;notepad.exe","C:\Windows\system32\NOTEPAD.EXE;C:\Windows\system32\NOTEPAD.EXE","0","11,17","11,17","5,98","540","4","0","0","0","0","3143,21","2856,34","0","0","False","C:\Users\julio\Desktop\TFM\05_LOGS\BENCHMARKS\TFM_BENCH_BASELINE_NO_VR_20260618_174022\samples.csv"
"TFM_BENCH_BASELINE_NO_VR_20260618_174022","BASELINE_NO_VR","2026-06-18T17:43:10.1983935+02:00","136,97","Velociraptor","Stopped","2","8732;8860","notepad.exe;notepad.exe","C:\Windows\system32\NOTEPAD.EXE;C:\Windows\system32\NOTEPAD.EXE","0","11,17","11,17","5,98","540","4","0","0","0","0","3142,02","2857,53","0","0","False","C:\Users\julio\Desktop\TFM\05_LOGS\BENCHMARKS\TFM_BENCH_BASELINE_NO_VR_20260618_174022\samples.csv"
"TFM_BENCH_BASELINE_NO_VR_20260618_174022","BASELINE_NO_VR","2026-06-18T17:43:12.4009762+02:00","139,17","Velociraptor","Stopped","2","8732;8860","notepad.exe;notepad.exe","C:\Windows\system32\NOTEPAD.EXE;C:\Windows\system32\NOTEPAD.EXE","0","11,17","11,17","5,98","540","4","0","0","0","0","3142,46","2857,09","0","0","False","C:\Users\julio\Desktop\TFM\05_LOGS\BENCHMARKS\TFM_BENCH_BASELINE_NO_VR_20260618_174022\samples.csv"
"TFM_BENCH_BASELINE_NO_VR_20260618_174022","BASELINE_NO_VR","2026-06-18T17:43:14.5884194+02:00","141,36","Velociraptor","Stopped","2","8732;8860","notepad.exe;notepad.exe","C:\Windows\system32\NOTEPAD.EXE;C:\Windows\system32\NOTEPAD.EXE","0","11,17","11,17","5,98","540","4","0","0","0","0","3141,66","2857,89","0","0","False","C:\Users\julio\Desktop\TFM\05_LOGS\BENCHMARKS\TFM_BENCH_BASELINE_NO_VR_20260618_174022\samples.csv"
"TFM_BENCH_BASELINE_NO_VR_20260618_174022","BASELINE_NO_VR","2026-06-18T17:43:16.7603376+02:00","143,53","Velociraptor","Stopped","2","8732;8860","notepad.exe;notepad.exe","C:\Windows\system32\NOTEPAD.EXE;C:\Windows\system32\NOTEPAD.EXE","0","11,17","11,17","5,98","540","4","0","0","0","0","3142,55","2857","0","0","False","C:\Users\julio\Desktop\TFM\05_LOGS\BENCHMARKS\TFM_BENCH_BASELINE_NO_VR_20260618_174022\samples.csv"
"TFM_BENCH_BASELINE_NO_VR_20260618_174022","BASELINE_NO_VR","2026-06-18T17:43:18.9323977+02:00","145,7","Velociraptor","Stopped","2","8732;8860","notepad.exe;notepad.exe","C:\Windows\system32\NOTEPAD.EXE;C:\Windows\system32\NOTEPAD.EXE","0","11,17","11,17","5,98","540","4","0","0","0","0","3141,66","2857,89","0","0","False","C:\Users\julio\Desktop\TFM\05_LOGS\BENCHMARKS\TFM_BENCH_BASELINE_NO_VR_20260618_174022\samples.csv"
"TFM_BENCH_BASELINE_NO_VR_20260618_174022","BASELINE_NO_VR","2026-06-18T17:43:21.1041097+02:00","147,87","Velociraptor","Stopped","2","8732;8860","notepad.exe;notepad.exe","C:\Windows\system32\NOTEPAD.EXE;C:\Windows\system32\NOTEPAD.EXE","0","11,17","11,17","5,98","540","4","0","0","0","0","3142,1","2857,45","0","0","False","C:\Users\julio\Desktop\TFM\05_LOGS\BENCHMARKS\TFM_BENCH_BASELINE_NO_VR_20260618_174022\samples.csv"
"TFM_BENCH_BASELINE_NO_VR_20260618_174022","BASELINE_NO_VR","2026-06-18T17:43:23.2762151+02:00","150,05","Velociraptor","Stopped","2","8732;8860","notepad.exe;notepad.exe","C:\Windows\system32\NOTEPAD.EXE;C:\Windows\system32\NOTEPAD.EXE","0","11,17","11,17","5,98","540","4","0","0","0","0","3138,34","2861,21","0","0","False","C:\Users\julio\Desktop\TFM\05_LOGS\BENCHMARKS\TFM_BENCH_BASELINE_NO_VR_20260618_174022\samples.csv"
"TFM_BENCH_BASELINE_NO_VR_20260618_174022","BASELINE_NO_VR","2026-06-18T17:43:25.4493903+02:00","152,22","Velociraptor","Stopped","2","8732;8860","notepad.exe;notepad.exe","C:\Windows\system32\NOTEPAD.EXE;C:\Windows\system32\NOTEPAD.EXE","0","11,17","11,17","5,98","540","4","0","0","0","0","3137,37","2862,18","0","0","False","C:\Users\julio\Desktop\TFM\05_LOGS\BENCHMARKS\TFM_BENCH_BASELINE_NO_VR_20260618_174022\samples.csv"
"TFM_BENCH_BASELINE_NO_VR_20260618_174022","BASELINE_NO_VR","2026-06-18T17:43:27.6362067+02:00","154,41","Velociraptor","Stopped","2","8732;8860","notepad.exe;notepad.exe","C:\Windows\system32\NOTEPAD.EXE;C:\Windows\system32\NOTEPAD.EXE","0","11,17","11,17","5,98","540","4","0","0","0","0","3137,83","2861,72","0","0","False","C:\Users\julio\Desktop\TFM\05_LOGS\BENCHMARKS\TFM_BENCH_BASELINE_NO_VR_20260618_174022\samples.csv"
"TFM_BENCH_BASELINE_NO_VR_20260618_174022","BASELINE_NO_VR","2026-06-18T17:43:29.8227435+02:00","156,59","Velociraptor","Stopped","2","8732;8860","notepad.exe;notepad.exe","C:\Windows\system32\NOTEPAD.EXE;C:\Windows\system32\NOTEPAD.EXE","0","11,17","11,17","5,98","540","4","0","0","0","0","3138,69","2860,86","0","0","False","C:\Users\julio\Desktop\TFM\05_LOGS\BENCHMARKS\TFM_BENCH_BASELINE_NO_VR_20260618_174022\samples.csv"
"TFM_BENCH_BASELINE_NO_VR_20260618_174022","BASELINE_NO_VR","2026-06-18T17:43:32.0103598+02:00","158,78","Velociraptor","Stopped","2","8732;8860","notepad.exe;notepad.exe","C:\Windows\system32\NOTEPAD.EXE;C:\Windows\system32\NOTEPAD.EXE","0","11,17","11,17","5,98","540","4","0","0","0","0","3137,85","2861,7","0","0","False","C:\Users\julio\Desktop\TFM\05_LOGS\BENCHMARKS\TFM_BENCH_BASELINE_NO_VR_20260618_174022\samples.csv"
"TFM_BENCH_BASELINE_NO_VR_20260618_174022","BASELINE_NO_VR","2026-06-18T17:43:34.1671546+02:00","160,94","Velociraptor","Stopped","2","8732;8860","notepad.exe;notepad.exe","C:\Windows\system32\NOTEPAD.EXE;C:\Windows\system32\NOTEPAD.EXE","0","11,17","11,17","5,98","540","4","0","0","0","0","3139,26","2860,29","0","0","False","C:\Users\julio\Desktop\TFM\05_LOGS\BENCHMARKS\TFM_BENCH_BASELINE_NO_VR_20260618_174022\samples.csv"
"TFM_BENCH_BASELINE_NO_VR_20260618_174022","BASELINE_NO_VR","2026-06-18T17:43:36.3388272+02:00","163,11","Velociraptor","Stopped","2","8732;8860","notepad.exe;notepad.exe","C:\Windows\system32\NOTEPAD.EXE;C:\Windows\system32\NOTEPAD.EXE","0","11,17","11,17","5,98","540","4","0","0","0","0","3140,4","2859,15","0","0","False","C:\Users\julio\Desktop\TFM\05_LOGS\BENCHMARKS\TFM_BENCH_BASELINE_NO_VR_20260618_174022\samples.csv"
"TFM_BENCH_BASELINE_NO_VR_20260618_174022","BASELINE_NO_VR","2026-06-18T17:43:38.5579268+02:00","165,33","Velociraptor","Stopped","2","8732;8860","notepad.exe;notepad.exe","C:\Windows\system32\NOTEPAD.EXE;C:\Windows\system32\NOTEPAD.EXE","0","11,15","11,15","5,81","540","2","0","0","0","0","3140,65","2858,9","0","0","False","C:\Users\julio\Desktop\TFM\05_LOGS\BENCHMARKS\TFM_BENCH_BASELINE_NO_VR_20260618_174022\samples.csv"
"TFM_BENCH_BASELINE_NO_VR_20260618_174022","BASELINE_NO_VR","2026-06-18T17:43:40.7455351+02:00","167,52","Velociraptor","Stopped","2","8732;8860","notepad.exe;notepad.exe","C:\Windows\system32\NOTEPAD.EXE;C:\Windows\system32\NOTEPAD.EXE","0","11,15","11,15","5,81","540","2","0","0","0","0","3139,44","2860,11","0","0","False","C:\Users\julio\Desktop\TFM\05_LOGS\BENCHMARKS\TFM_BENCH_BASELINE_NO_VR_20260618_174022\samples.csv"
"TFM_BENCH_BASELINE_NO_VR_20260618_174022","BASELINE_NO_VR","2026-06-18T17:43:42.9947021+02:00","169,77","Velociraptor","Stopped","2","8732;8860","notepad.exe;notepad.exe","C:\Windows\system32\NOTEPAD.EXE;C:\Windows\system32\NOTEPAD.EXE","0","11,15","11,15","5,81","540","2","0","0","0","0","3139,87","2859,68","0","0","False","C:\Users\julio\Desktop\TFM\05_LOGS\BENCHMARKS\TFM_BENCH_BASELINE_NO_VR_20260618_174022\samples.csv"
"TFM_BENCH_BASELINE_NO_VR_20260618_174022","BASELINE_NO_VR","2026-06-18T17:43:45.2140904+02:00","171,98","Velociraptor","Stopped","2","8732;8860","notepad.exe;notepad.exe","C:\Windows\system32\NOTEPAD.EXE;C:\Windows\system32\NOTEPAD.EXE","0","11,15","11,15","5,81","540","2","0","0","0","0","3141,42","2858,13","0","0","False","C:\Users\julio\Desktop\TFM\05_LOGS\BENCHMARKS\TFM_BENCH_BASELINE_NO_VR_20260618_174022\samples.csv"
"TFM_BENCH_BASELINE_NO_VR_20260618_174022","BASELINE_NO_VR","2026-06-18T17:43:47.3857368+02:00","174,16","Velociraptor","Stopped","2","8732;8860","notepad.exe;notepad.exe","C:\Windows\system32\NOTEPAD.EXE;C:\Windows\system32\NOTEPAD.EXE","0","11,15","11,15","5,81","540","2","0","0","0","0","3141,75","2857,8","0","0","False","C:\Users\julio\Desktop\TFM\05_LOGS\BENCHMARKS\TFM_BENCH_BASELINE_NO_VR_20260618_174022\samples.csv"
"TFM_BENCH_BASELINE_NO_VR_20260618_174022","BASELINE_NO_VR","2026-06-18T17:43:49.6047001+02:00","176,38","Velociraptor","Stopped","2","8732;8860","notepad.exe;notepad.exe","C:\Windows\system32\NOTEPAD.EXE;C:\Windows\system32\NOTEPAD.EXE","0","11,15","11,15","5,81","540","2","0","0","0","0","3139,84","2859,71","0","0","False","C:\Users\julio\Desktop\TFM\05_LOGS\BENCHMARKS\TFM_BENCH_BASELINE_NO_VR_20260618_174022\samples.csv"
"TFM_BENCH_BASELINE_NO_VR_20260618_174022","BASELINE_NO_VR","2026-06-18T17:43:51.7452363+02:00","178,52","Velociraptor","Stopped","2","8732;8860","notepad.exe;notepad.exe","C:\Windows\system32\NOTEPAD.EXE;C:\Windows\system32\NOTEPAD.EXE","0","11,15","11,15","5,81","540","2","0","0","0","0","3139,78","2859,77","0","0","False","C:\Users\julio\Desktop\TFM\05_LOGS\BENCHMARKS\TFM_BENCH_BASELINE_NO_VR_20260618_174022\samples.csv"
"TFM_BENCH_VR_IDLE_20260618_180611","VR_IDLE","2026-06-18T18:07:11.2717066+02:00","0","Velociraptor","Stopped","3","8732;8860;13880","notepad.exe;notepad.exe;velociraptor-v0.75.6-windows-amd64.exe","C:\Windows\system32\NOTEPAD.EXE;C:\Windows\system32\NOTEPAD.EXE;","0","139,49","139,49","103,51","850","19","0","0","0","0","3649,35","2350,2","0","0","False","C:\Users\julio\Desktop\TFM\05_LOGS\BENCHMARKS\TFM_BENCH_VR_IDLE_20260618_180611\samples.csv"
"TFM_BENCH_VR_IDLE_20260618_180611","VR_IDLE","2026-06-18T18:07:13.4717612+02:00","2,2","Velociraptor","Stopped","3","8732;8860;13880","notepad.exe;notepad.exe;velociraptor-v0.75.6-windows-amd64.exe","C:\Windows\system32\NOTEPAD.EXE;C:\Windows\system32\NOTEPAD.EXE;","0","135,77","135,77","99,56","850","19","0","0","0","0","3644,91","2354,64","0","0","False","C:\Users\julio\Desktop\TFM\05_LOGS\BENCHMARKS\TFM_BENCH_VR_IDLE_20260618_180611\samples.csv"
"TFM_BENCH_VR_IDLE_20260618_180611","VR_IDLE","2026-06-18T18:07:15.6430091+02:00","4,37","Velociraptor","Stopped","3","8732;8860;13880","notepad.exe;notepad.exe;velociraptor-v0.75.6-windows-amd64.exe","C:\Windows\system32\NOTEPAD.EXE;C:\Windows\system32\NOTEPAD.EXE;","0,36","135,77","135,77","99,58","850","19","0","0","0","0","3641,35","2358,2","0","0","False","C:\Users\julio\Desktop\TFM\05_LOGS\BENCHMARKS\TFM_BENCH_VR_IDLE_20260618_180611\samples.csv"
"TFM_BENCH_VR_IDLE_20260618_180611","VR_IDLE","2026-06-18T18:07:17.8311262+02:00","6,56","Velociraptor","Stopped","3","8732;8860;13880","notepad.exe;notepad.exe;velociraptor-v0.75.6-windows-amd64.exe","C:\Windows\system32\NOTEPAD.EXE;C:\Windows\system32\NOTEPAD.EXE;","0,36","138,75","138,75","102,74","850","19","0","0","0","0","3644,41","2355,14","0","0","False","C:\Users\julio\Desktop\TFM\05_LOGS\BENCHMARKS\TFM_BENCH_VR_IDLE_20260618_180611\samples.csv"
"TFM_BENCH_VR_IDLE_20260618_180611","VR_IDLE","2026-06-18T18:07:20.0215507+02:00","8,75","Velociraptor","Stopped","3","8732;8860;13880","notepad.exe;notepad.exe;velociraptor-v0.75.6-windows-amd64.exe","C:\Windows\system32\NOTEPAD.EXE;C:\Windows\system32\NOTEPAD.EXE;","7,67","161,29","161,29","127,77","850","19","0","0","0","0","3665,16","2334,39","0","0","False","C:\Users\julio\Desktop\TFM\05_LOGS\BENCHMARKS\TFM_BENCH_VR_IDLE_20260618_180611\samples.csv"
"TFM_BENCH_VR_IDLE_20260618_180611","VR_IDLE","2026-06-18T18:07:22.2253525+02:00","10,95","Velociraptor","Stopped","3","8732;8860;13880","notepad.exe;notepad.exe;velociraptor-v0.75.6-windows-amd64.exe","C:\Windows\system32\NOTEPAD.EXE;C:\Windows\system32\NOTEPAD.EXE;","0,18","135,11","135,11","100,95","850","19","0","0","0","0","3641,56","2357,99","0","0","False","C:\Users\julio\Desktop\TFM\05_LOGS\BENCHMARKS\TFM_BENCH_VR_IDLE_20260618_180611\samples.csv"
"TFM_BENCH_VR_IDLE_20260618_180611","VR_IDLE","2026-06-18T18:07:24.4291307+02:00","13,16","Velociraptor","Stopped","3","8732;8860;13880","notepad.exe;notepad.exe;velociraptor-v0.75.6-windows-amd64.exe","C:\Windows\system32\NOTEPAD.EXE;C:\Windows\system32\NOTEPAD.EXE;","0","135,11","135,11","100,95","850","19","0","0","0","0","3643,9","2355,65","0","0","False","C:\Users\julio\Desktop\TFM\05_LOGS\BENCHMARKS\TFM_BENCH_VR_IDLE_20260618_180611\samples.csv"
"TFM_BENCH_VR_IDLE_20260618_180611","VR_IDLE","2026-06-18T18:07:26.6443000+02:00","15,37","Velociraptor","Stopped","3","8732;8860;13880","notepad.exe;notepad.exe;velociraptor-v0.75.6-windows-amd64.exe","C:\Windows\system32\NOTEPAD.EXE;C:\Windows\system32\NOTEPAD.EXE;","0,18","135,11","135,11","100,95","850","19","0","0","0","0","3637,45","2362,1","0","0","False","C:\Users\julio\Desktop\TFM\05_LOGS\BENCHMARKS\TFM_BENCH_VR_IDLE_20260618_180611\samples.csv"
"TFM_BENCH_VR_IDLE_20260618_180611","VR_IDLE","2026-06-18T18:07:28.8367290+02:00","17,57","Velociraptor","Stopped","3","8732;8860;13880","notepad.exe;notepad.exe;velociraptor-v0.75.6-windows-amd64.exe","C:\Windows\system32\NOTEPAD.EXE;C:\Windows\system32\NOTEPAD.EXE;","0","135,19","135,19","101,06","850","19","0","0","0","0","3637,87","2361,68","0","0","False","C:\Users\julio\Desktop\TFM\05_LOGS\BENCHMARKS\TFM_BENCH_VR_IDLE_20260618_180611\samples.csv"
"TFM_BENCH_VR_IDLE_20260618_180611","VR_IDLE","2026-06-18T18:07:31.0198207+02:00","19,75","Velociraptor","Stopped","3","8732;8860;13880","notepad.exe;notepad.exe;velociraptor-v0.75.6-windows-amd64.exe","C:\Windows\system32\NOTEPAD.EXE;C:\Windows\system32\NOTEPAD.EXE;","0,18","135,22","135,22","101,01","848","18","0","0","0","0","3635,66","2363,89","0","0","False","C:\Users\julio\Desktop\TFM\05_LOGS\BENCHMARKS\TFM_BENCH_VR_IDLE_20260618_180611\samples.csv"
"TFM_BENCH_VR_IDLE_20260618_180611","VR_IDLE","2026-06-18T18:07:33.2435840+02:00","21,97","Velociraptor","Stopped","3","8732;8860;13880","notepad.exe;notepad.exe;velociraptor-v0.75.6-windows-amd64.exe","C:\Windows\system32\NOTEPAD.EXE;C:\Windows\system32\NOTEPAD.EXE;","0,35","135,03","135,03","99,78","848","18","0","0","0","0","3640","2359,55","0","0","False","C:\Users\julio\Desktop\TFM\05_LOGS\BENCHMARKS\TFM_BENCH_VR_IDLE_20260618_180611\samples.csv"
"TFM_BENCH_VR_IDLE_20260618_180611","VR_IDLE","2026-06-18T18:07:35.4370017+02:00","24,17","Velociraptor","Stopped","3","8732;8860;13880","notepad.exe;notepad.exe;velociraptor-v0.75.6-windows-amd64.exe","C:\Windows\system32\NOTEPAD.EXE;C:\Windows\system32\NOTEPAD.EXE;","12,29","165,77","165,77","130,37","848","18","0","0","0","0","3671,38","2328,17","0","0","False","C:\Users\julio\Desktop\TFM\05_LOGS\BENCHMARKS\TFM_BENCH_VR_IDLE_20260618_180611\samples.csv"
"TFM_BENCH_VR_IDLE_20260618_180611","VR_IDLE","2026-06-18T18:07:37.6222516+02:00","26,35","Velociraptor","Stopped","3","8732;8860;13880","notepad.exe;notepad.exe;velociraptor-v0.75.6-windows-amd64.exe","C:\Windows\system32\NOTEPAD.EXE;C:\Windows\system32\NOTEPAD.EXE;","0,36","165,77","165,77","130,37","848","18","0","0","0","0","3671,81","2327,74","0","0","False","C:\Users\julio\Desktop\TFM\05_LOGS\BENCHMARKS\TFM_BENCH_VR_IDLE_20260618_180611\samples.csv"
"TFM_BENCH_VR_IDLE_20260618_180611","VR_IDLE","2026-06-18T18:07:39.8188977+02:00","28,55","Velociraptor","Stopped","3","8732;8860;13880","notepad.exe;notepad.exe;velociraptor-v0.75.6-windows-amd64.exe","C:\Windows\system32\NOTEPAD.EXE;C:\Windows\system32\NOTEPAD.EXE;","0","165,77","165,77","130,37","848","18","0","0","0","0","3671,29","2328,26","0","0","False","C:\Users\julio\Desktop\TFM\05_LOGS\BENCHMARKS\TFM_BENCH_VR_IDLE_20260618_180611\samples.csv"
"TFM_BENCH_VR_IDLE_20260618_180611","VR_IDLE","2026-06-18T18:07:42.0094029+02:00","30,74","Velociraptor","Stopped","3","8732;8860;13880","notepad.exe;notepad.exe;velociraptor-v0.75.6-windows-amd64.exe","C:\Windows\system32\NOTEPAD.EXE;C:\Windows\system32\NOTEPAD.EXE;","0","136,16","136,16","100,76","848","18","0","0","0","0","3641,79","2357,76","0","0","False","C:\Users\julio\Desktop\TFM\05_LOGS\BENCHMARKS\TFM_BENCH_VR_IDLE_20260618_180611\samples.csv"
"TFM_BENCH_VR_IDLE_20260618_180611","VR_IDLE","2026-06-18T18:07:44.1916130+02:00","32,92","Velociraptor","Stopped","3","8732;8860;13880","notepad.exe;notepad.exe;velociraptor-v0.75.6-windows-amd64.exe","C:\Windows\system32\NOTEPAD.EXE;C:\Windows\system32\NOTEPAD.EXE;","0","136,2","136,2","100,79","848","18","0","0","0","0","3636,32","2363,23","0","0","False","C:\Users\julio\Desktop\TFM\05_LOGS\BENCHMARKS\TFM_BENCH_VR_IDLE_20260618_180611\samples.csv"
"TFM_BENCH_VR_IDLE_20260618_180611","VR_IDLE","2026-06-18T18:07:46.3830261+02:00","35,11","Velociraptor","Stopped","3","8732;8860;13880","notepad.exe;notepad.exe;velociraptor-v0.75.6-windows-amd64.exe","C:\Windows\system32\NOTEPAD.EXE;C:\Windows\system32\NOTEPAD.EXE;","0","136,2","136,2","100,79","848","18","0","0","0","0","3642,25","2357,3","0","0","False","C:\Users\julio\Desktop\TFM\05_LOGS\BENCHMARKS\TFM_BENCH_VR_IDLE_20260618_180611\samples.csv"
"TFM_BENCH_VR_IDLE_20260618_180611","VR_IDLE","2026-06-18T18:07:48.5568398+02:00","37,29","Velociraptor","Stopped","3","8732;8860;13880","notepad.exe;notepad.exe;velociraptor-v0.75.6-windows-amd64.exe","C:\Windows\system32\NOTEPAD.EXE;C:\Windows\system32\NOTEPAD.EXE;","0,18","136,22","136,22","100,79","848","18","0","0","0","0","3645,7","2353,85","0","0","False","C:\Users\julio\Desktop\TFM\05_LOGS\BENCHMARKS\TFM_BENCH_VR_IDLE_20260618_180611\samples.csv"
"TFM_BENCH_VR_IDLE_20260618_180611","VR_IDLE","2026-06-18T18:07:50.7569621+02:00","39,49","Velociraptor","Stopped","3","8732;8860;13880","notepad.exe;notepad.exe;velociraptor-v0.75.6-windows-amd64.exe","C:\Windows\system32\NOTEPAD.EXE;C:\Windows\system32\NOTEPAD.EXE;","12,78","159,98","159,98","124,81","848","18","0","0","0","0","3665,73","2333,82","0","0","False","C:\Users\julio\Desktop\TFM\05_LOGS\BENCHMARKS\TFM_BENCH_VR_IDLE_20260618_180611\samples.csv"
"TFM_BENCH_VR_IDLE_20260618_180611","VR_IDLE","2026-06-18T18:07:52.9396675+02:00","41,67","Velociraptor","Stopped","3","8732;8860;13880","notepad.exe;notepad.exe;velociraptor-v0.75.6-windows-amd64.exe","C:\Windows\system32\NOTEPAD.EXE;C:\Windows\system32\NOTEPAD.EXE;","0,72","135,41","135,41","100,22","848","18","0","0","0","0","3642,82","2356,73","0","0","False","C:\Users\julio\Desktop\TFM\05_LOGS\BENCHMARKS\TFM_BENCH_VR_IDLE_20260618_180611\samples.csv"
"TFM_BENCH_VR_IDLE_20260618_180611","VR_IDLE","2026-06-18T18:07:55.1220027+02:00","43,85","Velociraptor","Stopped","3","8732;8860;13880","notepad.exe;notepad.exe;velociraptor-v0.75.6-windows-amd64.exe","C:\Windows\system32\NOTEPAD.EXE;C:\Windows\system32\NOTEPAD.EXE;","0","135,41","135,41","100,22","848","18","0","0","0","0","3636,77","2362,78","0","0","False","C:\Users\julio\Desktop\TFM\05_LOGS\BENCHMARKS\TFM_BENCH_VR_IDLE_20260618_180611\samples.csv"
"TFM_BENCH_VR_IDLE_20260618_180611","VR_IDLE","2026-06-18T18:07:57.3189506+02:00","46,05","Velociraptor","Stopped","3","8732;8860;13880","notepad.exe;notepad.exe;velociraptor-v0.75.6-windows-amd64.exe","C:\Windows\system32\NOTEPAD.EXE;C:\Windows\system32\NOTEPAD.EXE;","0,18","135,59","135,59","100,44","848","18","0","0","0","0","3643,52","2356,03","0","0","False","C:\Users\julio\Desktop\TFM\05_LOGS\BENCHMARKS\TFM_BENCH_VR_IDLE_20260618_180611\samples.csv"
"TFM_BENCH_VR_IDLE_20260618_180611","VR_IDLE","2026-06-18T18:07:59.4995020+02:00","48,23","Velociraptor","Stopped","3","8732;8860;13880","notepad.exe;notepad.exe;velociraptor-v0.75.6-windows-amd64.exe","C:\Windows\system32\NOTEPAD.EXE;C:\Windows\system32\NOTEPAD.EXE;","0","135,6","135,6","100,47","848","18","0","0","0","0","3642,1","2357,45","0","0","False","C:\Users\julio\Desktop\TFM\05_LOGS\BENCHMARKS\TFM_BENCH_VR_IDLE_20260618_180611\samples.csv"
"TFM_BENCH_VR_IDLE_20260618_180611","VR_IDLE","2026-06-18T18:08:01.6958677+02:00","50,42","Velociraptor","Stopped","3","8732;8860;13880","notepad.exe;notepad.exe;velociraptor-v0.75.6-windows-amd64.exe","C:\Windows\system32\NOTEPAD.EXE;C:\Windows\system32\NOTEPAD.EXE;","0,18","135,23","135,23","100,05","848","18","0","0","0","0","3641,46","2358,09","0","0","False","C:\Users\julio\Desktop\TFM\05_LOGS\BENCHMARKS\TFM_BENCH_VR_IDLE_20260618_180611\samples.csv"
"TFM_BENCH_VR_IDLE_20260618_180611","VR_IDLE","2026-06-18T18:08:03.8919871+02:00","52,62","Velociraptor","Stopped","3","8732;8860;13880","notepad.exe;notepad.exe;velociraptor-v0.75.6-windows-amd64.exe","C:\Windows\system32\NOTEPAD.EXE;C:\Windows\system32\NOTEPAD.EXE;","0,18","135,39","135,39","100,31","848","18","0","0","0","0","3645,83","2353,72","0","0","False","C:\Users\julio\Desktop\TFM\05_LOGS\BENCHMARKS\TFM_BENCH_VR_IDLE_20260618_180611\samples.csv"
"TFM_BENCH_VR_IDLE_20260618_180611","VR_IDLE","2026-06-18T18:08:06.0914645+02:00","54,82","Velociraptor","Stopped","3","8732;8860;13880","notepad.exe;notepad.exe;velociraptor-v0.75.6-windows-amd64.exe","C:\Windows\system32\NOTEPAD.EXE;C:\Windows\system32\NOTEPAD.EXE;","11,72","166,76","166,76","131,59","844","17","0","0","0","0","3670,73","2328,82","0","0","False","C:\Users\julio\Desktop\TFM\05_LOGS\BENCHMARKS\TFM_BENCH_VR_IDLE_20260618_180611\samples.csv"
"TFM_BENCH_VR_IDLE_20260618_180611","VR_IDLE","2026-06-18T18:08:08.2876433+02:00","57,02","Velociraptor","Stopped","3","8732;8860;13880","notepad.exe;notepad.exe;velociraptor-v0.75.6-windows-amd64.exe","C:\Windows\system32\NOTEPAD.EXE;C:\Windows\system32\NOTEPAD.EXE;","0,53","167,1","167,1","134,85","845","17","0","0","0","0","3687,37","2312,18","0","0","False","C:\Users\julio\Desktop\TFM\05_LOGS\BENCHMARKS\TFM_BENCH_VR_IDLE_20260618_180611\samples.csv"
"TFM_BENCH_VR_IDLE_20260618_180611","VR_IDLE","2026-06-18T18:08:10.4890234+02:00","59,22","Velociraptor","Stopped","3","8732;8860;13880","notepad.exe;notepad.exe;velociraptor-v0.75.6-windows-amd64.exe","C:\Windows\system32\NOTEPAD.EXE;C:\Windows\system32\NOTEPAD.EXE;","0","167,1","167,1","134,85","845","17","0","0","0","0","3680,57","2318,98","0","0","False","C:\Users\julio\Desktop\TFM\05_LOGS\BENCHMARKS\TFM_BENCH_VR_IDLE_20260618_180611\samples.csv"
"TFM_BENCH_VR_IDLE_20260618_180611","VR_IDLE","2026-06-18T18:08:12.7308232+02:00","61,46","Velociraptor","Stopped","3","8732;8860;13880","notepad.exe;notepad.exe;velociraptor-v0.75.6-windows-amd64.exe","C:\Windows\system32\NOTEPAD.EXE;C:\Windows\system32\NOTEPAD.EXE;","0,35","136,9","136,9","103,6","841","15","0","0","0","0","3656,8","2342,75","0","0","False","C:\Users\julio\Desktop\TFM\05_LOGS\BENCHMARKS\TFM_BENCH_VR_IDLE_20260618_180611\samples.csv"
"TFM_BENCH_VR_IDLE_20260618_180611","VR_IDLE","2026-06-18T18:08:14.9143983+02:00","63,64","Velociraptor","Stopped","3","8732;8860;13880","notepad.exe;notepad.exe;velociraptor-v0.75.6-windows-amd64.exe","C:\Windows\system32\NOTEPAD.EXE;C:\Windows\system32\NOTEPAD.EXE;","0","136,9","136,9","103,6","841","15","0","0","0","0","3646,67","2352,88","0","0","False","C:\Users\julio\Desktop\TFM\05_LOGS\BENCHMARKS\TFM_BENCH_VR_IDLE_20260618_180611\samples.csv"
"TFM_BENCH_VR_IDLE_20260618_180611","VR_IDLE","2026-06-18T18:08:17.1677582+02:00","65,9","Velociraptor","Stopped","3","8732;8860;13880","notepad.exe;notepad.exe;velociraptor-v0.75.6-windows-amd64.exe","C:\Windows\system32\NOTEPAD.EXE;C:\Windows\system32\NOTEPAD.EXE;","0,17","136,98","136,98","103,7","841","15","0","0","0","0","3652,38","2347,17","0","0","False","C:\Users\julio\Desktop\TFM\05_LOGS\BENCHMARKS\TFM_BENCH_VR_IDLE_20260618_180611\samples.csv"
"TFM_BENCH_VR_IDLE_20260618_180611","VR_IDLE","2026-06-18T18:08:19.3658999+02:00","68,09","Velociraptor","Stopped","3","8732;8860;13880","notepad.exe;notepad.exe;velociraptor-v0.75.6-windows-amd64.exe","C:\Windows\system32\NOTEPAD.EXE;C:\Windows\system32\NOTEPAD.EXE;","8,71","164,61","164,61","130,05","842","15","0","0","0","0","3684,85","2314,7","0","0","False","C:\Users\julio\Desktop\TFM\05_LOGS\BENCHMARKS\TFM_BENCH_VR_IDLE_20260618_180611\samples.csv"
"TFM_BENCH_VR_IDLE_20260618_180611","VR_IDLE","2026-06-18T18:08:21.6933000+02:00","70,42","Velociraptor","Stopped","3","8732;8860;13880","notepad.exe;notepad.exe;velociraptor-v0.75.6-windows-amd64.exe","C:\Windows\system32\NOTEPAD.EXE;C:\Windows\system32\NOTEPAD.EXE;","7,72","136,24","136,24","100,9","841","15","0","0","0","0","3646,57","2352,98","0","0","False","C:\Users\julio\Desktop\TFM\05_LOGS\BENCHMARKS\TFM_BENCH_VR_IDLE_20260618_180611\samples.csv"
"TFM_BENCH_VR_IDLE_20260618_180611","VR_IDLE","2026-06-18T18:08:23.9145728+02:00","72,64","Velociraptor","Stopped","3","8732;8860;13880","notepad.exe;notepad.exe;velociraptor-v0.75.6-windows-amd64.exe","C:\Windows\system32\NOTEPAD.EXE;C:\Windows\system32\NOTEPAD.EXE;","0","136,26","136,26","100,92","841","15","0","0","0","0","3652,66","2346,89","0","0","False","C:\Users\julio\Desktop\TFM\05_LOGS\BENCHMARKS\TFM_BENCH_VR_IDLE_20260618_180611\samples.csv"
"TFM_BENCH_VR_IDLE_20260618_180611","VR_IDLE","2026-06-18T18:08:26.1635343+02:00","74,89","Velociraptor","Stopped","3","8732;8860;13880","notepad.exe;notepad.exe;velociraptor-v0.75.6-windows-amd64.exe","C:\Windows\system32\NOTEPAD.EXE;C:\Windows\system32\NOTEPAD.EXE;","0","136,28","136,28","100,95","841","15","0","0","0","0","3651,48","2348,07","0","0","False","C:\Users\julio\Desktop\TFM\05_LOGS\BENCHMARKS\TFM_BENCH_VR_IDLE_20260618_180611\samples.csv"
"TFM_BENCH_VR_IDLE_20260618_180611","VR_IDLE","2026-06-18T18:08:28.4014007+02:00","77,13","Velociraptor","Stopped","3","8732;8860;13880","notepad.exe;notepad.exe;velociraptor-v0.75.6-windows-amd64.exe","C:\Windows\system32\NOTEPAD.EXE;C:\Windows\system32\NOTEPAD.EXE;","0","136,32","136,32","100,99","841","15","0","0","0","0","3653,47","2346,08","0","0","False","C:\Users\julio\Desktop\TFM\05_LOGS\BENCHMARKS\TFM_BENCH_VR_IDLE_20260618_180611\samples.csv"
"TFM_BENCH_VR_IDLE_20260618_180611","VR_IDLE","2026-06-18T18:08:30.6339773+02:00","79,36","Velociraptor","Stopped","3","8732;8860;13880","notepad.exe;notepad.exe;velociraptor-v0.75.6-windows-amd64.exe","C:\Windows\system32\NOTEPAD.EXE;C:\Windows\system32\NOTEPAD.EXE;","0,17","136,36","136,36","101,05","841","15","0","0","0","0","3650,23","2349,32","0","0","False","C:\Users\julio\Desktop\TFM\05_LOGS\BENCHMARKS\TFM_BENCH_VR_IDLE_20260618_180611\samples.csv"
"TFM_BENCH_VR_IDLE_20260618_180611","VR_IDLE","2026-06-18T18:08:32.8686694+02:00","81,6","Velociraptor","Stopped","3","8732;8860;13880","notepad.exe;notepad.exe;velociraptor-v0.75.6-windows-amd64.exe","C:\Windows\system32\NOTEPAD.EXE;C:\Windows\system32\NOTEPAD.EXE;","0","135,98","135,98","100,62","841","15","0","0","0","0","3652,22","2347,33","0","0","False","C:\Users\julio\Desktop\TFM\05_LOGS\BENCHMARKS\TFM_BENCH_VR_IDLE_20260618_180611\samples.csv"
"TFM_BENCH_VR_IDLE_20260618_180611","VR_IDLE","2026-06-18T18:08:35.0826975+02:00","83,81","Velociraptor","Stopped","3","8732;8860;13880","notepad.exe;notepad.exe;velociraptor-v0.75.6-windows-amd64.exe","C:\Windows\system32\NOTEPAD.EXE;C:\Windows\system32\NOTEPAD.EXE;","10,76","164,97","164,97","129,62","841","15","0","0","0","0","3685,39","2314,16","0","0","False","C:\Users\julio\Desktop\TFM\05_LOGS\BENCHMARKS\TFM_BENCH_VR_IDLE_20260618_180611\samples.csv"
"TFM_BENCH_VR_IDLE_20260618_180611","VR_IDLE","2026-06-18T18:08:37.3159022+02:00","86,04","Velociraptor","Stopped","3","8732;8860;13880","notepad.exe;notepad.exe;velociraptor-v0.75.6-windows-amd64.exe","C:\Windows\system32\NOTEPAD.EXE;C:\Windows\system32\NOTEPAD.EXE;","0,17","164,97","164,97","129,62","841","15","0","0","0","0","3683,03","2316,52","0","0","False","C:\Users\julio\Desktop\TFM\05_LOGS\BENCHMARKS\TFM_BENCH_VR_IDLE_20260618_180611\samples.csv"
"TFM_BENCH_VR_IDLE_20260618_180611","VR_IDLE","2026-06-18T18:08:39.5167741+02:00","88,25","Velociraptor","Stopped","3","8732;8860;13880","notepad.exe;notepad.exe;velociraptor-v0.75.6-windows-amd64.exe","C:\Windows\system32\NOTEPAD.EXE;C:\Windows\system32\NOTEPAD.EXE;","0","164,97","164,97","129,62","841","15","0","0","0","0","3680,77","2318,78","0","0","False","C:\Users\julio\Desktop\TFM\05_LOGS\BENCHMARKS\TFM_BENCH_VR_IDLE_20260618_180611\samples.csv"
"TFM_BENCH_VR_IDLE_20260618_180611","VR_IDLE","2026-06-18T18:08:41.7207991+02:00","90,45","Velociraptor","Stopped","3","8732;8860;13880","notepad.exe;notepad.exe;velociraptor-v0.75.6-windows-amd64.exe","C:\Windows\system32\NOTEPAD.EXE;C:\Windows\system32\NOTEPAD.EXE;","0,53","136,41","136,41","101,04","841","15","0","0","0","0","3648,55","2351","0","0","False","C:\Users\julio\Desktop\TFM\05_LOGS\BENCHMARKS\TFM_BENCH_VR_IDLE_20260618_180611\samples.csv"
"TFM_BENCH_VR_IDLE_20260618_180611","VR_IDLE","2026-06-18T18:08:43.9711481+02:00","92,7","Velociraptor","Stopped","3","8732;8860;13880","notepad.exe;notepad.exe;velociraptor-v0.75.6-windows-amd64.exe","C:\Windows\system32\NOTEPAD.EXE;C:\Windows\system32\NOTEPAD.EXE;","0","136,43","136,43","101,06","841","15","0","0","0","0","3648,44","2351,11","0","0","False","C:\Users\julio\Desktop\TFM\05_LOGS\BENCHMARKS\TFM_BENCH_VR_IDLE_20260618_180611\samples.csv"
"TFM_BENCH_VR_IDLE_20260618_180611","VR_IDLE","2026-06-18T18:08:46.1884947+02:00","94,92","Velociraptor","Stopped","3","8732;8860;13880","notepad.exe;notepad.exe;velociraptor-v0.75.6-windows-amd64.exe","C:\Windows\system32\NOTEPAD.EXE;C:\Windows\system32\NOTEPAD.EXE;","0","136,43","136,43","101,06","841","15","0","0","0","0","3654,72","2344,83","0","0","False","C:\Users\julio\Desktop\TFM\05_LOGS\BENCHMARKS\TFM_BENCH_VR_IDLE_20260618_180611\samples.csv"
"TFM_BENCH_VR_IDLE_20260618_180611","VR_IDLE","2026-06-18T18:08:48.3877479+02:00","97,12","Velociraptor","Stopped","3","8732;8860;13880","notepad.exe;notepad.exe;velociraptor-v0.75.6-windows-amd64.exe","C:\Windows\system32\NOTEPAD.EXE;C:\Windows\system32\NOTEPAD.EXE;","0,18","139,69","139,69","104,34","841","15","0","0","0","0","3650,32","2349,23","0","0","False","C:\Users\julio\Desktop\TFM\05_LOGS\BENCHMARKS\TFM_BENCH_VR_IDLE_20260618_180611\samples.csv"
"TFM_BENCH_VR_IDLE_20260618_180611","VR_IDLE","2026-06-18T18:08:50.5935527+02:00","99,32","Velociraptor","Stopped","3","8732;8860;13880","notepad.exe;notepad.exe;velociraptor-v0.75.6-windows-amd64.exe","C:\Windows\system32\NOTEPAD.EXE;C:\Windows\system32\NOTEPAD.EXE;","0,18","139,75","139,75","104,44","841","15","0","0","0","0","3650,8","2348,75","0","0","False","C:\Users\julio\Desktop\TFM\05_LOGS\BENCHMARKS\TFM_BENCH_VR_IDLE_20260618_180611\samples.csv"
"TFM_BENCH_VR_IDLE_20260618_180611","VR_IDLE","2026-06-18T18:08:52.7828912+02:00","101,51","Velociraptor","Stopped","3","8732;8860;13880","notepad.exe;notepad.exe;velociraptor-v0.75.6-windows-amd64.exe","C:\Windows\system32\NOTEPAD.EXE;C:\Windows\system32\NOTEPAD.EXE;","12,67","166,45","166,45","130,12","841","15","0","0","0","0","3680,32","2319,23","0","0","False","C:\Users\julio\Desktop\TFM\05_LOGS\BENCHMARKS\TFM_BENCH_VR_IDLE_20260618_180611\samples.csv"
"TFM_BENCH_VR_IDLE_20260618_180611","VR_IDLE","2026-06-18T18:08:55.0189006+02:00","103,75","Velociraptor","Stopped","3","8732;8860;13880","notepad.exe;notepad.exe;velociraptor-v0.75.6-windows-amd64.exe","C:\Windows\system32\NOTEPAD.EXE;C:\Windows\system32\NOTEPAD.EXE;","0","166,45","166,45","130,12","841","15","0","0","0","0","3673,33","2326,22","0","0","False","C:\Users\julio\Desktop\TFM\05_LOGS\BENCHMARKS\TFM_BENCH_VR_IDLE_20260618_180611\samples.csv"
"TFM_BENCH_VR_IDLE_20260618_180611","VR_IDLE","2026-06-18T18:08:57.2213012+02:00","105,95","Velociraptor","Stopped","3","8732;8860;13880","notepad.exe;notepad.exe;velociraptor-v0.75.6-windows-amd64.exe","C:\Windows\system32\NOTEPAD.EXE;C:\Windows\system32\NOTEPAD.EXE;","0,18","166,45","166,45","130,12","841","15","0","0","0","0","3671,01","2328,54","0","0","False","C:\Users\julio\Desktop\TFM\05_LOGS\BENCHMARKS\TFM_BENCH_VR_IDLE_20260618_180611\samples.csv"
"TFM_BENCH_VR_IDLE_20260618_180611","VR_IDLE","2026-06-18T18:08:59.4533367+02:00","108,18","Velociraptor","Stopped","3","8732;8860;13880","notepad.exe;notepad.exe;velociraptor-v0.75.6-windows-amd64.exe","C:\Windows\system32\NOTEPAD.EXE;C:\Windows\system32\NOTEPAD.EXE;","0","166,45","166,45","130,12","841","15","0","0","0","0","3664,64","2334,91","0","0","False","C:\Users\julio\Desktop\TFM\05_LOGS\BENCHMARKS\TFM_BENCH_VR_IDLE_20260618_180611\samples.csv"
"TFM_BENCH_VR_IDLE_20260618_180611","VR_IDLE","2026-06-18T18:09:01.6413831+02:00","110,37","Velociraptor","Stopped","3","8732;8860;13880","notepad.exe;notepad.exe;velociraptor-v0.75.6-windows-amd64.exe","C:\Windows\system32\NOTEPAD.EXE;C:\Windows\system32\NOTEPAD.EXE;","0,36","137,36","137,36","101","841","15","0","0","0","0","3634,73","2364,82","0","0","False","C:\Users\julio\Desktop\TFM\05_LOGS\BENCHMARKS\TFM_BENCH_VR_IDLE_20260618_180611\samples.csv"
"TFM_BENCH_VR_IDLE_20260618_180611","VR_IDLE","2026-06-18T18:09:03.8431476+02:00","112,57","Velociraptor","Stopped","3","8732;8860;13880","notepad.exe;notepad.exe;velociraptor-v0.75.6-windows-amd64.exe","C:\Windows\system32\NOTEPAD.EXE;C:\Windows\system32\NOTEPAD.EXE;","0","137,36","137,36","101","841","15","0","0","0","0","3633,17","2366,38","0","0","False","C:\Users\julio\Desktop\TFM\05_LOGS\BENCHMARKS\TFM_BENCH_VR_IDLE_20260618_180611\samples.csv"
"TFM_BENCH_VR_IDLE_20260618_180611","VR_IDLE","2026-06-18T18:09:06.0410224+02:00","114,77","Velociraptor","Stopped","3","8732;8860;13880","notepad.exe;notepad.exe;velociraptor-v0.75.6-windows-amd64.exe","C:\Windows\system32\NOTEPAD.EXE;C:\Windows\system32\NOTEPAD.EXE;","0,18","137,56","137,56","101,24","841","15","0","0","0","0","3629,09","2370,46","0","0","False","C:\Users\julio\Desktop\TFM\05_LOGS\BENCHMARKS\TFM_BENCH_VR_IDLE_20260618_180611\samples.csv"
"TFM_BENCH_VR_IDLE_20260618_180611","VR_IDLE","2026-06-18T18:09:08.2504463+02:00","116,98","Velociraptor","Stopped","3","8732;8860;13880","notepad.exe;notepad.exe;velociraptor-v0.75.6-windows-amd64.exe","C:\Windows\system32\NOTEPAD.EXE;C:\Windows\system32\NOTEPAD.EXE;","11,85","167,65","167,65","131,31","841","15","0","0","0","0","3661,04","2338,51","0","0","False","C:\Users\julio\Desktop\TFM\05_LOGS\BENCHMARKS\TFM_BENCH_VR_IDLE_20260618_180611\samples.csv"
"TFM_BENCH_VR_IDLE_20260618_180611","VR_IDLE","2026-06-18T18:09:10.4641897+02:00","119,19","Velociraptor","Stopped","3","8732;8860;13880","notepad.exe;notepad.exe;velociraptor-v0.75.6-windows-amd64.exe","C:\Windows\system32\NOTEPAD.EXE;C:\Windows\system32\NOTEPAD.EXE;","0","167,65","167,65","131,31","841","15","0","0","0","0","3659,17","2340,38","0","0","False","C:\Users\julio\Desktop\TFM\05_LOGS\BENCHMARKS\TFM_BENCH_VR_IDLE_20260618_180611\samples.csv"
"TFM_BENCH_VR_IDLE_20260618_180611","VR_IDLE","2026-06-18T18:09:12.6644531+02:00","121,39","Velociraptor","Stopped","3","8732;8860;13880","notepad.exe;notepad.exe;velociraptor-v0.75.6-windows-amd64.exe","C:\Windows\system32\NOTEPAD.EXE;C:\Windows\system32\NOTEPAD.EXE;","0","137,16","137,16","100,79","841","15","0","0","0","0","3626,12","2373,43","0","0","False","C:\Users\julio\Desktop\TFM\05_LOGS\BENCHMARKS\TFM_BENCH_VR_IDLE_20260618_180611\samples.csv"
"TFM_BENCH_VR_IDLE_20260618_180611","VR_IDLE","2026-06-18T18:09:14.8659888+02:00","123,59","Velociraptor","Stopped","3","8732;8860;13880","notepad.exe;notepad.exe;velociraptor-v0.75.6-windows-amd64.exe","C:\Windows\system32\NOTEPAD.EXE;C:\Windows\system32\NOTEPAD.EXE;","0","137,16","137,16","100,79","841","15","0","0","0","0","3624,51","2375,04","0","0","False","C:\Users\julio\Desktop\TFM\05_LOGS\BENCHMARKS\TFM_BENCH_VR_IDLE_20260618_180611\samples.csv"
"TFM_BENCH_VR_IDLE_20260618_180611","VR_IDLE","2026-06-18T18:09:17.0844166+02:00","125,81","Velociraptor","Stopped","3","8732;8860;13880","notepad.exe;notepad.exe;velociraptor-v0.75.6-windows-amd64.exe","C:\Windows\system32\NOTEPAD.EXE;C:\Windows\system32\NOTEPAD.EXE;","0,53","137,2","137,2","100,83","841","15","0","0","0","0","3625,23","2374,32","0","0","False","C:\Users\julio\Desktop\TFM\05_LOGS\BENCHMARKS\TFM_BENCH_VR_IDLE_20260618_180611\samples.csv"
"TFM_BENCH_VR_IDLE_20260618_180611","VR_IDLE","2026-06-18T18:09:19.2868743+02:00","128,02","Velociraptor","Stopped","3","8732;8860;13880","notepad.exe;notepad.exe;velociraptor-v0.75.6-windows-amd64.exe","C:\Windows\system32\NOTEPAD.EXE;C:\Windows\system32\NOTEPAD.EXE;","0,71","139,79","139,79","103,61","841","15","0","0","0","0","3625,48","2374,07","0","0","False","C:\Users\julio\Desktop\TFM\05_LOGS\BENCHMARKS\TFM_BENCH_VR_IDLE_20260618_180611\samples.csv"
"TFM_BENCH_VR_IDLE_20260618_180611","VR_IDLE","2026-06-18T18:09:21.4889773+02:00","130,22","Velociraptor","Stopped","3","8732;8860;13880","notepad.exe;notepad.exe;velociraptor-v0.75.6-windows-amd64.exe","C:\Windows\system32\NOTEPAD.EXE;C:\Windows\system32\NOTEPAD.EXE;","10,29","167,62","167,62","131,28","841","15","0","0","0","0","3625,61","2373,94","0","0","False","C:\Users\julio\Desktop\TFM\05_LOGS\BENCHMARKS\TFM_BENCH_VR_IDLE_20260618_180611\samples.csv"
"TFM_BENCH_VR_IDLE_20260618_180611","VR_IDLE","2026-06-18T18:09:23.7041224+02:00","132,43","Velociraptor","Stopped","3","8732;8860;13880","notepad.exe;notepad.exe;velociraptor-v0.75.6-windows-amd64.exe","C:\Windows\system32\NOTEPAD.EXE;C:\Windows\system32\NOTEPAD.EXE;","0","136,85","136,85","100,47","841","15","0","0","0","0","3627,28","2372,27","0","0","False","C:\Users\julio\Desktop\TFM\05_LOGS\BENCHMARKS\TFM_BENCH_VR_IDLE_20260618_180611\samples.csv"
"TFM_BENCH_VR_IDLE_20260618_180611","VR_IDLE","2026-06-18T18:09:25.9211647+02:00","134,65","Velociraptor","Stopped","3","8732;8860;13880","notepad.exe;notepad.exe;velociraptor-v0.75.6-windows-amd64.exe","C:\Windows\system32\NOTEPAD.EXE;C:\Windows\system32\NOTEPAD.EXE;","0","136,85","136,85","100,49","841","15","0","0","0","0","3625,55","2374","0","0","False","C:\Users\julio\Desktop\TFM\05_LOGS\BENCHMARKS\TFM_BENCH_VR_IDLE_20260618_180611\samples.csv"
"TFM_BENCH_VR_IDLE_20260618_180611","VR_IDLE","2026-06-18T18:09:28.1343905+02:00","136,86","Velociraptor","Stopped","3","8732;8860;13880","notepad.exe;notepad.exe;velociraptor-v0.75.6-windows-amd64.exe","C:\Windows\system32\NOTEPAD.EXE;C:\Windows\system32\NOTEPAD.EXE;","0","136,95","136,95","100,62","841","15","0","0","0","0","3625,69","2373,86","0","0","False","C:\Users\julio\Desktop\TFM\05_LOGS\BENCHMARKS\TFM_BENCH_VR_IDLE_20260618_180611\samples.csv"
"TFM_BENCH_VR_IDLE_20260618_180611","VR_IDLE","2026-06-18T18:09:30.3551000+02:00","139,08","Velociraptor","Stopped","3","8732;8860;13880","notepad.exe;notepad.exe;velociraptor-v0.75.6-windows-amd64.exe","C:\Windows\system32\NOTEPAD.EXE;C:\Windows\system32\NOTEPAD.EXE;","0","136,95","136,95","100,62","841","15","0","0","0","0","3625,58","2373,97","0","0","False","C:\Users\julio\Desktop\TFM\05_LOGS\BENCHMARKS\TFM_BENCH_VR_IDLE_20260618_180611\samples.csv"
"TFM_BENCH_VR_IDLE_20260618_180611","VR_IDLE","2026-06-18T18:09:32.5180228+02:00","141,25","Velociraptor","Stopped","3","8732;8860;13880","notepad.exe;notepad.exe;velociraptor-v0.75.6-windows-amd64.exe","C:\Windows\system32\NOTEPAD.EXE;C:\Windows\system32\NOTEPAD.EXE;","0","136,78","136,78","100,41","841","15","0","0","0","0","3620,75","2378,8","0","0","False","C:\Users\julio\Desktop\TFM\05_LOGS\BENCHMARKS\TFM_BENCH_VR_IDLE_20260618_180611\samples.csv"
"TFM_BENCH_VR_IDLE_20260618_180611","VR_IDLE","2026-06-18T18:09:34.7427328+02:00","143,47","Velociraptor","Stopped","3","8732;8860;13880","notepad.exe;notepad.exe;velociraptor-v0.75.6-windows-amd64.exe","C:\Windows\system32\NOTEPAD.EXE;C:\Windows\system32\NOTEPAD.EXE;","0,18","136,79","136,79","100,42","841","15","0","0","0","0","3624,78","2374,77","0","0","False","C:\Users\julio\Desktop\TFM\05_LOGS\BENCHMARKS\TFM_BENCH_VR_IDLE_20260618_180611\samples.csv"
"TFM_BENCH_VR_IDLE_20260618_180611","VR_IDLE","2026-06-18T18:09:36.9492864+02:00","145,68","Velociraptor","Stopped","3","8732;8860;13880","notepad.exe;notepad.exe;velociraptor-v0.75.6-windows-amd64.exe","C:\Windows\system32\NOTEPAD.EXE;C:\Windows\system32\NOTEPAD.EXE;","0","137,06","137,06","100,71","841","15","0","0","0","0","3625,79","2373,76","0","0","False","C:\Users\julio\Desktop\TFM\05_LOGS\BENCHMARKS\TFM_BENCH_VR_IDLE_20260618_180611\samples.csv"
"TFM_BENCH_VR_IDLE_20260618_180611","VR_IDLE","2026-06-18T18:09:39.1473696+02:00","147,88","Velociraptor","Stopped","3","8732;8860;13880","notepad.exe;notepad.exe;velociraptor-v0.75.6-windows-amd64.exe","C:\Windows\system32\NOTEPAD.EXE;C:\Windows\system32\NOTEPAD.EXE;","9,77","164,2","164,2","127,81","841","15","0","0","0","0","3653,07","2346,48","0","0","False","C:\Users\julio\Desktop\TFM\05_LOGS\BENCHMARKS\TFM_BENCH_VR_IDLE_20260618_180611\samples.csv"
"TFM_BENCH_VR_IDLE_20260618_180611","VR_IDLE","2026-06-18T18:09:41.3500796+02:00","150,08","Velociraptor","Stopped","3","8732;8860;13880","notepad.exe;notepad.exe;velociraptor-v0.75.6-windows-amd64.exe","C:\Windows\system32\NOTEPAD.EXE;C:\Windows\system32\NOTEPAD.EXE;","0,18","164,2","164,2","127,81","841","15","0","0","0","0","3652,26","2347,29","0","0","False","C:\Users\julio\Desktop\TFM\05_LOGS\BENCHMARKS\TFM_BENCH_VR_IDLE_20260618_180611\samples.csv"
"TFM_BENCH_VR_IDLE_20260618_180611","VR_IDLE","2026-06-18T18:09:43.5546682+02:00","152,28","Velociraptor","Stopped","3","8732;8860;13880","notepad.exe;notepad.exe;velociraptor-v0.75.6-windows-amd64.exe","C:\Windows\system32\NOTEPAD.EXE;C:\Windows\system32\NOTEPAD.EXE;","0,18","137,04","137,04","100,65","841","15","0","0","0","0","3626,42","2373,13","0","0","False","C:\Users\julio\Desktop\TFM\05_LOGS\BENCHMARKS\TFM_BENCH_VR_IDLE_20260618_180611\samples.csv"
"TFM_BENCH_VR_IDLE_20260618_180611","VR_IDLE","2026-06-18T18:09:45.7464766+02:00","154,47","Velociraptor","Stopped","3","8732;8860;13880","notepad.exe;notepad.exe;velociraptor-v0.75.6-windows-amd64.exe","C:\Windows\system32\NOTEPAD.EXE;C:\Windows\system32\NOTEPAD.EXE;","0,18","137,07","137,07","100,68","841","15","0","0","0","0","3624,64","2374,91","0","0","False","C:\Users\julio\Desktop\TFM\05_LOGS\BENCHMARKS\TFM_BENCH_VR_IDLE_20260618_180611\samples.csv"
"TFM_BENCH_VR_IDLE_20260618_180611","VR_IDLE","2026-06-18T18:09:47.9330836+02:00","156,66","Velociraptor","Stopped","3","8732;8860;13880","notepad.exe;notepad.exe;velociraptor-v0.75.6-windows-amd64.exe","C:\Windows\system32\NOTEPAD.EXE;C:\Windows\system32\NOTEPAD.EXE;","0,54","137,15","137,15","100,81","841","15","0","0","0","0","3625,7","2373,85","0","0","False","C:\Users\julio\Desktop\TFM\05_LOGS\BENCHMARKS\TFM_BENCH_VR_IDLE_20260618_180611\samples.csv"
"TFM_BENCH_VR_IDLE_20260618_180611","VR_IDLE","2026-06-18T18:09:50.1389458+02:00","158,87","Velociraptor","Stopped","3","8732;8860;13880","notepad.exe;notepad.exe;velociraptor-v0.75.6-windows-amd64.exe","C:\Windows\system32\NOTEPAD.EXE;C:\Windows\system32\NOTEPAD.EXE;","0,53","137,93","137,93","101,72","841","15","0","0","0","0","3625,41","2374,14","0","0","False","C:\Users\julio\Desktop\TFM\05_LOGS\BENCHMARKS\TFM_BENCH_VR_IDLE_20260618_180611\samples.csv"
"TFM_BENCH_VR_IDLE_20260618_180611","VR_IDLE","2026-06-18T18:09:52.3345941+02:00","161,06","Velociraptor","Stopped","3","8732;8860;13880","notepad.exe;notepad.exe;velociraptor-v0.75.6-windows-amd64.exe","C:\Windows\system32\NOTEPAD.EXE;C:\Windows\system32\NOTEPAD.EXE;","0","136,86","136,86","100,47","841","15","0","0","0","0","3623,62","2375,93","0","0","False","C:\Users\julio\Desktop\TFM\05_LOGS\BENCHMARKS\TFM_BENCH_VR_IDLE_20260618_180611\samples.csv"
"TFM_BENCH_VR_IDLE_20260618_180611","VR_IDLE","2026-06-18T18:09:54.5366851+02:00","163,26","Velociraptor","Stopped","3","8732;8860;13880","notepad.exe;notepad.exe;velociraptor-v0.75.6-windows-amd64.exe","C:\Windows\system32\NOTEPAD.EXE;C:\Windows\system32\NOTEPAD.EXE;","10,64","166,53","166,53","130,15","841","15","0","0","0","0","3654,36","2345,19","0","0","False","C:\Users\julio\Desktop\TFM\05_LOGS\BENCHMARKS\TFM_BENCH_VR_IDLE_20260618_180611\samples.csv"
"TFM_BENCH_VR_IDLE_20260618_180611","VR_IDLE","2026-06-18T18:09:56.7456651+02:00","165,47","Velociraptor","Stopped","3","8732;8860;13880","notepad.exe;notepad.exe;velociraptor-v0.75.6-windows-amd64.exe","C:\Windows\system32\NOTEPAD.EXE;C:\Windows\system32\NOTEPAD.EXE;","0,18","168,23","168,23","131,85","841","15","0","0","0","0","3654","2345,55","0","0","False","C:\Users\julio\Desktop\TFM\05_LOGS\BENCHMARKS\TFM_BENCH_VR_IDLE_20260618_180611\samples.csv"
"TFM_BENCH_VR_IDLE_20260618_180611","VR_IDLE","2026-06-18T18:09:58.9417290+02:00","167,67","Velociraptor","Stopped","3","8732;8860;13880","notepad.exe;notepad.exe;velociraptor-v0.75.6-windows-amd64.exe","C:\Windows\system32\NOTEPAD.EXE;C:\Windows\system32\NOTEPAD.EXE;","0","168,23","168,23","131,85","841","15","0","0","0","0","3651,66","2347,89","0","0","False","C:\Users\julio\Desktop\TFM\05_LOGS\BENCHMARKS\TFM_BENCH_VR_IDLE_20260618_180611\samples.csv"
"TFM_BENCH_VR_IDLE_20260618_180611","VR_IDLE","2026-06-18T18:10:01.1306874+02:00","169,86","Velociraptor","Stopped","3","8732;8860;13880","notepad.exe;notepad.exe;velociraptor-v0.75.6-windows-amd64.exe","C:\Windows\system32\NOTEPAD.EXE;C:\Windows\system32\NOTEPAD.EXE;","0","168,23","168,23","131,85","841","15","0","0","0","0","3651,75","2347,8","0","0","False","C:\Users\julio\Desktop\TFM\05_LOGS\BENCHMARKS\TFM_BENCH_VR_IDLE_20260618_180611\samples.csv"
"TFM_BENCH_VR_IDLE_20260618_180611","VR_IDLE","2026-06-18T18:10:03.3340520+02:00","172,06","Velociraptor","Stopped","3","8732;8860;13880","notepad.exe;notepad.exe;velociraptor-v0.75.6-windows-amd64.exe","C:\Windows\system32\NOTEPAD.EXE;C:\Windows\system32\NOTEPAD.EXE;","0,71","139,02","139,02","102,67","841","15","0","0","0","0","3625,29","2374,26","0","0","False","C:\Users\julio\Desktop\TFM\05_LOGS\BENCHMARKS\TFM_BENCH_VR_IDLE_20260618_180611\samples.csv"
"TFM_BENCH_VR_IDLE_20260618_180611","VR_IDLE","2026-06-18T18:10:05.5245878+02:00","174,25","Velociraptor","Stopped","3","8732;8860;13880","notepad.exe;notepad.exe;velociraptor-v0.75.6-windows-amd64.exe","C:\Windows\system32\NOTEPAD.EXE;C:\Windows\system32\NOTEPAD.EXE;","0,53","139,23","139,23","102,89","841","15","0","0","0","0","3624,46","2375,09","0","0","False","C:\Users\julio\Desktop\TFM\05_LOGS\BENCHMARKS\TFM_BENCH_VR_IDLE_20260618_180611\samples.csv"
"TFM_BENCH_VR_IDLE_20260618_180611","VR_IDLE","2026-06-18T18:10:07.7362173+02:00","176,46","Velociraptor","Stopped","3","8732;8860;13880","notepad.exe;notepad.exe;velociraptor-v0.75.6-windows-amd64.exe","C:\Windows\system32\NOTEPAD.EXE;C:\Windows\system32\NOTEPAD.EXE;","0","139,37","139,37","103,09","841","15","0","0","0","0","3628,07","2371,48","0","0","False","C:\Users\julio\Desktop\TFM\05_LOGS\BENCHMARKS\TFM_BENCH_VR_IDLE_20260618_180611\samples.csv"
"TFM_BENCH_VR_IDLE_20260618_180611","VR_IDLE","2026-06-18T18:10:09.9746014+02:00","178,7","Velociraptor","Stopped","3","8732;8860;13880","notepad.exe;notepad.exe;velociraptor-v0.75.6-windows-amd64.exe","C:\Windows\system32\NOTEPAD.EXE;C:\Windows\system32\NOTEPAD.EXE;","10,47","163,16","163,16","126,77","841","15","0","0","0","0","3644,55","2355","0","0","False","C:\Users\julio\Desktop\TFM\05_LOGS\BENCHMARKS\TFM_BENCH_VR_IDLE_20260618_180611\samples.csv"
"TFM_BENCH_VR_TEC_RUNNER_20260618_181218","VR_TEC_RUNNER","2026-06-18T18:12:52.0333587+02:00","0","Velociraptor","Stopped","3","8732;8860;13880","notepad.exe;notepad.exe;velociraptor-v0.75.6-windows-amd64.exe","C:\Windows\system32\NOTEPAD.EXE;C:\Windows\system32\NOTEPAD.EXE;","0","144,75","144,75","108,54","841","15","0","0","0","0","3766,18","2233,37","0","0","True","C:\Users\julio\Desktop\TFM\05_LOGS\BENCHMARKS\TFM_BENCH_VR_TEC_RUNNER_20260618_181218\samples.csv"
"TFM_BENCH_VR_TEC_RUNNER_20260618_181218","VR_TEC_RUNNER","2026-06-18T18:12:54.3145589+02:00","2,28","Velociraptor","Stopped","3","8732;8860;13880","notepad.exe;notepad.exe;velociraptor-v0.75.6-windows-amd64.exe","C:\Windows\system32\NOTEPAD.EXE;C:\Windows\system32\NOTEPAD.EXE;","0,51","139,46","139,46","102,87","841","15","0","0","0","0","3726,5","2273,05","0","0","False","C:\Users\julio\Desktop\TFM\05_LOGS\BENCHMARKS\TFM_BENCH_VR_TEC_RUNNER_20260618_181218\samples.csv"
"TFM_BENCH_VR_TEC_RUNNER_20260618_181218","VR_TEC_RUNNER","2026-06-18T18:12:56.5626969+02:00","4,53","Velociraptor","Stopped","3","8732;8860;13880","notepad.exe;notepad.exe;velociraptor-v0.75.6-windows-amd64.exe","C:\Windows\system32\NOTEPAD.EXE;C:\Windows\system32\NOTEPAD.EXE;","5,39","161,03","161,03","124,5","842","15","0","0","0","0","3793,86","2205,69","0","0","False","C:\Users\julio\Desktop\TFM\05_LOGS\BENCHMARKS\TFM_BENCH_VR_TEC_RUNNER_20260618_181218\samples.csv"
"TFM_BENCH_VR_TEC_RUNNER_20260618_181218","VR_TEC_RUNNER","2026-06-18T18:12:58.8340324+02:00","6,8","Velociraptor","Stopped","3","8732;8860;13880","notepad.exe;notepad.exe;velociraptor-v0.75.6-windows-amd64.exe","C:\Windows\system32\NOTEPAD.EXE;C:\Windows\system32\NOTEPAD.EXE;","9,63","166,38","166,38","129,78","841","15","0","0","0","0","3808,66","2190,89","0","0","False","C:\Users\julio\Desktop\TFM\05_LOGS\BENCHMARKS\TFM_BENCH_VR_TEC_RUNNER_20260618_181218\samples.csv"
"TFM_BENCH_VR_TEC_RUNNER_20260618_181218","VR_TEC_RUNNER","2026-06-18T18:13:01.0977473+02:00","9,06","Velociraptor","Stopped","3","8732;8860;13880","notepad.exe;notepad.exe;velociraptor-v0.75.6-windows-amd64.exe","C:\Windows\system32\NOTEPAD.EXE;C:\Windows\system32\NOTEPAD.EXE;","0,17","166,38","166,38","129,78","841","15","0","0","0","0","3802,09","2197,46","0","0","False","C:\Users\julio\Desktop\TFM\05_LOGS\BENCHMARKS\TFM_BENCH_VR_TEC_RUNNER_20260618_181218\samples.csv"
"TFM_BENCH_VR_TEC_RUNNER_20260618_181218","VR_TEC_RUNNER","2026-06-18T18:13:03.3423556+02:00","11,31","Velociraptor","Stopped","3","8732;8860;13880","notepad.exe;notepad.exe;velociraptor-v0.75.6-windows-amd64.exe","C:\Windows\system32\NOTEPAD.EXE;C:\Windows\system32\NOTEPAD.EXE;","0,35","166,38","166,38","129,79","841","15","0","0","0","0","3771,67","2227,88","0","0","False","C:\Users\julio\Desktop\TFM\05_LOGS\BENCHMARKS\TFM_BENCH_VR_TEC_RUNNER_20260618_181218\samples.csv"
"TFM_BENCH_VR_TEC_RUNNER_20260618_181218","VR_TEC_RUNNER","2026-06-18T18:13:05.5919998+02:00","13,56","Velociraptor","Stopped","3","8732;8860;13880","notepad.exe;notepad.exe;velociraptor-v0.75.6-windows-amd64.exe","C:\Windows\system32\NOTEPAD.EXE;C:\Windows\system32\NOTEPAD.EXE;","0,35","139,43","139,43","102,86","841","15","0","0","0","0","3719,38","2280,17","0","0","False","C:\Users\julio\Desktop\TFM\05_LOGS\BENCHMARKS\TFM_BENCH_VR_TEC_RUNNER_20260618_181218\samples.csv"
"TFM_BENCH_VR_TEC_RUNNER_20260618_181218","VR_TEC_RUNNER","2026-06-18T18:13:07.8511499+02:00","15,82","Velociraptor","Stopped","3","8732;8860;13880","notepad.exe;notepad.exe;velociraptor-v0.75.6-windows-amd64.exe","C:\Windows\system32\NOTEPAD.EXE;C:\Windows\system32\NOTEPAD.EXE;","0,17","143,72","143,72","107,19","841","15","0","0","0","0","3721,61","2277,94","0","0","False","C:\Users\julio\Desktop\TFM\05_LOGS\BENCHMARKS\TFM_BENCH_VR_TEC_RUNNER_20260618_181218\samples.csv"
"TFM_BENCH_VR_TEC_RUNNER_20260618_181218","VR_TEC_RUNNER","2026-06-18T18:13:10.0975449+02:00","18,06","Velociraptor","Stopped","3","8732;8860;13880","notepad.exe;notepad.exe;velociraptor-v0.75.6-windows-amd64.exe","C:\Windows\system32\NOTEPAD.EXE;C:\Windows\system32\NOTEPAD.EXE;","0","143,72","143,72","107,19","841","15","0","0","0","0","3721,32","2278,23","0","0","False","C:\Users\julio\Desktop\TFM\05_LOGS\BENCHMARKS\TFM_BENCH_VR_TEC_RUNNER_20260618_181218\samples.csv"
"TFM_BENCH_VR_TEC_RUNNER_20260618_181218","VR_TEC_RUNNER","2026-06-18T18:13:12.3474581+02:00","20,31","Velociraptor","Stopped","3","8732;8860;13880","notepad.exe;notepad.exe;velociraptor-v0.75.6-windows-amd64.exe","C:\Windows\system32\NOTEPAD.EXE;C:\Windows\system32\NOTEPAD.EXE;","0,35","143,82","143,82","107,3","841","15","0","0","0","0","3720,12","2279,43","0","0","False","C:\Users\julio\Desktop\TFM\05_LOGS\BENCHMARKS\TFM_BENCH_VR_TEC_RUNNER_20260618_181218\samples.csv"
"TFM_BENCH_VR_TEC_RUNNER_20260618_181218","VR_TEC_RUNNER","2026-06-18T18:13:14.5698887+02:00","22,54","Velociraptor","Stopped","3","8732;8860;13880","notepad.exe;notepad.exe;velociraptor-v0.75.6-windows-amd64.exe","C:\Windows\system32\NOTEPAD.EXE;C:\Windows\system32\NOTEPAD.EXE;","15,47","139,59","139,59","102,95","841","15","0","0","0","0","3768,74","2230,81","0","0","False","C:\Users\julio\Desktop\TFM\05_LOGS\BENCHMARKS\TFM_BENCH_VR_TEC_RUNNER_20260618_181218\samples.csv"
"TFM_BENCH_VR_TEC_RUNNER_20260618_181218","VR_TEC_RUNNER","2026-06-18T18:13:16.7905909+02:00","24,76","Velociraptor","Stopped","3","8732;8860;13880","notepad.exe;notepad.exe;velociraptor-v0.75.6-windows-amd64.exe","C:\Windows\system32\NOTEPAD.EXE;C:\Windows\system32\NOTEPAD.EXE;","0,35","139,59","139,59","102,95","841","15","0","0","0","0","3766,23","2233,32","0","0","False","C:\Users\julio\Desktop\TFM\05_LOGS\BENCHMARKS\TFM_BENCH_VR_TEC_RUNNER_20260618_181218\samples.csv"
"TFM_BENCH_VR_TEC_RUNNER_20260618_181218","VR_TEC_RUNNER","2026-06-18T18:13:19.0697400+02:00","27,04","Velociraptor","Stopped","3","8732;8860;13880","notepad.exe;notepad.exe;velociraptor-v0.75.6-windows-amd64.exe","C:\Windows\system32\NOTEPAD.EXE;C:\Windows\system32\NOTEPAD.EXE;","0,86","142,57","142,57","106,14","841","15","0","0","0","0","3712,61","2286,94","0","0","False","C:\Users\julio\Desktop\TFM\05_LOGS\BENCHMARKS\TFM_BENCH_VR_TEC_RUNNER_20260618_181218\samples.csv"
"TFM_BENCH_VR_TEC_RUNNER_20260618_181218","VR_TEC_RUNNER","2026-06-18T18:13:21.3211862+02:00","29,29","Velociraptor","Stopped","3","8732;8860;13880","notepad.exe;notepad.exe;velociraptor-v0.75.6-windows-amd64.exe","C:\Windows\system32\NOTEPAD.EXE;C:\Windows\system32\NOTEPAD.EXE;","0","142,78","142,78","106,38","841","15","0","0","0","0","3711,86","2287,69","0","0","False","C:\Users\julio\Desktop\TFM\05_LOGS\BENCHMARKS\TFM_BENCH_VR_TEC_RUNNER_20260618_181218\samples.csv"
"TFM_BENCH_VR_TEC_RUNNER_20260618_181218","VR_TEC_RUNNER","2026-06-18T18:13:23.5377742+02:00","31,5","Velociraptor","Stopped","3","8732;8860;13880","notepad.exe;notepad.exe;velociraptor-v0.75.6-windows-amd64.exe","C:\Windows\system32\NOTEPAD.EXE;C:\Windows\system32\NOTEPAD.EXE;","0,18","142,85","142,85","106,49","841","15","0","0","0","0","3712,19","2287,36","0","0","False","C:\Users\julio\Desktop\TFM\05_LOGS\BENCHMARKS\TFM_BENCH_VR_TEC_RUNNER_20260618_181218\samples.csv"
"TFM_BENCH_VR_TEC_RUNNER_20260618_181218","VR_TEC_RUNNER","2026-06-18T18:13:25.7876392+02:00","33,75","Velociraptor","Stopped","3","8732;8860;13880","notepad.exe;notepad.exe;velociraptor-v0.75.6-windows-amd64.exe","C:\Windows\system32\NOTEPAD.EXE;C:\Windows\system32\NOTEPAD.EXE;","0,52","139,59","139,59","102,95","841","15","0","0","0","0","3710,51","2289,04","0","0","False","C:\Users\julio\Desktop\TFM\05_LOGS\BENCHMARKS\TFM_BENCH_VR_TEC_RUNNER_20260618_181218\samples.csv"
"TFM_BENCH_VR_TEC_RUNNER_20260618_181218","VR_TEC_RUNNER","2026-06-18T18:13:28.0462253+02:00","36,01","Velociraptor","Stopped","3","8732;8860;13880","notepad.exe;notepad.exe;velociraptor-v0.75.6-windows-amd64.exe","C:\Windows\system32\NOTEPAD.EXE;C:\Windows\system32\NOTEPAD.EXE;","0","139,65","139,65","103,04","841","15","0","0","0","0","3766,84","2232,71","0","0","False","C:\Users\julio\Desktop\TFM\05_LOGS\BENCHMARKS\TFM_BENCH_VR_TEC_RUNNER_20260618_181218\samples.csv"
"TFM_BENCH_VR_TEC_RUNNER_20260618_181218","VR_TEC_RUNNER","2026-06-18T18:13:30.2887795+02:00","38,26","Velociraptor","Stopped","3","8732;8860;13880","notepad.exe;notepad.exe;velociraptor-v0.75.6-windows-amd64.exe","C:\Windows\system32\NOTEPAD.EXE;C:\Windows\system32\NOTEPAD.EXE;","13,24","168,73","168,73","132,1","841","15","0","0","0","0","3798,5","2201,05","0","0","False","C:\Users\julio\Desktop\TFM\05_LOGS\BENCHMARKS\TFM_BENCH_VR_TEC_RUNNER_20260618_181218\samples.csv"
"TFM_BENCH_VR_TEC_RUNNER_20260618_181218","VR_TEC_RUNNER","2026-06-18T18:13:32.5338085+02:00","40,5","Velociraptor","Stopped","3","8732;8860;13880","notepad.exe;notepad.exe;velociraptor-v0.75.6-windows-amd64.exe","C:\Windows\system32\NOTEPAD.EXE;C:\Windows\system32\NOTEPAD.EXE;","0,35","169,02","169,02","132,39","841","15","0","0","0","0","3741,48","2258,07","0","0","False","C:\Users\julio\Desktop\TFM\05_LOGS\BENCHMARKS\TFM_BENCH_VR_TEC_RUNNER_20260618_181218\samples.csv"
"TFM_BENCH_VR_TEC_RUNNER_20260618_181218","VR_TEC_RUNNER","2026-06-18T18:13:34.7737475+02:00","42,74","Velociraptor","Stopped","3","8732;8860;13880","notepad.exe;notepad.exe;velociraptor-v0.75.6-windows-amd64.exe","C:\Windows\system32\NOTEPAD.EXE;C:\Windows\system32\NOTEPAD.EXE;","0,52","140,7","140,7","104,06","841","15","0","0","0","0","3713,76","2285,79","0","0","False","C:\Users\julio\Desktop\TFM\05_LOGS\BENCHMARKS\TFM_BENCH_VR_TEC_RUNNER_20260618_181218\samples.csv"
"TFM_BENCH_VR_TEC_RUNNER_20260618_181218","VR_TEC_RUNNER","2026-06-18T18:13:37.0137446+02:00","44,98","Velociraptor","Stopped","3","8732;8860;13880","notepad.exe;notepad.exe;velociraptor-v0.75.6-windows-amd64.exe","C:\Windows\system32\NOTEPAD.EXE;C:\Windows\system32\NOTEPAD.EXE;","0,35","140,7","140,7","104,06","841","15","0","0","0","0","3719,42","2280,13","0","0","False","C:\Users\julio\Desktop\TFM\05_LOGS\BENCHMARKS\TFM_BENCH_VR_TEC_RUNNER_20260618_181218\samples.csv"
"TFM_BENCH_VR_TEC_RUNNER_20260618_181218","VR_TEC_RUNNER","2026-06-18T18:13:39.3034260+02:00","47,27","Velociraptor","Stopped","3","8732;8860;13880","notepad.exe;notepad.exe;velociraptor-v0.75.6-windows-amd64.exe","C:\Windows\system32\NOTEPAD.EXE;C:\Windows\system32\NOTEPAD.EXE;","0,17","140,77","140,77","104,13","841","15","0","0","0","0","3708,66","2290,89","0","0","False","C:\Users\julio\Desktop\TFM\05_LOGS\BENCHMARKS\TFM_BENCH_VR_TEC_RUNNER_20260618_181218\samples.csv"
"TFM_BENCH_VR_TEC_RUNNER_20260618_181218","VR_TEC_RUNNER","2026-06-18T18:13:41.5603542+02:00","49,53","Velociraptor","Stopped","3","8732;8860;13880","notepad.exe;notepad.exe;velociraptor-v0.75.6-windows-amd64.exe","C:\Windows\system32\NOTEPAD.EXE;C:\Windows\system32\NOTEPAD.EXE;","0,17","140,8","140,8","104,2","841","15","0","0","0","0","3705,09","2294,46","0","0","False","C:\Users\julio\Desktop\TFM\05_LOGS\BENCHMARKS\TFM_BENCH_VR_TEC_RUNNER_20260618_181218\samples.csv"
"TFM_BENCH_VR_TEC_RUNNER_20260618_181218","VR_TEC_RUNNER","2026-06-18T18:13:43.7944413+02:00","51,76","Velociraptor","Stopped","3","8732;8860;13880","notepad.exe;notepad.exe;velociraptor-v0.75.6-windows-amd64.exe","C:\Windows\system32\NOTEPAD.EXE;C:\Windows\system32\NOTEPAD.EXE;","0,35","139,53","139,53","102,88","841","15","0","0","0","0","3707,91","2291,64","0","0","False","C:\Users\julio\Desktop\TFM\05_LOGS\BENCHMARKS\TFM_BENCH_VR_TEC_RUNNER_20260618_181218\samples.csv"
"TFM_BENCH_VR_TEC_RUNNER_20260618_181218","VR_TEC_RUNNER","2026-06-18T18:13:46.0419883+02:00","54,01","Velociraptor","Stopped","3","8732;8860;13880","notepad.exe;notepad.exe;velociraptor-v0.75.6-windows-amd64.exe","C:\Windows\system32\NOTEPAD.EXE;C:\Windows\system32\NOTEPAD.EXE;","12,69","168,73","168,73","132,1","841","15","0","0","0","0","3793,08","2206,47","0","0","False","C:\Users\julio\Desktop\TFM\05_LOGS\BENCHMARKS\TFM_BENCH_VR_TEC_RUNNER_20260618_181218\samples.csv"
"TFM_BENCH_VR_TEC_RUNNER_20260618_181218","VR_TEC_RUNNER","2026-06-18T18:13:48.2880305+02:00","56,25","Velociraptor","Stopped","3","8732;8860;13880","notepad.exe;notepad.exe;velociraptor-v0.75.6-windows-amd64.exe","C:\Windows\system32\NOTEPAD.EXE;C:\Windows\system32\NOTEPAD.EXE;","1,22","171,38","171,38","134,73","841","15","0","0","0","0","3735,38","2264,17","0","0","False","C:\Users\julio\Desktop\TFM\05_LOGS\BENCHMARKS\TFM_BENCH_VR_TEC_RUNNER_20260618_181218\samples.csv"
"TFM_BENCH_VR_TEC_RUNNER_20260618_181218","VR_TEC_RUNNER","2026-06-18T18:13:50.4919652+02:00","58,46","Velociraptor","Stopped","3","8732;8860;13880","notepad.exe;notepad.exe;velociraptor-v0.75.6-windows-amd64.exe","C:\Windows\system32\NOTEPAD.EXE;C:\Windows\system32\NOTEPAD.EXE;","0","171,38","171,38","134,73","841","15","0","0","0","0","3734,28","2265,27","0","0","False","C:\Users\julio\Desktop\TFM\05_LOGS\BENCHMARKS\TFM_BENCH_VR_TEC_RUNNER_20260618_181218\samples.csv"
"TFM_BENCH_VR_TEC_RUNNER_20260618_181218","VR_TEC_RUNNER","2026-06-18T18:13:52.7266390+02:00","60,69","Velociraptor","Stopped","3","8732;8860;13880","notepad.exe;notepad.exe;velociraptor-v0.75.6-windows-amd64.exe","C:\Windows\system32\NOTEPAD.EXE;C:\Windows\system32\NOTEPAD.EXE;","0","171,38","171,38","134,73","841","15","0","0","0","0","3734,54","2265,01","0","0","False","C:\Users\julio\Desktop\TFM\05_LOGS\BENCHMARKS\TFM_BENCH_VR_TEC_RUNNER_20260618_181218\samples.csv"
"TFM_BENCH_VR_TEC_RUNNER_20260618_181218","VR_TEC_RUNNER","2026-06-18T18:13:54.9412228+02:00","62,91","Velociraptor","Stopped","3","8732;8860;13880","notepad.exe;notepad.exe;velociraptor-v0.75.6-windows-amd64.exe","C:\Windows\system32\NOTEPAD.EXE;C:\Windows\system32\NOTEPAD.EXE;","0,35","142,56","142,56","105,89","841","15","0","0","0","0","3707,61","2291,94","0","0","False","C:\Users\julio\Desktop\TFM\05_LOGS\BENCHMARKS\TFM_BENCH_VR_TEC_RUNNER_20260618_181218\samples.csv"
"TFM_BENCH_VR_TEC_RUNNER_20260618_181218","VR_TEC_RUNNER","2026-06-18T18:13:57.2014200+02:00","65,17","Velociraptor","Stopped","3","8732;8860;13880","notepad.exe;notepad.exe;velociraptor-v0.75.6-windows-amd64.exe","C:\Windows\system32\NOTEPAD.EXE;C:\Windows\system32\NOTEPAD.EXE;","0","142,64","142,64","105,99","841","15","0","0","0","0","3710,85","2288,7","0","0","False","C:\Users\julio\Desktop\TFM\05_LOGS\BENCHMARKS\TFM_BENCH_VR_TEC_RUNNER_20260618_181218\samples.csv"
"TFM_BENCH_VR_TEC_RUNNER_20260618_181218","VR_TEC_RUNNER","2026-06-18T18:13:59.4404385+02:00","67,41","Velociraptor","Stopped","3","8732;8860;13880","notepad.exe;notepad.exe;velociraptor-v0.75.6-windows-amd64.exe","C:\Windows\system32\NOTEPAD.EXE;C:\Windows\system32\NOTEPAD.EXE;","0","142,71","142,71","106,05","841","15","0","0","0","0","3771,3","2228,25","0","0","False","C:\Users\julio\Desktop\TFM\05_LOGS\BENCHMARKS\TFM_BENCH_VR_TEC_RUNNER_20260618_181218\samples.csv"
"TFM_BENCH_VR_TEC_RUNNER_20260618_181218","VR_TEC_RUNNER","2026-06-18T18:14:01.6567107+02:00","69,62","Velociraptor","Stopped","3","8732;8860;13880","notepad.exe;notepad.exe;velociraptor-v0.75.6-windows-amd64.exe","C:\Windows\system32\NOTEPAD.EXE;C:\Windows\system32\NOTEPAD.EXE;","14,81","166,49","166,49","129,8","841","15","0","0","0","0","3780,43","2219,12","0","0","False","C:\Users\julio\Desktop\TFM\05_LOGS\BENCHMARKS\TFM_BENCH_VR_TEC_RUNNER_20260618_181218\samples.csv"
"TFM_BENCH_VR_TEC_RUNNER_20260618_181218","VR_TEC_RUNNER","2026-06-18T18:14:03.8796550+02:00","71,85","Velociraptor","Stopped","3","8732;8860;13880","notepad.exe;notepad.exe;velociraptor-v0.75.6-windows-amd64.exe","C:\Windows\system32\NOTEPAD.EXE;C:\Windows\system32\NOTEPAD.EXE;","1,23","143,42","143,42","106,72","847","15","0","0","0","0","3760,05","2239,5","0","0","False","C:\Users\julio\Desktop\TFM\05_LOGS\BENCHMARKS\TFM_BENCH_VR_TEC_RUNNER_20260618_181218\samples.csv"
"TFM_BENCH_VR_TEC_RUNNER_20260618_181218","VR_TEC_RUNNER","2026-06-18T18:14:06.1776141+02:00","74,14","Velociraptor","Stopped","3","8732;8860;13880","notepad.exe;notepad.exe;velociraptor-v0.75.6-windows-amd64.exe","C:\Windows\system32\NOTEPAD.EXE;C:\Windows\system32\NOTEPAD.EXE;","0,85","143,47","143,47","106,79","844","15","0","0","0","0","3708,27","2291,28","0","0","False","C:\Users\julio\Desktop\TFM\05_LOGS\BENCHMARKS\TFM_BENCH_VR_TEC_RUNNER_20260618_181218\samples.csv"
"TFM_BENCH_VR_TEC_RUNNER_20260618_181218","VR_TEC_RUNNER","2026-06-18T18:14:08.5497370+02:00","76,52","Velociraptor","Stopped","3","8732;8860;13880","notepad.exe;notepad.exe;velociraptor-v0.75.6-windows-amd64.exe","C:\Windows\system32\NOTEPAD.EXE;C:\Windows\system32\NOTEPAD.EXE;","1,65","148,02","148,02","111,45","844","15","0","0","0","0","3772,64","2226,91","0","0","False","C:\Users\julio\Desktop\TFM\05_LOGS\BENCHMARKS\TFM_BENCH_VR_TEC_RUNNER_20260618_181218\samples.csv"
"TFM_BENCH_VR_TEC_RUNNER_20260618_181218","VR_TEC_RUNNER","2026-06-18T18:14:12.4622724+02:00","80,43","Velociraptor","Stopped","3","8732;8860;13880","notepad.exe;notepad.exe;velociraptor-v0.75.6-windows-amd64.exe","C:\Windows\system32\NOTEPAD.EXE;C:\Windows\system32\NOTEPAD.EXE;","1,5","148,5","148,5","112,06","844","15","0","0","0","0","3781,35","2218,2","0","0","False","C:\Users\julio\Desktop\TFM\05_LOGS\BENCHMARKS\TFM_BENCH_VR_TEC_RUNNER_20260618_181218\samples.csv"
"TFM_BENCH_VR_TEC_RUNNER_20260618_181218","VR_TEC_RUNNER","2026-06-18T18:14:17.1808658+02:00","85,15","Velociraptor","Stopped","3","8732;8860;13880","notepad.exe;notepad.exe;velociraptor-v0.75.6-windows-amd64.exe","C:\Windows\system32\NOTEPAD.EXE;C:\Windows\system32\NOTEPAD.EXE;","4,72","194,05","194,05","157,53","857","16","0","0","0","0","3850,43","2149,12","0","0","False","C:\Users\julio\Desktop\TFM\05_LOGS\BENCHMARKS\TFM_BENCH_VR_TEC_RUNNER_20260618_181218\samples.csv"
"TFM_BENCH_VR_TEC_RUNNER_20260618_181218","VR_TEC_RUNNER","2026-06-18T18:14:21.7252562+02:00","89,69","Velociraptor","Stopped","3","8732;8860;13880","notepad.exe;notepad.exe;velociraptor-v0.75.6-windows-amd64.exe","C:\Windows\system32\NOTEPAD.EXE;C:\Windows\system32\NOTEPAD.EXE;","5,85","220,32","220,32","185,69","861","16","0","0","0","0","3833,82","2165,73","0","0","False","C:\Users\julio\Desktop\TFM\05_LOGS\BENCHMARKS\TFM_BENCH_VR_TEC_RUNNER_20260618_181218\samples.csv"
"TFM_BENCH_VR_TEC_RUNNER_20260618_181218","VR_TEC_RUNNER","2026-06-18T18:14:26.5176283+02:00","94,48","Velociraptor","Stopped","3","8732;8860;13880","notepad.exe;notepad.exe;velociraptor-v0.75.6-windows-amd64.exe","C:\Windows\system32\NOTEPAD.EXE;C:\Windows\system32\NOTEPAD.EXE;","2,69","147,28","147,28","110,58","860","16","0","0","0","0","3801,02","2198,53","0","0","False","C:\Users\julio\Desktop\TFM\05_LOGS\BENCHMARKS\TFM_BENCH_VR_TEC_RUNNER_20260618_181218\samples.csv"
"TFM_BENCH_VR_TEC_RUNNER_20260618_181218","VR_TEC_RUNNER","2026-06-18T18:14:29.2776216+02:00","97,24","Velociraptor","Stopped","3","8732;8860;13880","notepad.exe;notepad.exe;velociraptor-v0.75.6-windows-amd64.exe","C:\Windows\system32\NOTEPAD.EXE;C:\Windows\system32\NOTEPAD.EXE;","1,42","147,53","147,53","110,87","857","16","0","0","0","0","3818,05","2181,5","0","0","False","C:\Users\julio\Desktop\TFM\05_LOGS\BENCHMARKS\TFM_BENCH_VR_TEC_RUNNER_20260618_181218\samples.csv"
"TFM_BENCH_VR_TEC_RUNNER_20260618_181218","VR_TEC_RUNNER","2026-06-18T18:14:31.9071279+02:00","99,87","Velociraptor","Stopped","3","8732;8860;13880","notepad.exe;notepad.exe;velociraptor-v0.75.6-windows-amd64.exe","C:\Windows\system32\NOTEPAD.EXE;C:\Windows\system32\NOTEPAD.EXE;","2,53","150,64","150,64","114,19","871","17","0","0","0","0","3850,74","2148,81","0","0","False","C:\Users\julio\Desktop\TFM\05_LOGS\BENCHMARKS\TFM_BENCH_VR_TEC_RUNNER_20260618_181218\samples.csv"
"TFM_BENCH_VR_TEC_RUNNER_20260618_181218","VR_TEC_RUNNER","2026-06-18T18:14:34.7791458+02:00","102,75","Velociraptor","Stopped","3","8732;8860;13880","notepad.exe;notepad.exe;velociraptor-v0.75.6-windows-amd64.exe","C:\Windows\system32\NOTEPAD.EXE;C:\Windows\system32\NOTEPAD.EXE;","2,04","147,07","147,07","110,36","869","17","0","0","0","0","3896,41","2103,14","0","0","False","C:\Users\julio\Desktop\TFM\05_LOGS\BENCHMARKS\TFM_BENCH_VR_TEC_RUNNER_20260618_181218\samples.csv"
"TFM_BENCH_VR_TEC_RUNNER_20260618_181218","VR_TEC_RUNNER","2026-06-18T18:14:37.6962093+02:00","105,66","Velociraptor","Stopped","3","8732;8860;13880","notepad.exe;notepad.exe;velociraptor-v0.75.6-windows-amd64.exe","C:\Windows\system32\NOTEPAD.EXE;C:\Windows\system32\NOTEPAD.EXE;","14,06","192,11","192,11","155,38","875","18","0","0","0","0","3963,09","2036,46","0","0","False","C:\Users\julio\Desktop\TFM\05_LOGS\BENCHMARKS\TFM_BENCH_VR_TEC_RUNNER_20260618_181218\samples.csv"
"TFM_BENCH_VR_TEC_RUNNER_20260618_181218","VR_TEC_RUNNER","2026-06-18T18:14:42.4197047+02:00","110,39","Velociraptor","Stopped","3","8732;8860;13880","notepad.exe;notepad.exe;velociraptor-v0.75.6-windows-amd64.exe","C:\Windows\system32\NOTEPAD.EXE;C:\Windows\system32\NOTEPAD.EXE;","5,04","212,22","212,22","175,58","894","21","0","0","0","0","3925,89","2073,66","0","0","False","C:\Users\julio\Desktop\TFM\05_LOGS\BENCHMARKS\TFM_BENCH_VR_TEC_RUNNER_20260618_181218\samples.csv"
"TFM_BENCH_VR_TEC_RUNNER_20260618_181218","VR_TEC_RUNNER","2026-06-18T18:14:47.8400599+02:00","115,81","Velociraptor","Stopped","3","8732;8860;13880","notepad.exe;notepad.exe;velociraptor-v0.75.6-windows-amd64.exe","C:\Windows\system32\NOTEPAD.EXE;C:\Windows\system32\NOTEPAD.EXE;","1,3","151,41","151,41","114,76","904","21","0","0","0","0","3865,75","2133,8","0","0","False","C:\Users\julio\Desktop\TFM\05_LOGS\BENCHMARKS\TFM_BENCH_VR_TEC_RUNNER_20260618_181218\samples.csv"
"TFM_BENCH_VR_TEC_RUNNER_20260618_181218","VR_TEC_RUNNER","2026-06-18T18:14:52.2569004+02:00","120,22","Velociraptor","Stopped","3","8732;8860;13880","notepad.exe;notepad.exe;velociraptor-v0.75.6-windows-amd64.exe","C:\Windows\system32\NOTEPAD.EXE;C:\Windows\system32\NOTEPAD.EXE;","1,15","154,17","154,17","117,65","926","26","0","0","0","0","3885,21","2114,34","0","0","False","C:\Users\julio\Desktop\TFM\05_LOGS\BENCHMARKS\TFM_BENCH_VR_TEC_RUNNER_20260618_181218\samples.csv"
"TFM_BENCH_VR_TEC_RUNNER_20260618_181218","VR_TEC_RUNNER","2026-06-18T18:14:57.0231487+02:00","124,99","Velociraptor","Stopped","3","8732;8860;13880","notepad.exe;notepad.exe;velociraptor-v0.75.6-windows-amd64.exe","C:\Windows\system32\NOTEPAD.EXE;C:\Windows\system32\NOTEPAD.EXE;","3,77","170,8","170,8","134,38","987","30","0","0","0","0","3926,78","2072,77","0","0","False","C:\Users\julio\Desktop\TFM\05_LOGS\BENCHMARKS\TFM_BENCH_VR_TEC_RUNNER_20260618_181218\samples.csv"
"TFM_BENCH_VR_TEC_RUNNER_20260618_181218","VR_TEC_RUNNER","2026-06-18T18:15:01.1060467+02:00","129,07","Velociraptor","Stopped","3","8732;8860;13880","notepad.exe;notepad.exe;velociraptor-v0.75.6-windows-amd64.exe","C:\Windows\system32\NOTEPAD.EXE;C:\Windows\system32\NOTEPAD.EXE;","8,99","204","204","167,56","1016","33","0","0","0","0","4024,84","1974,71","0","0","False","C:\Users\julio\Desktop\TFM\05_LOGS\BENCHMARKS\TFM_BENCH_VR_TEC_RUNNER_20260618_181218\samples.csv"
"TFM_BENCH_VR_TEC_RUNNER_20260618_181218","VR_TEC_RUNNER","2026-06-18T18:15:04.7153921+02:00","132,68","Velociraptor","Stopped","3","8732;8860;13880","notepad.exe;notepad.exe;velociraptor-v0.75.6-windows-amd64.exe","C:\Windows\system32\NOTEPAD.EXE;C:\Windows\system32\NOTEPAD.EXE;","5,19","181,31","181,31","144,81","1010","33","0","0","0","0","3993,68","2005,87","0","0","False","C:\Users\julio\Desktop\TFM\05_LOGS\BENCHMARKS\TFM_BENCH_VR_TEC_RUNNER_20260618_181218\samples.csv"
"TFM_BENCH_VR_TEC_RUNNER_20260618_181218","VR_TEC_RUNNER","2026-06-18T18:15:08.4416339+02:00","136,41","Velociraptor","Stopped","3","8732;8860;13880","notepad.exe;notepad.exe;velociraptor-v0.75.6-windows-amd64.exe","C:\Windows\system32\NOTEPAD.EXE;C:\Windows\system32\NOTEPAD.EXE;","2,83","148,89","148,89","112,45","1008","33","0","0","0","0","3916,87","2082,68","0","0","False","C:\Users\julio\Desktop\TFM\05_LOGS\BENCHMARKS\TFM_BENCH_VR_TEC_RUNNER_20260618_181218\samples.csv"
"TFM_BENCH_VR_TEC_RUNNER_20260618_181218","VR_TEC_RUNNER","2026-06-18T18:15:12.2725340+02:00","140,24","Velociraptor","Stopped","3","8732;8860;13880","notepad.exe;notepad.exe;velociraptor-v0.75.6-windows-amd64.exe","C:\Windows\system32\NOTEPAD.EXE;C:\Windows\system32\NOTEPAD.EXE;","2,35","150,09","150,09","113,89","1015","33","0","0","0","0","3916,61","2082,94","0","0","False","C:\Users\julio\Desktop\TFM\05_LOGS\BENCHMARKS\TFM_BENCH_VR_TEC_RUNNER_20260618_181218\samples.csv"
"TFM_BENCH_VR_TEC_RUNNER_20260618_181218","VR_TEC_RUNNER","2026-06-18T18:15:15.8072388+02:00","143,77","Velociraptor","Stopped","3","8732;8860;13880","notepad.exe;notepad.exe;velociraptor-v0.75.6-windows-amd64.exe","C:\Windows\system32\NOTEPAD.EXE;C:\Windows\system32\NOTEPAD.EXE;","1,66","151,12","151,12","115","1015","33","0","0","0","0","3944,2","2055,35","0","0","False","C:\Users\julio\Desktop\TFM\05_LOGS\BENCHMARKS\TFM_BENCH_VR_TEC_RUNNER_20260618_181218\samples.csv"
"TFM_BENCH_VR_TEC_RUNNER_20260618_181218","VR_TEC_RUNNER","2026-06-18T18:15:21.4378059+02:00","149,4","Velociraptor","Stopped","3","8732;8860;13880","notepad.exe;notepad.exe;velociraptor-v0.75.6-windows-amd64.exe","C:\Windows\system32\NOTEPAD.EXE;C:\Windows\system32\NOTEPAD.EXE;","6,11","195,58","195,58","159,12","1011","33","0","0","0","0","4005,89","1993,66","0","0","False","C:\Users\julio\Desktop\TFM\05_LOGS\BENCHMARKS\TFM_BENCH_VR_TEC_RUNNER_20260618_181218\samples.csv"
"TFM_BENCH_VR_TEC_RUNNER_20260618_181218","VR_TEC_RUNNER","2026-06-18T18:15:27.5537263+02:00","155,52","Velociraptor","Stopped","3","8732;8860;13880","notepad.exe;notepad.exe;velociraptor-v0.75.6-windows-amd64.exe","C:\Windows\system32\NOTEPAD.EXE;C:\Windows\system32\NOTEPAD.EXE;","6","220,89","220,89","184,55","1018","37","0","0","0","0","3932,91","2066,64","0","0","False","C:\Users\julio\Desktop\TFM\05_LOGS\BENCHMARKS\TFM_BENCH_VR_TEC_RUNNER_20260618_181218\samples.csv"
"TFM_BENCH_VR_TEC_RUNNER_20260618_181218","VR_TEC_RUNNER","2026-06-18T18:15:35.7798282+02:00","163,75","Velociraptor","Stopped","3","8732;8860;13880","notepad.exe;notepad.exe;velociraptor-v0.75.6-windows-amd64.exe","C:\Windows\system32\NOTEPAD.EXE;C:\Windows\system32\NOTEPAD.EXE;","3,51","173,35","173,35","137,55","1011","37","0","0","0","0","3947,31","2052,24","0","0","False","C:\Users\julio\Desktop\TFM\05_LOGS\BENCHMARKS\TFM_BENCH_VR_TEC_RUNNER_20260618_181218\samples.csv"
"TFM_BENCH_VR_TEC_RUNNER_20260618_181218","VR_TEC_RUNNER","2026-06-18T18:15:40.4720511+02:00","168,44","Velociraptor","Stopped","3","8732;8860;13880","notepad.exe;notepad.exe;velociraptor-v0.75.6-windows-amd64.exe","C:\Windows\system32\NOTEPAD.EXE;C:\Windows\system32\NOTEPAD.EXE;","1,91","150,23","150,23","113,91","1008","37","0","0","0","0","3891","2108,55","0","0","False","C:\Users\julio\Desktop\TFM\05_LOGS\BENCHMARKS\TFM_BENCH_VR_TEC_RUNNER_20260618_181218\samples.csv"
"TFM_BENCH_VR_TEC_RUNNER_20260618_181218","VR_TEC_RUNNER","2026-06-18T18:15:43.4849434+02:00","171,45","Velociraptor","Stopped","3","8732;8860;13880","notepad.exe;notepad.exe;velociraptor-v0.75.6-windows-amd64.exe","C:\Windows\system32\NOTEPAD.EXE;C:\Windows\system32\NOTEPAD.EXE;","5,32","183,42","183,42","147,18","1006","37","0","0","0","0","3943,62","2055,93","0","0","False","C:\Users\julio\Desktop\TFM\05_LOGS\BENCHMARKS\TFM_BENCH_VR_TEC_RUNNER_20260618_181218\samples.csv"
"TFM_BENCH_VR_TEC_RUNNER_20260618_181218","VR_TEC_RUNNER","2026-06-18T18:15:46.8557375+02:00","174,82","Velociraptor","Stopped","3","8732;8860;13880","notepad.exe;notepad.exe;velociraptor-v0.75.6-windows-amd64.exe","C:\Windows\system32\NOTEPAD.EXE;C:\Windows\system32\NOTEPAD.EXE;","12,17","206,97","206,97","170,6","1006","37","0","0","0","0","3967,38","2032,17","0","0","False","C:\Users\julio\Desktop\TFM\05_LOGS\BENCHMARKS\TFM_BENCH_VR_TEC_RUNNER_20260618_181218\samples.csv"
"TFM_BENCH_VR_TEC_RUNNER_20260618_181218","VR_TEC_RUNNER","2026-06-18T18:15:49.9225017+02:00","177,89","Velociraptor","Stopped","3","8732;8860;13880","notepad.exe;notepad.exe;velociraptor-v0.75.6-windows-amd64.exe","C:\Windows\system32\NOTEPAD.EXE;C:\Windows\system32\NOTEPAD.EXE;","6,24","187,06","187,06","150,67","1002","37","0","0","0","0","3879,49","2120,06","0","0","False","C:\Users\julio\Desktop\TFM\05_LOGS\BENCHMARKS\TFM_BENCH_VR_TEC_RUNNER_20260618_181218\samples.csv"
"TFM_BENCH_VR_TEC_RUNNER_20260618_181218","VR_TEC_RUNNER","2026-06-18T18:15:52.5372055+02:00","180,5","Velociraptor","Stopped","3","8732;8860;13880","notepad.exe;notepad.exe;velociraptor-v0.75.6-windows-amd64.exe","C:\Windows\system32\NOTEPAD.EXE;C:\Windows\system32\NOTEPAD.EXE;","2,84","148,33","148,33","111,99","1002","37","0","0","0","0","3944,92","2054,63","0","0","False","C:\Users\julio\Desktop\TFM\05_LOGS\BENCHMARKS\TFM_BENCH_VR_TEC_RUNNER_20260618_181218\samples.csv"
"TFM_BENCH_VR_TEC_RUNNER_20260618_181218","VR_TEC_RUNNER","2026-06-18T18:15:55.0826659+02:00","183,05","Velociraptor","Stopped","3","8732;8860;13880","notepad.exe;notepad.exe;velociraptor-v0.75.6-windows-amd64.exe","C:\Windows\system32\NOTEPAD.EXE;C:\Windows\system32\NOTEPAD.EXE;","2,15","148,76","148,76","112,46","1002","37","0","0","0","0","3928,65","2070,9","0","0","False","C:\Users\julio\Desktop\TFM\05_LOGS\BENCHMARKS\TFM_BENCH_VR_TEC_RUNNER_20260618_181218\samples.csv"
"TFM_BENCH_VR_TEC_RUNNER_20260618_181218","VR_TEC_RUNNER","2026-06-18T18:15:58.0680116+02:00","186,03","Velociraptor","Stopped","3","8732;8860;13880","notepad.exe;notepad.exe;velociraptor-v0.75.6-windows-amd64.exe","C:\Windows\system32\NOTEPAD.EXE;C:\Windows\system32\NOTEPAD.EXE;","2,22","149,38","149,38","113,15","1002","37","0","0","0","0","3904,16","2095,39","0","0","False","C:\Users\julio\Desktop\TFM\05_LOGS\BENCHMARKS\TFM_BENCH_VR_TEC_RUNNER_20260618_181218\samples.csv"
"TFM_BENCH_VR_TEC_RUNNER_20260618_181218","VR_TEC_RUNNER","2026-06-18T18:16:01.7709828+02:00","189,74","Velociraptor","Stopped","3","8732;8860;13880","notepad.exe;notepad.exe;velociraptor-v0.75.6-windows-amd64.exe","C:\Windows\system32\NOTEPAD.EXE;C:\Windows\system32\NOTEPAD.EXE;","3,38","149,2","149,2","112,96","999","39","0","0","0","0","3883,23","2116,32","0","0","False","C:\Users\julio\Desktop\TFM\05_LOGS\BENCHMARKS\TFM_BENCH_VR_TEC_RUNNER_20260618_181218\samples.csv"
"TFM_BENCH_VR_TEC_RUNNER_20260618_181218","VR_TEC_RUNNER","2026-06-18T18:16:04.7497718+02:00","192,72","Velociraptor","Stopped","3","8732;8860;13880","notepad.exe;notepad.exe;velociraptor-v0.75.6-windows-amd64.exe","C:\Windows\system32\NOTEPAD.EXE;C:\Windows\system32\NOTEPAD.EXE;","7,08","195,32","195,32","158,97","1006","39","0","0","0","0","4030,12","1969,43","0","0","False","C:\Users\julio\Desktop\TFM\05_LOGS\BENCHMARKS\TFM_BENCH_VR_TEC_RUNNER_20260618_181218\samples.csv"
"TFM_BENCH_VR_TEC_RUNNER_20260618_181218","VR_TEC_RUNNER","2026-06-18T18:16:09.2728732+02:00","197,24","Velociraptor","Stopped","3","8732;8860;13880","notepad.exe;notepad.exe;velociraptor-v0.75.6-windows-amd64.exe","C:\Windows\system32\NOTEPAD.EXE;C:\Windows\system32\NOTEPAD.EXE;","7,43","194,86","194,86","158,41","1004","39","0","0","0","0","3974,39","2025,16","0","0","False","C:\Users\julio\Desktop\TFM\05_LOGS\BENCHMARKS\TFM_BENCH_VR_TEC_RUNNER_20260618_181218\samples.csv"
"TFM_BENCH_VR_TEC_RUNNER_20260618_181218","VR_TEC_RUNNER","2026-06-18T18:16:15.3657498+02:00","203,33","Velociraptor","Stopped","3","8732;8860;13880","notepad.exe;notepad.exe;velociraptor-v0.75.6-windows-amd64.exe","C:\Windows\system32\NOTEPAD.EXE;C:\Windows\system32\NOTEPAD.EXE;","5,26","198,23","198,23","161,9","1002","39","0","0","0","0","3871,32","2128,23","0","0","False","C:\Users\julio\Desktop\TFM\05_LOGS\BENCHMARKS\TFM_BENCH_VR_TEC_RUNNER_20260618_181218\samples.csv"
"TFM_BENCH_VR_TEC_RUNNER_20260618_181218","VR_TEC_RUNNER","2026-06-18T18:16:20.9539014+02:00","208,92","Velociraptor","Stopped","3","8732;8860;13880","notepad.exe;notepad.exe;velociraptor-v0.75.6-windows-amd64.exe","C:\Windows\system32\NOTEPAD.EXE;C:\Windows\system32\NOTEPAD.EXE;","1,26","172,41","172,41","135,95","999","39","0","0","0","0","3880,3","2119,25","0","0","False","C:\Users\julio\Desktop\TFM\05_LOGS\BENCHMARKS\TFM_BENCH_VR_TEC_RUNNER_20260618_181218\samples.csv"
"TFM_BENCH_VR_TEC_RUNNER_20260618_181218","VR_TEC_RUNNER","2026-06-18T18:16:25.0755527+02:00","213,04","Velociraptor","Stopped","3","8732;8860;13880","notepad.exe;notepad.exe;velociraptor-v0.75.6-windows-amd64.exe","C:\Windows\system32\NOTEPAD.EXE;C:\Windows\system32\NOTEPAD.EXE;","1,99","155,31","155,31","119","1006","39","0","0","0","0","3866,85","2132,7","0","0","False","C:\Users\julio\Desktop\TFM\05_LOGS\BENCHMARKS\TFM_BENCH_VR_TEC_RUNNER_20260618_181218\samples.csv"
"TFM_BENCH_VR_TEC_RUNNER_20260618_181218","VR_TEC_RUNNER","2026-06-18T18:16:28.3539946+02:00","216,32","Velociraptor","Stopped","3","8732;8860;13880","notepad.exe;notepad.exe;velociraptor-v0.75.6-windows-amd64.exe","C:\Windows\system32\NOTEPAD.EXE;C:\Windows\system32\NOTEPAD.EXE;","2,38","158,9","158,9","122,67","1003","39","0","0","0","0","3867","2132,55","0","0","False","C:\Users\julio\Desktop\TFM\05_LOGS\BENCHMARKS\TFM_BENCH_VR_TEC_RUNNER_20260618_181218\samples.csv"
"TFM_BENCH_VR_TEC_RUNNER_20260618_181218","VR_TEC_RUNNER","2026-06-18T18:16:31.0443059+02:00","219,01","Velociraptor","Stopped","3","8732;8860;13880","notepad.exe;notepad.exe;velociraptor-v0.75.6-windows-amd64.exe","C:\Windows\system32\NOTEPAD.EXE;C:\Windows\system32\NOTEPAD.EXE;","20,91","178,53","178,53","142,05","995","39","0","0","0","0","3807,26","2192,29","0","0","False","C:\Users\julio\Desktop\TFM\05_LOGS\BENCHMARKS\TFM_BENCH_VR_TEC_RUNNER_20260618_181218\samples.csv"
"TFM_BENCH_VR_TEC_RUNNER_20260618_181218","VR_TEC_RUNNER","2026-06-18T18:16:33.7451769+02:00","221,71","Velociraptor","Stopped","3","8732;8860;13880","notepad.exe;notepad.exe;velociraptor-v0.75.6-windows-amd64.exe","C:\Windows\system32\NOTEPAD.EXE;C:\Windows\system32\NOTEPAD.EXE;","4,48","149,35","149,35","112,89","994","39","0","0","0","0","3796,7","2202,85","0","0","False","C:\Users\julio\Desktop\TFM\05_LOGS\BENCHMARKS\TFM_BENCH_VR_TEC_RUNNER_20260618_181218\samples.csv"
"TFM_BENCH_VR_TEC_RUNNER_20260618_181218","VR_TEC_RUNNER","2026-06-18T18:16:36.0704524+02:00","224,04","Velociraptor","Stopped","3","8732;8860;13880","notepad.exe;notepad.exe;velociraptor-v0.75.6-windows-amd64.exe","C:\Windows\system32\NOTEPAD.EXE;C:\Windows\system32\NOTEPAD.EXE;","1,68","149,41","149,41","112,97","994","39","0","0","0","0","3769,78","2229,77","0","0","False","C:\Users\julio\Desktop\TFM\05_LOGS\BENCHMARKS\TFM_BENCH_VR_TEC_RUNNER_20260618_181218\samples.csv"
"TFM_BENCH_VR_TEC_RUNNER_20260618_181218","VR_TEC_RUNNER","2026-06-18T18:16:38.6807074+02:00","226,65","Velociraptor","Stopped","3","8732;8860;13880","notepad.exe;notepad.exe;velociraptor-v0.75.6-windows-amd64.exe","C:\Windows\system32\NOTEPAD.EXE;C:\Windows\system32\NOTEPAD.EXE;","1,05","151,67","151,67","115,23","997","39","0","0","0","0","3810,91","2188,64","0","0","False","C:\Users\julio\Desktop\TFM\05_LOGS\BENCHMARKS\TFM_BENCH_VR_TEC_RUNNER_20260618_181218\samples.csv"
"TFM_BENCH_VR_TEC_RUNNER_20260618_181218","VR_TEC_RUNNER","2026-06-18T18:16:43.6406530+02:00","231,61","Velociraptor","Stopped","3","8732;8860;13880","notepad.exe;notepad.exe;velociraptor-v0.75.6-windows-amd64.exe","C:\Windows\system32\NOTEPAD.EXE;C:\Windows\system32\NOTEPAD.EXE;","1,97","151,59","151,59","115,14","997","39","0","0","0","0","3836,61","2162,94","0","0","False","C:\Users\julio\Desktop\TFM\05_LOGS\BENCHMARKS\TFM_BENCH_VR_TEC_RUNNER_20260618_181218\samples.csv"
"TFM_BENCH_VR_TEC_RUNNER_20260618_181218","VR_TEC_RUNNER","2026-06-18T18:16:48.4915599+02:00","236,46","Velociraptor","Stopped","3","8732;8860;13880","notepad.exe;notepad.exe;velociraptor-v0.75.6-windows-amd64.exe","C:\Windows\system32\NOTEPAD.EXE;C:\Windows\system32\NOTEPAD.EXE;","4,75","198,34","198,34","161,97","999","39","0","0","0","0","3899,46","2100,09","0","0","False","C:\Users\julio\Desktop\TFM\05_LOGS\BENCHMARKS\TFM_BENCH_VR_TEC_RUNNER_20260618_181218\samples.csv"
"TFM_BENCH_VR_TEC_RUNNER_20260618_181218","VR_TEC_RUNNER","2026-06-18T18:16:53.6128149+02:00","241,58","Velociraptor","Stopped","3","8732;8860;13880","notepad.exe;notepad.exe;velociraptor-v0.75.6-windows-amd64.exe","C:\Windows\system32\NOTEPAD.EXE;C:\Windows\system32\NOTEPAD.EXE;","6,71","181,84","181,84","145,38","1000","39","0","0","0","0","3826,82","2172,73","0","0","False","C:\Users\julio\Desktop\TFM\05_LOGS\BENCHMARKS\TFM_BENCH_VR_TEC_RUNNER_20260618_181218\samples.csv"
"TFM_BENCH_VR_TEC_RUNNER_20260618_181218","VR_TEC_RUNNER","2026-06-18T18:16:56.8987653+02:00","244,87","Velociraptor","Stopped","3","8732;8860;13880","notepad.exe;notepad.exe;velociraptor-v0.75.6-windows-amd64.exe","C:\Windows\system32\NOTEPAD.EXE;C:\Windows\system32\NOTEPAD.EXE;","2,02","153,34","153,34","116,96","1000","39","0","0","0","0","3895,36","2104,19","0","0","False","C:\Users\julio\Desktop\TFM\05_LOGS\BENCHMARKS\TFM_BENCH_VR_TEC_RUNNER_20260618_181218\samples.csv"
"TFM_BENCH_VR_TEC_RUNNER_20260618_181218","VR_TEC_RUNNER","2026-06-18T18:16:59.4875957+02:00","247,45","Velociraptor","Stopped","3","8732;8860;13880","notepad.exe;notepad.exe;velociraptor-v0.75.6-windows-amd64.exe","C:\Windows\system32\NOTEPAD.EXE;C:\Windows\system32\NOTEPAD.EXE;","3,02","156,81","156,81","120,59","1000","39","0","0","0","0","3923,76","2075,79","0","0","False","C:\Users\julio\Desktop\TFM\05_LOGS\BENCHMARKS\TFM_BENCH_VR_TEC_RUNNER_20260618_181218\samples.csv"
"TFM_BENCH_VR_TEC_RUNNER_20260618_181218","VR_TEC_RUNNER","2026-06-18T18:17:01.9326577+02:00","249,9","Velociraptor","Stopped","3","8732;8860;13880","notepad.exe;notepad.exe;velociraptor-v0.75.6-windows-amd64.exe","C:\Windows\system32\NOTEPAD.EXE;C:\Windows\system32\NOTEPAD.EXE;","3,51","164,68","164,68","128,76","1001","39","0","0","0","0","3922,85","2076,7","0","0","False","C:\Users\julio\Desktop\TFM\05_LOGS\BENCHMARKS\TFM_BENCH_VR_TEC_RUNNER_20260618_181218\samples.csv"
"TFM_BENCH_VR_TEC_RUNNER_20260618_181218","VR_TEC_RUNNER","2026-06-18T18:17:04.7025488+02:00","252,67","Velociraptor","Stopped","3","8732;8860;13880","notepad.exe;notepad.exe;velociraptor-v0.75.6-windows-amd64.exe","C:\Windows\system32\NOTEPAD.EXE;C:\Windows\system32\NOTEPAD.EXE;","5,64","149,3","149,3","112,87","999","39","0","0","0","0","3875,52","2124,03","0","0","False","C:\Users\julio\Desktop\TFM\05_LOGS\BENCHMARKS\TFM_BENCH_VR_TEC_RUNNER_20260618_181218\samples.csv"
"TFM_BENCH_VR_TEC_RUNNER_20260618_181218","VR_TEC_RUNNER","2026-06-18T18:17:07.6356310+02:00","255,6","Velociraptor","Stopped","3","8732;8860;13880","notepad.exe;notepad.exe;velociraptor-v0.75.6-windows-amd64.exe","C:\Windows\system32\NOTEPAD.EXE;C:\Windows\system32\NOTEPAD.EXE;","7,46","194,51","194,51","158,12","1003","39","0","0","0","0","3925,34","2074,21","0","0","False","C:\Users\julio\Desktop\TFM\05_LOGS\BENCHMARKS\TFM_BENCH_VR_TEC_RUNNER_20260618_181218\samples.csv"
"TFM_BENCH_VR_TEC_RUNNER_20260618_181218","VR_TEC_RUNNER","2026-06-18T18:17:10.7293893+02:00","258,7","Velociraptor","Stopped","3","8732;8860;13880","notepad.exe;notepad.exe;velociraptor-v0.75.6-windows-amd64.exe","C:\Windows\system32\NOTEPAD.EXE;C:\Windows\system32\NOTEPAD.EXE;","27,02","186,13","186,13","149,48","1001","37","0","0","0","0","3977,3","2022,25","0","0","False","C:\Users\julio\Desktop\TFM\05_LOGS\BENCHMARKS\TFM_BENCH_VR_TEC_RUNNER_20260618_181218\samples.csv"
"TFM_BENCH_VR_TEC_RUNNER_20260618_181218","VR_TEC_RUNNER","2026-06-18T18:17:13.4089091+02:00","261,38","Velociraptor","Stopped","3","8732;8860;13880","notepad.exe;notepad.exe;velociraptor-v0.75.6-windows-amd64.exe","C:\Windows\system32\NOTEPAD.EXE;C:\Windows\system32\NOTEPAD.EXE;","9,62","187,72","187,72","151,04","996","37","0","0","0","0","3942,68","2056,87","0","0","False","C:\Users\julio\Desktop\TFM\05_LOGS\BENCHMARKS\TFM_BENCH_VR_TEC_RUNNER_20260618_181218\samples.csv"
"TFM_BENCH_VR_TEC_RUNNER_20260618_181218","VR_TEC_RUNNER","2026-06-18T18:17:16.0374251+02:00","264","Velociraptor","Stopped","3","8732;8860;13880","notepad.exe;notepad.exe;velociraptor-v0.75.6-windows-amd64.exe","C:\Windows\system32\NOTEPAD.EXE;C:\Windows\system32\NOTEPAD.EXE;","1,19","147,95","147,95","111,34","993","37","0","0","0","0","3866,06","2133,49","0","0","False","C:\Users\julio\Desktop\TFM\05_LOGS\BENCHMARKS\TFM_BENCH_VR_TEC_RUNNER_20260618_181218\samples.csv"
"TFM_BENCH_VR_TEC_RUNNER_20260618_181218","VR_TEC_RUNNER","2026-06-18T18:17:18.5089103+02:00","266,48","Velociraptor","Stopped","3","8732;8860;13880","notepad.exe;notepad.exe;velociraptor-v0.75.6-windows-amd64.exe","C:\Windows\system32\NOTEPAD.EXE;C:\Windows\system32\NOTEPAD.EXE;","6,01","159,8","159,8","123,87","993","37","0","0","0","0","3851,27","2148,28","0","0","False","C:\Users\julio\Desktop\TFM\05_LOGS\BENCHMARKS\TFM_BENCH_VR_TEC_RUNNER_20260618_181218\samples.csv"
"TFM_BENCH_VR_TEC_RUNNER_20260618_181218","VR_TEC_RUNNER","2026-06-18T18:17:20.9381549+02:00","268,9","Velociraptor","Stopped","3","8732;8860;13880","notepad.exe;notepad.exe;velociraptor-v0.75.6-windows-amd64.exe","C:\Windows\system32\NOTEPAD.EXE;C:\Windows\system32\NOTEPAD.EXE;","2,73","160,63","160,63","124,75","993","37","0","0","0","0","3861,2","2138,35","0","0","False","C:\Users\julio\Desktop\TFM\05_LOGS\BENCHMARKS\TFM_BENCH_VR_TEC_RUNNER_20260618_181218\samples.csv"
"TFM_BENCH_VR_TEC_RUNNER_20260618_181218","VR_TEC_RUNNER","2026-06-18T18:17:23.3831660+02:00","271,35","Velociraptor","Stopped","3","8732;8860;13880","notepad.exe;notepad.exe;velociraptor-v0.75.6-windows-amd64.exe","C:\Windows\system32\NOTEPAD.EXE;C:\Windows\system32\NOTEPAD.EXE;","1,6","155,09","155,09","124,83","993","37","0","0","0","0","3816,95","2182,6","0","0","False","C:\Users\julio\Desktop\TFM\05_LOGS\BENCHMARKS\TFM_BENCH_VR_TEC_RUNNER_20260618_181218\samples.csv"
"TFM_BENCH_VR_TEC_RUNNER_20260618_181218","VR_TEC_RUNNER","2026-06-18T18:17:25.7198104+02:00","273,69","Velociraptor","Stopped","3","8732;8860;13880","notepad.exe;notepad.exe;velociraptor-v0.75.6-windows-amd64.exe","C:\Windows\system32\NOTEPAD.EXE;C:\Windows\system32\NOTEPAD.EXE;","4,01","145,3","145,3","111,71","993","37","0","0","0","0","3842,43","2157,12","0","0","False","C:\Users\julio\Desktop\TFM\05_LOGS\BENCHMARKS\TFM_BENCH_VR_TEC_RUNNER_20260618_181218\samples.csv"
"TFM_BENCH_VR_TEC_RUNNER_20260618_181218","VR_TEC_RUNNER","2026-06-18T18:17:28.3043077+02:00","276,27","Velociraptor","Stopped","3","8732;8860;13880","notepad.exe;notepad.exe;velociraptor-v0.75.6-windows-amd64.exe","C:\Windows\system32\NOTEPAD.EXE;C:\Windows\system32\NOTEPAD.EXE;","13,15","190,14","190,14","156,32","997","37","0","0","0","0","3920,7","2078,85","0","0","False","C:\Users\julio\Desktop\TFM\05_LOGS\BENCHMARKS\TFM_BENCH_VR_TEC_RUNNER_20260618_181218\samples.csv"
"TFM_BENCH_VR_TEC_RUNNER_20260618_181218","VR_TEC_RUNNER","2026-06-18T18:17:30.9619219+02:00","278,93","Velociraptor","Stopped","3","8732;8860;13880","notepad.exe;notepad.exe;velociraptor-v0.75.6-windows-amd64.exe","C:\Windows\system32\NOTEPAD.EXE;C:\Windows\system32\NOTEPAD.EXE;","13,23","193,09","193,09","159,17","1001","37","0","0","0","0","3850,41","2149,14","0","0","False","C:\Users\julio\Desktop\TFM\05_LOGS\BENCHMARKS\TFM_BENCH_VR_TEC_RUNNER_20260618_181218\samples.csv"
"TFM_BENCH_VR_TEC_RUNNER_20260618_181218","VR_TEC_RUNNER","2026-06-18T18:17:35.6919500+02:00","283,66","Velociraptor","Stopped","3","8732;8860;13880","notepad.exe;notepad.exe;velociraptor-v0.75.6-windows-amd64.exe","C:\Windows\system32\NOTEPAD.EXE;C:\Windows\system32\NOTEPAD.EXE;","4,71","147,99","147,99","113,94","990","35","0","0","0","0","3818,7","2180,85","0","0","False","C:\Users\julio\Desktop\TFM\05_LOGS\BENCHMARKS\TFM_BENCH_VR_TEC_RUNNER_20260618_181218\samples.csv"
"TFM_BENCH_VR_TEC_RUNNER_20260618_181218","VR_TEC_RUNNER","2026-06-18T18:17:40.5973686+02:00","288,56","Velociraptor","Stopped","3","8732;8860;13880","notepad.exe;notepad.exe;velociraptor-v0.75.6-windows-amd64.exe","C:\Windows\system32\NOTEPAD.EXE;C:\Windows\system32\NOTEPAD.EXE;","0,8","151,56","151,56","117,63","993","35","0","0","0","0","3858,6","2140,95","0","0","False","C:\Users\julio\Desktop\TFM\05_LOGS\BENCHMARKS\TFM_BENCH_VR_TEC_RUNNER_20260618_181218\samples.csv"
"TFM_BENCH_VR_TEC_RUNNER_20260618_181218","VR_TEC_RUNNER","2026-06-18T18:17:45.5081996+02:00","293,47","Velociraptor","Stopped","3","8732;8860;13880","notepad.exe;notepad.exe;velociraptor-v0.75.6-windows-amd64.exe","C:\Windows\system32\NOTEPAD.EXE;C:\Windows\system32\NOTEPAD.EXE;","1,51","151,8","151,8","117,86","990","35","0","0","0","0","3819,78","2179,77","0","0","False","C:\Users\julio\Desktop\TFM\05_LOGS\BENCHMARKS\TFM_BENCH_VR_TEC_RUNNER_20260618_181218\samples.csv"
"TFM_BENCH_VR_TEC_RUNNER_20260618_181218","VR_TEC_RUNNER","2026-06-18T18:17:47.8344625+02:00","295,8","Velociraptor","Stopped","3","8732;8860;13880","notepad.exe;notepad.exe;velociraptor-v0.75.6-windows-amd64.exe","C:\Windows\system32\NOTEPAD.EXE;C:\Windows\system32\NOTEPAD.EXE;","20,49","174,33","174,33","140,27","990","35","0","0","0","0","3811,91","2187,64","0","0","False","C:\Users\julio\Desktop\TFM\05_LOGS\BENCHMARKS\TFM_BENCH_VR_TEC_RUNNER_20260618_181218\samples.csv"
"TFM_BENCH_VR_TEC_RUNNER_20260618_181218","VR_TEC_RUNNER","2026-06-18T18:17:50.1587941+02:00","298,13","Velociraptor","Stopped","3","8732;8860;13880","notepad.exe;notepad.exe;velociraptor-v0.75.6-windows-amd64.exe","C:\Windows\system32\NOTEPAD.EXE;C:\Windows\system32\NOTEPAD.EXE;","3,03","174,34","174,34","140,27","990","35","0","0","0","0","3826,03","2173,52","0","0","False","C:\Users\julio\Desktop\TFM\05_LOGS\BENCHMARKS\TFM_BENCH_VR_TEC_RUNNER_20260618_181218\samples.csv"
